Type,SKU,Name,Published,"Is featured?","Visibility in catalog","Short description",Description,"Sale price","Regular price",Categories,"In stock?",Brands,"Meta: _zad_brand","Meta: _zad_line","Meta: _zad_tr","Meta: _zad_flavor","Meta: _zad_pack","Meta: _zad_units","Meta: _zad_unit"
simple,BK-35C26A,"الوان اكسبريس فستق 30 غرام",1,0,visible,"<p>كيك مغلّف فردياً من الوان (Elvan) بنكهة الفستق، وزن القطعة 30 غرام، يباع بسرعة في البقالات والمقاصف. التعبئة: 24 × 30 غ.</p>","<p><strong>الوان اكسبريس فستق 30 غرام</strong> (<span lang=""tr"">Elvan Ekspres Antep Fıstıklı Kek 30 g</span>): كيك مغلّف فردياً من الوان (Elvan) بنكهة الفستق، وزن القطعة 30 غرام، يباع بسرعة في البقالات والمقاصف. من منتجات الوان (Elvan)، متوفر عندنا بالجملة لمحلات البقالة والماركت في إسطنبول.</p><h2>تفاصيل البيع بالجملة</h2><ul><li>وحدة البيع: علبة فيها 24 قطعة</li><li>التعبئة: 24 × 30 غ</li><li>القسم: الكيك والرول</li><li>العلامة: الوان · Elvan</li></ul><h2>لماذا يطلبه أصحاب المحلات؟</h2><ul><li>وجبة خفيفة مشبعة يطلبها الطلاب والعمال يومياً.</li><li>مغلّف فردياً ومناسب للبيع بالقطعة بجانب المشروبات.</li><li>يُعرض على الرف دون تبريد.</li></ul><h2>التوصيل والدفع</h2><p>نوصل الوان اكسبريس فستق 30 غرام إلى باب محلك أو نرتبه على الرف في كل مناطق إسطنبول، والدفع نقداً عند الاستلام. للطلبات خارج إسطنبول أو خارج تركيا يكون الدفع بتحويل بنكي. تظهر الأسعار بعد فتح حساب جملة وتأكيده عبر واتساب.</p><p>يبحث عنه التجار أيضاً باسم «Elvan Ekspres Antep Fıstıklı Kek 30 g»، و«الوان إكسبريس جملة»، و«إكسبريس جملة اسطنبول».</p>",,200,كيك,1,الوان,elvan,إكسبريس,"Elvan Ekspres Antep Fıstıklı Kek 30 g",pistachio,"24 × 30 غ",24,علبة
simple,BK-23B0B1,"الوان توداي سويس رول بندق 30 غرام",1,1,visible,"<p>كيك من الوان (Elvan) بنكهة البندق، وزن القطعة 30 غرام، من الأصناف التي يطلبها الأطفال والطلاب كل يوم. التعبئة: 24 × 30 غ.</p>","<p><strong>الوان توداي سويس رول بندق 30 غرام</strong> (<span lang=""tr"">Elvan Today Swiss Roll Fındıklı 30 g</span>): كيك من الوان (Elvan) بنكهة البندق، وزن القطعة 30 غرام، من الأصناف التي يطلبها الأطفال والطلاب كل يوم. من منتجات الوان (Elvan)، متوفر عندنا بالجملة لمحلات البقالة والماركت في إسطنبول.</p><h2>تفاصيل البيع بالجملة</h2><ul><li>وحدة البيع: علبة فيها 24 قطعة</li><li>التعبئة: 24 × 30 غ</li><li>القسم: الكيك والرول</li><li>العلامة: الوان · Elvan</li></ul><h2>لماذا يطلبه أصحاب المحلات؟</h2><ul><li>وجبة خفيفة مشبعة يطلبها الطلاب والعمال يومياً.</li><li>مغلّف فردياً ومناسب للبيع بالقطعة بجانب المشروبات.</li><li>يُعرض على الرف دون تبريد.</li></ul><h2>التوصيل والدفع</h2><p>نوصل الوان توداي سويس رول بندق 30 غرام إلى باب محلك أو نرتبه على الرف في كل مناطق إسطنبول، والدفع نقداً عند الاستلام. للطلبات خارج إسطنبول أو خارج تركيا يكون الدفع بتحويل بنكي. تظهر الأسعار بعد فتح حساب جملة وتأكيده عبر واتساب.</p><p>يبحث عنه التجار أيضاً باسم «Elvan Today Swiss Roll Fındıklı 30 g»، و«الوان توداي سويس رول جملة»، و«توداي سويس رول جملة اسطنبول».</p>",,195,كيك,1,الوان,elvan,"توداي سويس رول","Elvan Today Swiss Roll Fındıklı 30 g",hazelnut,"24 × 30 غ",24,علبة
simple,BK-913D54,"الوان توداي سويس رول حليب 30 غرام",1,0,visible,"<p>قطعة كيك طرية من الوان (Elvan) بطعم الحليب، وزن القطعة 30 غرام، مناسبة لرف الكيك قرب الكاشير. التعبئة: 24 × 30 غ.</p>","<p><strong>الوان توداي سويس رول حليب 30 غرام</strong> (<span lang=""tr"">Elvan Today Swiss Roll Sütlü 30 g</span>): قطعة كيك طرية من الوان (Elvan) بطعم الحليب، وزن القطعة 30 غرام، مناسبة لرف الكيك قرب الكاشير. من منتجات الوان (Elvan)، متوفر عندنا بالجملة لمحلات البقالة والماركت في إسطنبول.</p><h2>تفاصيل البيع بالجملة</h2><ul><li>وحدة البيع: علبة فيها 24 قطعة</li><li>التعبئة: 24 × 30 غ</li><li>القسم: الكيك والرول</li><li>العلامة: الوان · Elvan</li></ul><h2>لماذا يطلبه أصحاب المحلات؟</h2><ul><li>وجبة خفيفة مشبعة يطلبها الطلاب والعمال يومياً.</li><li>مغلّف فردياً ومناسب للبيع بالقطعة بجانب المشروبات.</li><li>يُعرض على الرف دون تبريد.</li></ul><h2>التوصيل والدفع</h2><p>نوصل الوان توداي سويس رول حليب 30 غرام إلى باب محلك أو نرتبه على الرف في كل مناطق إسطنبول، والدفع نقداً عند الاستلام. للطلبات خارج إسطنبول أو خارج تركيا يكون الدفع بتحويل بنكي. تظهر الأسعار بعد فتح حساب جملة وتأكيده عبر واتساب.</p><p>يبحث عنه التجار أيضاً باسم «Elvan Today Swiss Roll Sütlü 30 g»، و«الوان توداي سويس رول جملة»، و«توداي سويس رول جملة اسطنبول».</p>",,195,كيك,1,الوان,elvan,"توداي سويس رول","Elvan Today Swiss Roll Sütlü 30 g",milk,"24 × 30 غ",24,علبة
simple,BK-827859,"الوان توداي سويس رول فريز 30 غرام",1,0,visible,"<p>كيك من الوان (Elvan) بنكهة الفراولة، وزن القطعة 30 غرام، من الأصناف التي يطلبها الأطفال والطلاب كل يوم. التعبئة: 24 × 30 غ.</p>","<p><strong>الوان توداي سويس رول فريز 30 غرام</strong> (<span lang=""tr"">Elvan Today Swiss Roll Çilekli 30 g</span>): كيك من الوان (Elvan) بنكهة الفراولة، وزن القطعة 30 غرام، من الأصناف التي يطلبها الأطفال والطلاب كل يوم. من منتجات الوان (Elvan)، متوفر عندنا بالجملة لمحلات البقالة والماركت في إسطنبول.</p><h2>تفاصيل البيع بالجملة</h2><ul><li>وحدة البيع: علبة فيها 24 قطعة</li><li>التعبئة: 24 × 30 غ</li><li>القسم: الكيك والرول</li><li>العلامة: الوان · Elvan</li></ul><h2>لماذا يطلبه أصحاب المحلات؟</h2><ul><li>وجبة خفيفة مشبعة يطلبها الطلاب والعمال يومياً.</li><li>مغلّف فردياً ومناسب للبيع بالقطعة بجانب المشروبات.</li><li>يُعرض على الرف دون تبريد.</li></ul><h2>التوصيل والدفع</h2><p>نوصل الوان توداي سويس رول فريز 30 غرام إلى باب محلك أو نرتبه على الرف في كل مناطق إسطنبول، والدفع نقداً عند الاستلام. للطلبات خارج إسطنبول أو خارج تركيا يكون الدفع بتحويل بنكي. تظهر الأسعار بعد فتح حساب جملة وتأكيده عبر واتساب.</p><p>يبحث عنه التجار أيضاً باسم «Elvan Today Swiss Roll Çilekli 30 g»، و«الوان توداي سويس رول جملة»، و«توداي سويس رول جملة اسطنبول».</p>",,195,كيك,1,الوان,elvan,"توداي سويس رول","Elvan Today Swiss Roll Çilekli 30 g",strawberry,"24 × 30 غ",24,علبة
simple,BK-5C9CCE,"الوان توداي سويس رول موز 30 غرام",1,0,visible,"<p>كيك من الوان (Elvan) بنكهة الموز، وزن القطعة 30 غرام، من الأصناف التي يطلبها الأطفال والطلاب كل يوم. التعبئة: 24 × 30 غ.</p>","<p><strong>الوان توداي سويس رول موز 30 غرام</strong> (<span lang=""tr"">Elvan Today Swiss Roll Muzlu 30 g</span>): كيك من الوان (Elvan) بنكهة الموز، وزن القطعة 30 غرام، من الأصناف التي يطلبها الأطفال والطلاب كل يوم. من منتجات الوان (Elvan)، متوفر عندنا بالجملة لمحلات البقالة والماركت في إسطنبول.</p><h2>تفاصيل البيع بالجملة</h2><ul><li>وحدة البيع: علبة فيها 24 قطعة</li><li>التعبئة: 24 × 30 غ</li><li>القسم: الكيك والرول</li><li>العلامة: الوان · Elvan</li></ul><h2>لماذا يطلبه أصحاب المحلات؟</h2><ul><li>وجبة خفيفة مشبعة يطلبها الطلاب والعمال يومياً.</li><li>مغلّف فردياً ومناسب للبيع بالقطعة بجانب المشروبات.</li><li>يُعرض على الرف دون تبريد.</li></ul><h2>التوصيل والدفع</h2><p>نوصل الوان توداي سويس رول موز 30 غرام إلى باب محلك أو نرتبه على الرف في كل مناطق إسطنبول، والدفع نقداً عند الاستلام. للطلبات خارج إسطنبول أو خارج تركيا يكون الدفع بتحويل بنكي. تظهر الأسعار بعد فتح حساب جملة وتأكيده عبر واتساب.</p><p>يبحث عنه التجار أيضاً باسم «Elvan Today Swiss Roll Muzlu 30 g»، و«الوان توداي سويس رول جملة»، و«توداي سويس رول جملة اسطنبول».</p>",,195,كيك,1,الوان,elvan,"توداي سويس رول","Elvan Today Swiss Roll Muzlu 30 g",banana,"24 × 30 غ",24,علبة
simple,BK-CBCF7A,"الوان توداي كروسان 30 غرام",1,0,visible,"<p>كيك من الوان (Elvan) بنكهة الكاكاو، وزن القطعة 30 غرام، من الأصناف التي يطلبها الأطفال والطلاب كل يوم. التعبئة: 20 × 30 غ.</p>","<p><strong>الوان توداي كروسان 30 غرام</strong> (<span lang=""tr"">Elvan Today Kruvasan 30 g</span>): كيك من الوان (Elvan) بنكهة الكاكاو، وزن القطعة 30 غرام، من الأصناف التي يطلبها الأطفال والطلاب كل يوم. من منتجات الوان (Elvan)، متوفر عندنا بالجملة لمحلات البقالة والماركت في إسطنبول.</p><h2>تفاصيل البيع بالجملة</h2><ul><li>وحدة البيع: علبة فيها 20 قطعة</li><li>التعبئة: 20 × 30 غ</li><li>القسم: الكيك والرول</li><li>العلامة: الوان · Elvan</li></ul><h2>لماذا يطلبه أصحاب المحلات؟</h2><ul><li>وجبة خفيفة مشبعة يطلبها الطلاب والعمال يومياً.</li><li>مغلّف فردياً ومناسب للبيع بالقطعة بجانب المشروبات.</li><li>يُعرض على الرف دون تبريد.</li></ul><h2>التوصيل والدفع</h2><p>نوصل الوان توداي كروسان 30 غرام إلى باب محلك أو نرتبه على الرف في كل مناطق إسطنبول، والدفع نقداً عند الاستلام. للطلبات خارج إسطنبول أو خارج تركيا يكون الدفع بتحويل بنكي. تظهر الأسعار بعد فتح حساب جملة وتأكيده عبر واتساب.</p><p>يبحث عنه التجار أيضاً باسم «Elvan Today Kruvasan 30 g»، و«الوان توداي كروسان جملة»، و«توداي كروسان جملة اسطنبول».</p>",,185,كيك,1,الوان,elvan,"توداي كروسان","Elvan Today Kruvasan 30 g",cocoa,"20 × 30 غ",20,علبة
simple,BK-D2AAE5,"الوان توداي كروسان 40 غرام",1,1,visible,"<p>قطعة كيك طرية من الوان (Elvan) بطعم الكاكاو، وزن القطعة 40 غرام، مناسبة لرف الكيك قرب الكاشير. التعبئة: 20 × 40 غ.</p>","<p><strong>الوان توداي كروسان 40 غرام</strong> (<span lang=""tr"">Elvan Today Kruvasan 40 g</span>): قطعة كيك طرية من الوان (Elvan) بطعم الكاكاو، وزن القطعة 40 غرام، مناسبة لرف الكيك قرب الكاشير. من منتجات الوان (Elvan)، متوفر عندنا بالجملة لمحلات البقالة والماركت في إسطنبول.</p><h2>تفاصيل البيع بالجملة</h2><ul><li>وحدة البيع: علبة فيها 20 قطعة</li><li>التعبئة: 20 × 40 غ</li><li>القسم: الكيك والرول</li><li>العلامة: الوان · Elvan</li></ul><h2>لماذا يطلبه أصحاب المحلات؟</h2><ul><li>وجبة خفيفة مشبعة يطلبها الطلاب والعمال يومياً.</li><li>مغلّف فردياً ومناسب للبيع بالقطعة بجانب المشروبات.</li><li>يُعرض على الرف دون تبريد.</li></ul><h2>التوصيل والدفع</h2><p>نوصل الوان توداي كروسان 40 غرام إلى باب محلك أو نرتبه على الرف في كل مناطق إسطنبول، والدفع نقداً عند الاستلام. للطلبات خارج إسطنبول أو خارج تركيا يكون الدفع بتحويل بنكي. تظهر الأسعار بعد فتح حساب جملة وتأكيده عبر واتساب.</p><p>يبحث عنه التجار أيضاً باسم «Elvan Today Kruvasan 40 g»، و«الوان توداي كروسان جملة»، و«توداي كروسان جملة اسطنبول».</p>",,215,كيك,1,الوان,elvan,"توداي كروسان","Elvan Today Kruvasan 40 g",cocoa,"20 × 40 غ",20,علبة
simple,BK-477299,"الوان دبي بي 40 غرام",1,1,visible,"<p>كيك مغلّف فردياً من الوان (Elvan) بنكهة الفستق والكنافة، وزن القطعة 40 غرام، يباع بسرعة في البقالات والمقاصف. التعبئة: 24 × 40 غ.</p>","<p><strong>الوان دبي بي 40 غرام</strong> (<span lang=""tr"">Elvan Dubai Kek 40 g</span>): كيك مغلّف فردياً من الوان (Elvan) بنكهة الفستق والكنافة، وزن القطعة 40 غرام، يباع بسرعة في البقالات والمقاصف. من منتجات الوان (Elvan)، متوفر عندنا بالجملة لمحلات البقالة والماركت في إسطنبول.</p><h2>تفاصيل البيع بالجملة</h2><ul><li>وحدة البيع: علبة فيها 24 قطعة</li><li>التعبئة: 24 × 40 غ</li><li>القسم: الكيك والرول</li><li>العلامة: الوان · Elvan</li></ul><h2>لماذا يطلبه أصحاب المحلات؟</h2><ul><li>وجبة خفيفة مشبعة يطلبها الطلاب والعمال يومياً.</li><li>مغلّف فردياً ومناسب للبيع بالقطعة بجانب المشروبات.</li><li>يُعرض على الرف دون تبريد.</li></ul><h2>التوصيل والدفع</h2><p>نوصل الوان دبي بي 40 غرام إلى باب محلك أو نرتبه على الرف في كل مناطق إسطنبول، والدفع نقداً عند الاستلام. للطلبات خارج إسطنبول أو خارج تركيا يكون الدفع بتحويل بنكي. تظهر الأسعار بعد فتح حساب جملة وتأكيده عبر واتساب.</p><p>يبحث عنه التجار أيضاً باسم «Elvan Dubai Kek 40 g»، و«الوان دبي جملة»، و«دبي جملة اسطنبول».</p>",,225,كيك,1,الوان,elvan,دبي,"Elvan Dubai Kek 40 g",kunafa,"24 × 40 غ",24,علبة
simple,BK-6AB46E,"الوان ريد فيلفيت 30 غرام",1,0,visible,"<p>قطعة كيك طرية من الوان (Elvan) بطعم الكرز، وزن القطعة 30 غرام، مناسبة لرف الكيك قرب الكاشير. التعبئة: 24 × 30 غ.</p>","<p><strong>الوان ريد فيلفيت 30 غرام</strong> (<span lang=""tr"">Elvan Today Red Velvet Kek 30 g</span>): قطعة كيك طرية من الوان (Elvan) بطعم الكرز، وزن القطعة 30 غرام، مناسبة لرف الكيك قرب الكاشير. من منتجات الوان (Elvan)، متوفر عندنا بالجملة لمحلات البقالة والماركت في إسطنبول.</p><h2>تفاصيل البيع بالجملة</h2><ul><li>وحدة البيع: علبة فيها 24 قطعة</li><li>التعبئة: 24 × 30 غ</li><li>القسم: الكيك والرول</li><li>العلامة: الوان · Elvan</li></ul><h2>لماذا يطلبه أصحاب المحلات؟</h2><ul><li>وجبة خفيفة مشبعة يطلبها الطلاب والعمال يومياً.</li><li>مغلّف فردياً ومناسب للبيع بالقطعة بجانب المشروبات.</li><li>يُعرض على الرف دون تبريد.</li></ul><h2>التوصيل والدفع</h2><p>نوصل الوان ريد فيلفيت 30 غرام إلى باب محلك أو نرتبه على الرف في كل مناطق إسطنبول، والدفع نقداً عند الاستلام. للطلبات خارج إسطنبول أو خارج تركيا يكون الدفع بتحويل بنكي. تظهر الأسعار بعد فتح حساب جملة وتأكيده عبر واتساب.</p><p>يبحث عنه التجار أيضاً باسم «Elvan Today Red Velvet Kek 30 g»، و«الوان ريد فيلفيت جملة»، و«ريد فيلفيت جملة اسطنبول».</p>",,190,كيك,1,الوان,elvan,"ريد فيلفيت","Elvan Today Red Velvet Kek 30 g",cherry,"24 × 30 غ",24,علبة
simple,BK-7A4D72,"الوان سنو بال فستق 35 غرام",1,0,visible,"<p>كيك من الوان (Elvan) بنكهة الفستق، وزن القطعة 35 غرام، من الأصناف التي يطلبها الأطفال والطلاب كل يوم. التعبئة: 24 × 35 غ.</p>","<p><strong>الوان سنو بال فستق 35 غرام</strong> (<span lang=""tr"">Elvan Snowball Antep Fıstıklı 35 g</span>): كيك من الوان (Elvan) بنكهة الفستق، وزن القطعة 35 غرام، من الأصناف التي يطلبها الأطفال والطلاب كل يوم. من منتجات الوان (Elvan)، متوفر عندنا بالجملة لمحلات البقالة والماركت في إسطنبول.</p><h2>تفاصيل البيع بالجملة</h2><ul><li>وحدة البيع: علبة فيها 24 قطعة</li><li>التعبئة: 24 × 35 غ</li><li>القسم: الكيك والرول</li><li>العلامة: الوان · Elvan</li></ul><h2>لماذا يطلبه أصحاب المحلات؟</h2><ul><li>وجبة خفيفة مشبعة يطلبها الطلاب والعمال يومياً.</li><li>مغلّف فردياً ومناسب للبيع بالقطعة بجانب المشروبات.</li><li>يُعرض على الرف دون تبريد.</li></ul><h2>التوصيل والدفع</h2><p>نوصل الوان سنو بال فستق 35 غرام إلى باب محلك أو نرتبه على الرف في كل مناطق إسطنبول، والدفع نقداً عند الاستلام. للطلبات خارج إسطنبول أو خارج تركيا يكون الدفع بتحويل بنكي. تظهر الأسعار بعد فتح حساب جملة وتأكيده عبر واتساب.</p><p>يبحث عنه التجار أيضاً باسم «Elvan Snowball Antep Fıstıklı 35 g»، و«الوان سنو بول جملة»، و«سنو بول جملة اسطنبول».</p>",,195,كيك,1,الوان,elvan,"سنو بول","Elvan Snowball Antep Fıstıklı 35 g",pistachio,"24 × 35 غ",24,علبة
simple,BK-362722,"الوان غولديز ابيض 30 غرام",1,0,visible,"<p>قطعة كيك طرية من الوان (Elvan) بطعم الشوكولاتة البيضاء، وزن القطعة 30 غرام، مناسبة لرف الكيك قرب الكاشير. التعبئة: 24 × 30 غ.</p>","<p><strong>الوان غولديز ابيض 30 غرام</strong> (<span lang=""tr"">Elvan Goldies Kek Beyaz 30 g</span>): قطعة كيك طرية من الوان (Elvan) بطعم الشوكولاتة البيضاء، وزن القطعة 30 غرام، مناسبة لرف الكيك قرب الكاشير. من منتجات الوان (Elvan)، متوفر عندنا بالجملة لمحلات البقالة والماركت في إسطنبول.</p><h2>تفاصيل البيع بالجملة</h2><ul><li>وحدة البيع: علبة فيها 24 قطعة</li><li>التعبئة: 24 × 30 غ</li><li>القسم: الكيك والرول</li><li>العلامة: الوان · Elvan</li></ul><h2>لماذا يطلبه أصحاب المحلات؟</h2><ul><li>وجبة خفيفة مشبعة يطلبها الطلاب والعمال يومياً.</li><li>مغلّف فردياً ومناسب للبيع بالقطعة بجانب المشروبات.</li><li>يُعرض على الرف دون تبريد.</li></ul><h2>التوصيل والدفع</h2><p>نوصل الوان غولديز ابيض 30 غرام إلى باب محلك أو نرتبه على الرف في كل مناطق إسطنبول، والدفع نقداً عند الاستلام. للطلبات خارج إسطنبول أو خارج تركيا يكون الدفع بتحويل بنكي. تظهر الأسعار بعد فتح حساب جملة وتأكيده عبر واتساب.</p><p>يبحث عنه التجار أيضاً باسم «Elvan Goldies Kek Beyaz 30 g»، و«الوان غولديز جملة»، و«غولديز جملة اسطنبول».</p>",,195,كيك,1,الوان,elvan,غولديز,"Elvan Goldies Kek Beyaz 30 g",white,"24 × 30 غ",24,علبة
simple,BK-EAB261,"الوان غولديز احمر 30 غرام",1,0,visible,"<p>كيك مغلّف فردياً من الوان (Elvan) بنكهة الفراولة، وزن القطعة 30 غرام، يباع بسرعة في البقالات والمقاصف. التعبئة: 24 × 30 غ.</p>","<p><strong>الوان غولديز احمر 30 غرام</strong> (<span lang=""tr"">Elvan Goldies Kek Kırmızı 30 g</span>): كيك مغلّف فردياً من الوان (Elvan) بنكهة الفراولة، وزن القطعة 30 غرام، يباع بسرعة في البقالات والمقاصف. من منتجات الوان (Elvan)، متوفر عندنا بالجملة لمحلات البقالة والماركت في إسطنبول.</p><h2>تفاصيل البيع بالجملة</h2><ul><li>وحدة البيع: علبة فيها 24 قطعة</li><li>التعبئة: 24 × 30 غ</li><li>القسم: الكيك والرول</li><li>العلامة: الوان · Elvan</li></ul><h2>لماذا يطلبه أصحاب المحلات؟</h2><ul><li>وجبة خفيفة مشبعة يطلبها الطلاب والعمال يومياً.</li><li>مغلّف فردياً ومناسب للبيع بالقطعة بجانب المشروبات.</li><li>يُعرض على الرف دون تبريد.</li></ul><h2>التوصيل والدفع</h2><p>نوصل الوان غولديز احمر 30 غرام إلى باب محلك أو نرتبه على الرف في كل مناطق إسطنبول، والدفع نقداً عند الاستلام. للطلبات خارج إسطنبول أو خارج تركيا يكون الدفع بتحويل بنكي. تظهر الأسعار بعد فتح حساب جملة وتأكيده عبر واتساب.</p><p>يبحث عنه التجار أيضاً باسم «Elvan Goldies Kek Kırmızı 30 g»، و«الوان غولديز جملة»، و«غولديز جملة اسطنبول».</p>",,195,كيك,1,الوان,elvan,غولديز,"Elvan Goldies Kek Kırmızı 30 g",strawberry,"24 × 30 غ",24,علبة
simple,BK-5ACF0A,"الوان غولديز ازرق 30 غرام",1,0,visible,"<p>قطعة كيك طرية من الوان (Elvan) بطعم الحليب، وزن القطعة 30 غرام، مناسبة لرف الكيك قرب الكاشير. التعبئة: 24 × 30 غ.</p>","<p><strong>الوان غولديز ازرق 30 غرام</strong> (<span lang=""tr"">Elvan Goldies Kek Mavi 30 g</span>): قطعة كيك طرية من الوان (Elvan) بطعم الحليب، وزن القطعة 30 غرام، مناسبة لرف الكيك قرب الكاشير. من منتجات الوان (Elvan)، متوفر عندنا بالجملة لمحلات البقالة والماركت في إسطنبول.</p><h2>تفاصيل البيع بالجملة</h2><ul><li>وحدة البيع: علبة فيها 24 قطعة</li><li>التعبئة: 24 × 30 غ</li><li>القسم: الكيك والرول</li><li>العلامة: الوان · Elvan</li></ul><h2>لماذا يطلبه أصحاب المحلات؟</h2><ul><li>وجبة خفيفة مشبعة يطلبها الطلاب والعمال يومياً.</li><li>مغلّف فردياً ومناسب للبيع بالقطعة بجانب المشروبات.</li><li>يُعرض على الرف دون تبريد.</li></ul><h2>التوصيل والدفع</h2><p>نوصل الوان غولديز ازرق 30 غرام إلى باب محلك أو نرتبه على الرف في كل مناطق إسطنبول، والدفع نقداً عند الاستلام. للطلبات خارج إسطنبول أو خارج تركيا يكون الدفع بتحويل بنكي. تظهر الأسعار بعد فتح حساب جملة وتأكيده عبر واتساب.</p><p>يبحث عنه التجار أيضاً باسم «Elvan Goldies Kek Mavi 30 g»، و«الوان غولديز جملة»، و«غولديز جملة اسطنبول».</p>",,195,كيك,1,الوان,elvan,غولديز,"Elvan Goldies Kek Mavi 30 g",milk,"24 × 30 غ",24,علبة
simple,BK-C8DFD8,"الوان غولديز زهري 30 غرام",1,0,visible,"<p>كيك مغلّف فردياً من الوان (Elvan) بنكهة التوت، وزن القطعة 30 غرام، يباع بسرعة في البقالات والمقاصف. التعبئة: 24 × 30 غ.</p>","<p><strong>الوان غولديز زهري 30 غرام</strong> (<span lang=""tr"">Elvan Goldies Kek Pembe 30 g</span>): كيك مغلّف فردياً من الوان (Elvan) بنكهة التوت، وزن القطعة 30 غرام، يباع بسرعة في البقالات والمقاصف. من منتجات الوان (Elvan)، متوفر عندنا بالجملة لمحلات البقالة والماركت في إسطنبول.</p><h2>تفاصيل البيع بالجملة</h2><ul><li>وحدة البيع: علبة فيها 24 قطعة</li><li>التعبئة: 24 × 30 غ</li><li>القسم: الكيك والرول</li><li>العلامة: الوان · Elvan</li></ul><h2>لماذا يطلبه أصحاب المحلات؟</h2><ul><li>وجبة خفيفة مشبعة يطلبها الطلاب والعمال يومياً.</li><li>مغلّف فردياً ومناسب للبيع بالقطعة بجانب المشروبات.</li><li>يُعرض على الرف دون تبريد.</li></ul><h2>التوصيل والدفع</h2><p>نوصل الوان غولديز زهري 30 غرام إلى باب محلك أو نرتبه على الرف في كل مناطق إسطنبول، والدفع نقداً عند الاستلام. للطلبات خارج إسطنبول أو خارج تركيا يكون الدفع بتحويل بنكي. تظهر الأسعار بعد فتح حساب جملة وتأكيده عبر واتساب.</p><p>يبحث عنه التجار أيضاً باسم «Elvan Goldies Kek Pembe 30 g»، و«الوان غولديز جملة»، و«غولديز جملة اسطنبول».</p>",,195,كيك,1,الوان,elvan,غولديز,"Elvan Goldies Kek Pembe 30 g",raspberry,"24 × 30 غ",24,علبة
simple,BK-68E2BC,"الوان غولديز عسل 40 غرام",1,0,visible,"<p>كيك مغلّف فردياً من الوان (Elvan) بنكهة العسل، وزن القطعة 40 غرام، يباع بسرعة في البقالات والمقاصف. التعبئة: 24 × 40 غ.</p>","<p><strong>الوان غولديز عسل 40 غرام</strong> (<span lang=""tr"">Elvan Goldies Ballı Kek 40 g</span>): كيك مغلّف فردياً من الوان (Elvan) بنكهة العسل، وزن القطعة 40 غرام، يباع بسرعة في البقالات والمقاصف. من منتجات الوان (Elvan)، متوفر عندنا بالجملة لمحلات البقالة والماركت في إسطنبول.</p><h2>تفاصيل البيع بالجملة</h2><ul><li>وحدة البيع: علبة فيها 24 قطعة</li><li>التعبئة: 24 × 40 غ</li><li>القسم: الكيك والرول</li><li>العلامة: الوان · Elvan</li></ul><h2>لماذا يطلبه أصحاب المحلات؟</h2><ul><li>وجبة خفيفة مشبعة يطلبها الطلاب والعمال يومياً.</li><li>مغلّف فردياً ومناسب للبيع بالقطعة بجانب المشروبات.</li><li>يُعرض على الرف دون تبريد.</li></ul><h2>التوصيل والدفع</h2><p>نوصل الوان غولديز عسل 40 غرام إلى باب محلك أو نرتبه على الرف في كل مناطق إسطنبول، والدفع نقداً عند الاستلام. للطلبات خارج إسطنبول أو خارج تركيا يكون الدفع بتحويل بنكي. تظهر الأسعار بعد فتح حساب جملة وتأكيده عبر واتساب.</p><p>يبحث عنه التجار أيضاً باسم «Elvan Goldies Ballı Kek 40 g»، و«الوان غولديز جملة»، و«غولديز جملة اسطنبول».</p>",,225,كيك,1,الوان,elvan,غولديز,"Elvan Goldies Ballı Kek 40 g",honey,"24 × 40 غ",24,علبة
simple,BK-DD09EE,"الوان فيوريلا غوفريت دارك 26 غرام",1,0,visible,"<p>لوح من الوان (Elvan) بنكهة الشوكولاتة الداكنة، وزن القطعة 26 غرام، مطلوب في البقالات وأكشاك المدارس. التعبئة: 24 × 26 غ.</p>","<p><strong>الوان فيوريلا غوفريت دارك 26 غرام</strong> (<span lang=""tr"">Elvan Fiorella Bitter Gofret 26 g</span>): لوح من الوان (Elvan) بنكهة الشوكولاتة الداكنة، وزن القطعة 26 غرام، مطلوب في البقالات وأكشاك المدارس. من منتجات الوان (Elvan)، متوفر عندنا بالجملة لمحلات البقالة والماركت في إسطنبول.</p><h2>تفاصيل البيع بالجملة</h2><ul><li>وحدة البيع: علبة فيها 24 قطعة</li><li>التعبئة: 24 × 26 غ</li><li>القسم: الشوكولاتة والويفر</li><li>العلامة: الوان · Elvan</li></ul><h2>لماذا يطلبه أصحاب المحلات؟</h2><ul><li>صنف شراء سريع قرب الكاشير.</li><li>سعر القطعة صغير فيشجع الشراء المتكرر.</li><li>مطلوب لدى الأطفال والشباب.</li></ul><h2>التوصيل والدفع</h2><p>نوصل الوان فيوريلا غوفريت دارك 26 غرام إلى باب محلك أو نرتبه على الرف في كل مناطق إسطنبول، والدفع نقداً عند الاستلام. للطلبات خارج إسطنبول أو خارج تركيا يكون الدفع بتحويل بنكي. تظهر الأسعار بعد فتح حساب جملة وتأكيده عبر واتساب.</p><p>يبحث عنه التجار أيضاً باسم «Elvan Fiorella Bitter Gofret 26 g»، و«الوان فيوريلا جملة»، و«فيوريلا جملة اسطنبول».</p>",,200,شوكولاتة,1,الوان,elvan,فيوريلا,"Elvan Fiorella Bitter Gofret 26 g",dark,"24 × 26 غ",24,علبة
simple,BK-F06FBE,"الوليرو كوكيز موزاييك 24 غرام",1,0,visible,"<p>بسكويت مقرمش من اوليرو (Olivero) بنكهة الموزاييك، وزن القطعة 24 غرام، يناسب الضيافة والشاي ووجبات المدرسة. التعبئة: 24 × 24 غ.</p>","<p><strong>الوليرو كوكيز موزاييك 24 غرام</strong> (<span lang=""tr"">Olivero Cookie Mozaik 24 g</span>): بسكويت مقرمش من اوليرو (Olivero) بنكهة الموزاييك، وزن القطعة 24 غرام، يناسب الضيافة والشاي ووجبات المدرسة. من منتجات اوليرو (Olivero)، متوفر عندنا بالجملة لمحلات البقالة والماركت في إسطنبول.</p><h2>تفاصيل البيع بالجملة</h2><ul><li>وحدة البيع: علبة فيها 24 قطعة</li><li>التعبئة: 24 × 24 غ</li><li>القسم: البسكويت والكوكيز</li><li>العلامة: اوليرو · Olivero</li></ul><h2>لماذا يطلبه أصحاب المحلات؟</h2><ul><li>من أكثر الأصناف دوراناً في البقالات طوال العام.</li><li>مناسب للضيافة ووقت الشاي والمدارس.</li><li>هامش ربح جيد عند البيع بالقطعة.</li></ul><h2>التوصيل والدفع</h2><p>نوصل الوليرو كوكيز موزاييك 24 غرام إلى باب محلك أو نرتبه على الرف في كل مناطق إسطنبول، والدفع نقداً عند الاستلام. للطلبات خارج إسطنبول أو خارج تركيا يكون الدفع بتحويل بنكي. تظهر الأسعار بعد فتح حساب جملة وتأكيده عبر واتساب.</p><p>يبحث عنه التجار أيضاً باسم «Olivero Cookie Mozaik 24 g»، و«اوليرو كوكيز جملة»، و«كوكيز جملة اسطنبول».</p>",,85,بسكويت,1,اوليرو,olivero,كوكيز,"Olivero Cookie Mozaik 24 g",mosaic,"24 × 24 غ",24,علبة
simple,BK-1FF29A,"اني اكس لارج باستا 40 غرام",1,0,visible,"<p>كيك مغلّف فردياً من اني (Ani) بنكهة الشوكولاتة، وزن القطعة 40 غرام، يباع بسرعة في البقالات والمقاصف. التعبئة: 24 × 40 غ.</p>","<p><strong>اني اكس لارج باستا 40 غرام</strong> (<span lang=""tr"">Ani XL Pasta Kek 40 g</span>): كيك مغلّف فردياً من اني (Ani) بنكهة الشوكولاتة، وزن القطعة 40 غرام، يباع بسرعة في البقالات والمقاصف. من منتجات اني (Ani)، متوفر عندنا بالجملة لمحلات البقالة والماركت في إسطنبول.</p><h2>تفاصيل البيع بالجملة</h2><ul><li>وحدة البيع: علبة فيها 24 قطعة</li><li>التعبئة: 24 × 40 غ</li><li>القسم: الكيك والرول</li><li>العلامة: اني · Ani</li></ul><h2>لماذا يطلبه أصحاب المحلات؟</h2><ul><li>وجبة خفيفة مشبعة يطلبها الطلاب والعمال يومياً.</li><li>مغلّف فردياً ومناسب للبيع بالقطعة بجانب المشروبات.</li><li>يُعرض على الرف دون تبريد.</li></ul><h2>التوصيل والدفع</h2><p>نوصل اني اكس لارج باستا 40 غرام إلى باب محلك أو نرتبه على الرف في كل مناطق إسطنبول، والدفع نقداً عند الاستلام. للطلبات خارج إسطنبول أو خارج تركيا يكون الدفع بتحويل بنكي. تظهر الأسعار بعد فتح حساب جملة وتأكيده عبر واتساب.</p><p>يبحث عنه التجار أيضاً باسم «Ani XL Pasta Kek 40 g»، و«اني إكس لارج باستا جملة»، و«إكس لارج باستا جملة اسطنبول».</p>",,170,كيك,1,اني,ani,"إكس لارج باستا","Ani XL Pasta Kek 40 g",chocolate,"24 × 40 غ",24,علبة
simple,BK-C64238,"اني انفينيتي كيك 40 غرام",1,0,visible,"<p>قطعة كيك طرية من اني (Ani) بطعم الشوكولاتة، وزن القطعة 40 غرام، مناسبة لرف الكيك قرب الكاشير. التعبئة: 24 × 40 غ.</p>","<p><strong>اني انفينيتي كيك 40 غرام</strong> (<span lang=""tr"">Ani Infinity Kek 40 g</span>): قطعة كيك طرية من اني (Ani) بطعم الشوكولاتة، وزن القطعة 40 غرام، مناسبة لرف الكيك قرب الكاشير. من منتجات اني (Ani)، متوفر عندنا بالجملة لمحلات البقالة والماركت في إسطنبول.</p><h2>تفاصيل البيع بالجملة</h2><ul><li>وحدة البيع: علبة فيها 24 قطعة</li><li>التعبئة: 24 × 40 غ</li><li>القسم: الكيك والرول</li><li>العلامة: اني · Ani</li></ul><h2>لماذا يطلبه أصحاب المحلات؟</h2><ul><li>وجبة خفيفة مشبعة يطلبها الطلاب والعمال يومياً.</li><li>مغلّف فردياً ومناسب للبيع بالقطعة بجانب المشروبات.</li><li>يُعرض على الرف دون تبريد.</li></ul><h2>التوصيل والدفع</h2><p>نوصل اني انفينيتي كيك 40 غرام إلى باب محلك أو نرتبه على الرف في كل مناطق إسطنبول، والدفع نقداً عند الاستلام. للطلبات خارج إسطنبول أو خارج تركيا يكون الدفع بتحويل بنكي. تظهر الأسعار بعد فتح حساب جملة وتأكيده عبر واتساب.</p><p>يبحث عنه التجار أيضاً باسم «Ani Infinity Kek 40 g»، و«اني إنفينيتي جملة»، و«إنفينيتي جملة اسطنبول».</p>",,170,كيك,1,اني,ani,إنفينيتي,"Ani Infinity Kek 40 g",chocolate,"24 × 40 غ",24,علبة
simple,BK-3CE187,"اني براو ريو 55 غرام",1,0,visible,"<p>قطعة كيك طرية من اني (Ani) بطعم الكاكاو، وزن القطعة 55 غرام، مناسبة لرف الكيك قرب الكاشير. التعبئة: 24 × 55 غ.</p>","<p><strong>اني براو ريو 55 غرام</strong> (<span lang=""tr"">Ani Brau Rio Kek 55 g</span>): قطعة كيك طرية من اني (Ani) بطعم الكاكاو، وزن القطعة 55 غرام، مناسبة لرف الكيك قرب الكاشير. من منتجات اني (Ani)، متوفر عندنا بالجملة لمحلات البقالة والماركت في إسطنبول.</p><h2>تفاصيل البيع بالجملة</h2><ul><li>وحدة البيع: علبة فيها 24 قطعة</li><li>التعبئة: 24 × 55 غ</li><li>القسم: الكيك والرول</li><li>العلامة: اني · Ani</li></ul><h2>لماذا يطلبه أصحاب المحلات؟</h2><ul><li>وجبة خفيفة مشبعة يطلبها الطلاب والعمال يومياً.</li><li>مغلّف فردياً ومناسب للبيع بالقطعة بجانب المشروبات.</li><li>يُعرض على الرف دون تبريد.</li></ul><h2>التوصيل والدفع</h2><p>نوصل اني براو ريو 55 غرام إلى باب محلك أو نرتبه على الرف في كل مناطق إسطنبول، والدفع نقداً عند الاستلام. للطلبات خارج إسطنبول أو خارج تركيا يكون الدفع بتحويل بنكي. تظهر الأسعار بعد فتح حساب جملة وتأكيده عبر واتساب.</p><p>يبحث عنه التجار أيضاً باسم «Ani Brau Rio Kek 55 g»، و«اني براو جملة»، و«براو جملة اسطنبول».</p>",,215,كيك,1,اني,ani,براو,"Ani Brau Rio Kek 55 g",cocoa,"24 × 55 غ",24,علبة
simple,BK-15AAAB,"اني براو ستار صفراء 60 غرام",1,0,visible,"<p>قطعة كيك طرية من اني (Ani) بطعم الموز، وزن القطعة 60 غرام، مناسبة لرف الكيك قرب الكاشير. التعبئة: 24 × 60 غ.</p>","<p><strong>اني براو ستار صفراء 60 غرام</strong> (<span lang=""tr"">Ani Brau Star Sarı Kek 60 g</span>): قطعة كيك طرية من اني (Ani) بطعم الموز، وزن القطعة 60 غرام، مناسبة لرف الكيك قرب الكاشير. من منتجات اني (Ani)، متوفر عندنا بالجملة لمحلات البقالة والماركت في إسطنبول.</p><h2>تفاصيل البيع بالجملة</h2><ul><li>وحدة البيع: علبة فيها 24 قطعة</li><li>التعبئة: 24 × 60 غ</li><li>القسم: الكيك والرول</li><li>العلامة: اني · Ani</li></ul><h2>لماذا يطلبه أصحاب المحلات؟</h2><ul><li>وجبة خفيفة مشبعة يطلبها الطلاب والعمال يومياً.</li><li>مغلّف فردياً ومناسب للبيع بالقطعة بجانب المشروبات.</li><li>يُعرض على الرف دون تبريد.</li></ul><h2>التوصيل والدفع</h2><p>نوصل اني براو ستار صفراء 60 غرام إلى باب محلك أو نرتبه على الرف في كل مناطق إسطنبول، والدفع نقداً عند الاستلام. للطلبات خارج إسطنبول أو خارج تركيا يكون الدفع بتحويل بنكي. تظهر الأسعار بعد فتح حساب جملة وتأكيده عبر واتساب.</p><p>يبحث عنه التجار أيضاً باسم «Ani Brau Star Sarı Kek 60 g»، و«اني براو جملة»، و«براو جملة اسطنبول».</p>",,200,كيك,1,اني,ani,براو,"Ani Brau Star Sarı Kek 60 g",banana,"24 × 60 غ",24,علبة
simple,BK-D26634,"اني بسكويت سادة 200 غرام",1,0,visible,"<p>بسكويت مقرمش من اني (Ani) بطعمه الكلاسيكي، وزن القطعة 200 غرام، يناسب الضيافة والشاي ووجبات المدرسة. التعبئة: 12 × 200 غ.</p>","<p><strong>اني بسكويت سادة 200 غرام</strong> (<span lang=""tr"">Ani Sade Bisküvi 200 g</span>): بسكويت مقرمش من اني (Ani) بطعمه الكلاسيكي، وزن القطعة 200 غرام، يناسب الضيافة والشاي ووجبات المدرسة. من منتجات اني (Ani)، متوفر عندنا بالجملة لمحلات البقالة والماركت في إسطنبول.</p><h2>تفاصيل البيع بالجملة</h2><ul><li>وحدة البيع: علبة فيها 12 قطعة</li><li>التعبئة: 12 × 200 غ</li><li>القسم: البسكويت والكوكيز</li><li>العلامة: اني · Ani</li></ul><h2>لماذا يطلبه أصحاب المحلات؟</h2><ul><li>من أكثر الأصناف دوراناً في البقالات طوال العام.</li><li>مناسب للضيافة ووقت الشاي والمدارس.</li><li>هامش ربح جيد عند البيع بالقطعة.</li></ul><h2>التوصيل والدفع</h2><p>نوصل اني بسكويت سادة 200 غرام إلى باب محلك أو نرتبه على الرف في كل مناطق إسطنبول، والدفع نقداً عند الاستلام. للطلبات خارج إسطنبول أو خارج تركيا يكون الدفع بتحويل بنكي. تظهر الأسعار بعد فتح حساب جملة وتأكيده عبر واتساب.</p><p>يبحث عنه التجار أيضاً باسم «Ani Sade Bisküvi 200 g»، و«اني بسكويت سادة جملة»، و«بسكويت سادة جملة اسطنبول».</p>",,250,بسكويت,1,اني,ani,"بسكويت سادة","Ani Sade Bisküvi 200 g",plain,"12 × 200 غ",12,علبة
simple,BK-6E9236,"اني تروي ابيض 50 غرام",1,0,visible,"<p>كيك مغلّف فردياً من اني (Ani) بنكهة الشوكولاتة البيضاء، وزن القطعة 50 غرام، يباع بسرعة في البقالات والمقاصف. التعبئة: 24 × 50 غ.</p>","<p><strong>اني تروي ابيض 50 غرام</strong> (<span lang=""tr"">Ani Troy Beyaz Kek 50 g</span>): كيك مغلّف فردياً من اني (Ani) بنكهة الشوكولاتة البيضاء، وزن القطعة 50 غرام، يباع بسرعة في البقالات والمقاصف. من منتجات اني (Ani)، متوفر عندنا بالجملة لمحلات البقالة والماركت في إسطنبول.</p><h2>تفاصيل البيع بالجملة</h2><ul><li>وحدة البيع: علبة فيها 24 قطعة</li><li>التعبئة: 24 × 50 غ</li><li>القسم: الكيك والرول</li><li>العلامة: اني · Ani</li></ul><h2>لماذا يطلبه أصحاب المحلات؟</h2><ul><li>وجبة خفيفة مشبعة يطلبها الطلاب والعمال يومياً.</li><li>مغلّف فردياً ومناسب للبيع بالقطعة بجانب المشروبات.</li><li>يُعرض على الرف دون تبريد.</li></ul><h2>التوصيل والدفع</h2><p>نوصل اني تروي ابيض 50 غرام إلى باب محلك أو نرتبه على الرف في كل مناطق إسطنبول، والدفع نقداً عند الاستلام. للطلبات خارج إسطنبول أو خارج تركيا يكون الدفع بتحويل بنكي. تظهر الأسعار بعد فتح حساب جملة وتأكيده عبر واتساب.</p><p>يبحث عنه التجار أيضاً باسم «Ani Troy Beyaz Kek 50 g»، و«اني تروي جملة»، و«تروي جملة اسطنبول».</p>",,200,كيك,1,اني,ani,تروي,"Ani Troy Beyaz Kek 50 g",white,"24 × 50 غ",24,علبة
simple,BK-06D94E,"اني تروي احمر 50 غرام",1,0,visible,"<p>قطعة كيك طرية من اني (Ani) بطعم الكرز، وزن القطعة 50 غرام، مناسبة لرف الكيك قرب الكاشير. التعبئة: 24 × 50 غ.</p>","<p><strong>اني تروي احمر 50 غرام</strong> (<span lang=""tr"">Ani Troy Kırmızı Kek 50 g</span>): قطعة كيك طرية من اني (Ani) بطعم الكرز، وزن القطعة 50 غرام، مناسبة لرف الكيك قرب الكاشير. من منتجات اني (Ani)، متوفر عندنا بالجملة لمحلات البقالة والماركت في إسطنبول.</p><h2>تفاصيل البيع بالجملة</h2><ul><li>وحدة البيع: علبة فيها 24 قطعة</li><li>التعبئة: 24 × 50 غ</li><li>القسم: الكيك والرول</li><li>العلامة: اني · Ani</li></ul><h2>لماذا يطلبه أصحاب المحلات؟</h2><ul><li>وجبة خفيفة مشبعة يطلبها الطلاب والعمال يومياً.</li><li>مغلّف فردياً ومناسب للبيع بالقطعة بجانب المشروبات.</li><li>يُعرض على الرف دون تبريد.</li></ul><h2>التوصيل والدفع</h2><p>نوصل اني تروي احمر 50 غرام إلى باب محلك أو نرتبه على الرف في كل مناطق إسطنبول، والدفع نقداً عند الاستلام. للطلبات خارج إسطنبول أو خارج تركيا يكون الدفع بتحويل بنكي. تظهر الأسعار بعد فتح حساب جملة وتأكيده عبر واتساب.</p><p>يبحث عنه التجار أيضاً باسم «Ani Troy Kırmızı Kek 50 g»، و«اني تروي جملة»، و«تروي جملة اسطنبول».</p>",,200,كيك,1,اني,ani,تروي,"Ani Troy Kırmızı Kek 50 g",cherry,"24 × 50 غ",24,علبة
simple,BK-2180F5,"اني تروي فريز 50 غرام",1,0,visible,"<p>كيك مغلّف فردياً من اني (Ani) بنكهة الفراولة، وزن القطعة 50 غرام، يباع بسرعة في البقالات والمقاصف. التعبئة: 24 × 50 غ.</p>","<p><strong>اني تروي فريز 50 غرام</strong> (<span lang=""tr"">Ani Troy Çilekli Kek 50 g</span>): كيك مغلّف فردياً من اني (Ani) بنكهة الفراولة، وزن القطعة 50 غرام، يباع بسرعة في البقالات والمقاصف. من منتجات اني (Ani)، متوفر عندنا بالجملة لمحلات البقالة والماركت في إسطنبول.</p><h2>تفاصيل البيع بالجملة</h2><ul><li>وحدة البيع: علبة فيها 24 قطعة</li><li>التعبئة: 24 × 50 غ</li><li>القسم: الكيك والرول</li><li>العلامة: اني · Ani</li></ul><h2>لماذا يطلبه أصحاب المحلات؟</h2><ul><li>وجبة خفيفة مشبعة يطلبها الطلاب والعمال يومياً.</li><li>مغلّف فردياً ومناسب للبيع بالقطعة بجانب المشروبات.</li><li>يُعرض على الرف دون تبريد.</li></ul><h2>التوصيل والدفع</h2><p>نوصل اني تروي فريز 50 غرام إلى باب محلك أو نرتبه على الرف في كل مناطق إسطنبول، والدفع نقداً عند الاستلام. للطلبات خارج إسطنبول أو خارج تركيا يكون الدفع بتحويل بنكي. تظهر الأسعار بعد فتح حساب جملة وتأكيده عبر واتساب.</p><p>يبحث عنه التجار أيضاً باسم «Ani Troy Çilekli Kek 50 g»، و«اني تروي جملة»، و«تروي جملة اسطنبول».</p>",,200,كيك,1,اني,ani,تروي,"Ani Troy Çilekli Kek 50 g",strawberry,"24 × 50 غ",24,علبة
simple,BK-8051A2,"اني دبي كيك 40 غرام",1,0,visible,"<p>كيك من اني (Ani) بنكهة الفستق والكنافة، وزن القطعة 40 غرام، من الأصناف التي يطلبها الأطفال والطلاب كل يوم. التعبئة: 24 × 40 غ.</p>","<p><strong>اني دبي كيك 40 غرام</strong> (<span lang=""tr"">Ani Dubai Kek 40 g</span>): كيك من اني (Ani) بنكهة الفستق والكنافة، وزن القطعة 40 غرام، من الأصناف التي يطلبها الأطفال والطلاب كل يوم. من منتجات اني (Ani)، متوفر عندنا بالجملة لمحلات البقالة والماركت في إسطنبول.</p><h2>تفاصيل البيع بالجملة</h2><ul><li>وحدة البيع: علبة فيها 24 قطعة</li><li>التعبئة: 24 × 40 غ</li><li>القسم: الكيك والرول</li><li>العلامة: اني · Ani</li></ul><h2>لماذا يطلبه أصحاب المحلات؟</h2><ul><li>وجبة خفيفة مشبعة يطلبها الطلاب والعمال يومياً.</li><li>مغلّف فردياً ومناسب للبيع بالقطعة بجانب المشروبات.</li><li>يُعرض على الرف دون تبريد.</li></ul><h2>التوصيل والدفع</h2><p>نوصل اني دبي كيك 40 غرام إلى باب محلك أو نرتبه على الرف في كل مناطق إسطنبول، والدفع نقداً عند الاستلام. للطلبات خارج إسطنبول أو خارج تركيا يكون الدفع بتحويل بنكي. تظهر الأسعار بعد فتح حساب جملة وتأكيده عبر واتساب.</p><p>يبحث عنه التجار أيضاً باسم «Ani Dubai Kek 40 g»، و«اني دبي جملة»، و«دبي جملة اسطنبول».</p>",,195,كيك,1,اني,ani,دبي,"Ani Dubai Kek 40 g",kunafa,"24 × 40 غ",24,علبة
simple,BK-94FD5F,"اني ستار كيك بندق 20 غرام",1,0,visible,"<p>كيك مغلّف فردياً من اني (Ani) بنكهة البندق، وزن القطعة 20 غرام، يباع بسرعة في البقالات والمقاصف. التعبئة: 24 × 20 غ.</p>","<p><strong>اني ستار كيك بندق 20 غرام</strong> (<span lang=""tr"">Ani Star Kek Fındıklı 20 g</span>): كيك مغلّف فردياً من اني (Ani) بنكهة البندق، وزن القطعة 20 غرام، يباع بسرعة في البقالات والمقاصف. من منتجات اني (Ani)، متوفر عندنا بالجملة لمحلات البقالة والماركت في إسطنبول.</p><h2>تفاصيل البيع بالجملة</h2><ul><li>وحدة البيع: علبة فيها 24 قطعة</li><li>التعبئة: 24 × 20 غ</li><li>القسم: الكيك والرول</li><li>العلامة: اني · Ani</li></ul><h2>لماذا يطلبه أصحاب المحلات؟</h2><ul><li>وجبة خفيفة مشبعة يطلبها الطلاب والعمال يومياً.</li><li>مغلّف فردياً ومناسب للبيع بالقطعة بجانب المشروبات.</li><li>يُعرض على الرف دون تبريد.</li></ul><h2>التوصيل والدفع</h2><p>نوصل اني ستار كيك بندق 20 غرام إلى باب محلك أو نرتبه على الرف في كل مناطق إسطنبول، والدفع نقداً عند الاستلام. للطلبات خارج إسطنبول أو خارج تركيا يكون الدفع بتحويل بنكي. تظهر الأسعار بعد فتح حساب جملة وتأكيده عبر واتساب.</p><p>يبحث عنه التجار أيضاً باسم «Ani Star Kek Fındıklı 20 g»، و«اني ستار كيك جملة»، و«ستار كيك جملة اسطنبول».</p>",,90,كيك,1,اني,ani,"ستار كيك","Ani Star Kek Fındıklı 20 g",hazelnut,"24 × 20 غ",24,علبة
simple,BK-50A6A3,"اني ستار كيك شوكولا 20 غرام",1,0,visible,"<p>قطعة كيك طرية من اني (Ani) بطعم الشوكولاتة، وزن القطعة 20 غرام، مناسبة لرف الكيك قرب الكاشير. التعبئة: 24 × 20 غ.</p>","<p><strong>اني ستار كيك شوكولا 20 غرام</strong> (<span lang=""tr"">Ani Star Kek Çikolatalı 20 g</span>): قطعة كيك طرية من اني (Ani) بطعم الشوكولاتة، وزن القطعة 20 غرام، مناسبة لرف الكيك قرب الكاشير. من منتجات اني (Ani)، متوفر عندنا بالجملة لمحلات البقالة والماركت في إسطنبول.</p><h2>تفاصيل البيع بالجملة</h2><ul><li>وحدة البيع: علبة فيها 24 قطعة</li><li>التعبئة: 24 × 20 غ</li><li>القسم: الكيك والرول</li><li>العلامة: اني · Ani</li></ul><h2>لماذا يطلبه أصحاب المحلات؟</h2><ul><li>وجبة خفيفة مشبعة يطلبها الطلاب والعمال يومياً.</li><li>مغلّف فردياً ومناسب للبيع بالقطعة بجانب المشروبات.</li><li>يُعرض على الرف دون تبريد.</li></ul><h2>التوصيل والدفع</h2><p>نوصل اني ستار كيك شوكولا 20 غرام إلى باب محلك أو نرتبه على الرف في كل مناطق إسطنبول، والدفع نقداً عند الاستلام. للطلبات خارج إسطنبول أو خارج تركيا يكون الدفع بتحويل بنكي. تظهر الأسعار بعد فتح حساب جملة وتأكيده عبر واتساب.</p><p>يبحث عنه التجار أيضاً باسم «Ani Star Kek Çikolatalı 20 g»، و«اني ستار كيك جملة»، و«ستار كيك جملة اسطنبول».</p>",,90,كيك,1,اني,ani,"ستار كيك","Ani Star Kek Çikolatalı 20 g",chocolate,"24 × 20 غ",24,علبة
simple,BK-B4A6A6,"اني ستار كيك فريز 20 غرام",1,0,visible,"<p>قطعة كيك طرية من اني (Ani) بطعم الفراولة، وزن القطعة 20 غرام، مناسبة لرف الكيك قرب الكاشير. التعبئة: 24 × 20 غ.</p>","<p><strong>اني ستار كيك فريز 20 غرام</strong> (<span lang=""tr"">Ani Star Kek Çilekli 20 g</span>): قطعة كيك طرية من اني (Ani) بطعم الفراولة، وزن القطعة 20 غرام، مناسبة لرف الكيك قرب الكاشير. من منتجات اني (Ani)، متوفر عندنا بالجملة لمحلات البقالة والماركت في إسطنبول.</p><h2>تفاصيل البيع بالجملة</h2><ul><li>وحدة البيع: علبة فيها 24 قطعة</li><li>التعبئة: 24 × 20 غ</li><li>القسم: الكيك والرول</li><li>العلامة: اني · Ani</li></ul><h2>لماذا يطلبه أصحاب المحلات؟</h2><ul><li>وجبة خفيفة مشبعة يطلبها الطلاب والعمال يومياً.</li><li>مغلّف فردياً ومناسب للبيع بالقطعة بجانب المشروبات.</li><li>يُعرض على الرف دون تبريد.</li></ul><h2>التوصيل والدفع</h2><p>نوصل اني ستار كيك فريز 20 غرام إلى باب محلك أو نرتبه على الرف في كل مناطق إسطنبول، والدفع نقداً عند الاستلام. للطلبات خارج إسطنبول أو خارج تركيا يكون الدفع بتحويل بنكي. تظهر الأسعار بعد فتح حساب جملة وتأكيده عبر واتساب.</p><p>يبحث عنه التجار أيضاً باسم «Ani Star Kek Çilekli 20 g»، و«اني ستار كيك جملة»، و«ستار كيك جملة اسطنبول».</p>",,90,كيك,1,اني,ani,"ستار كيك","Ani Star Kek Çilekli 20 g",strawberry,"24 × 20 غ",24,علبة
simple,BK-9E7DF2,"اني سويس رول 80 غرام",1,0,visible,"<p>قطعة كيك طرية من اني (Ani) بطعم الكاكاو، وزن القطعة 80 غرام، مناسبة لرف الكيك قرب الكاشير. التعبئة: 12 × 80 غ.</p>","<p><strong>اني سويس رول 80 غرام</strong> (<span lang=""tr"">Ani İsviçre Rulo Pasta 80 g</span>): قطعة كيك طرية من اني (Ani) بطعم الكاكاو، وزن القطعة 80 غرام، مناسبة لرف الكيك قرب الكاشير. من منتجات اني (Ani)، متوفر عندنا بالجملة لمحلات البقالة والماركت في إسطنبول.</p><h2>تفاصيل البيع بالجملة</h2><ul><li>وحدة البيع: علبة فيها 12 قطعة</li><li>التعبئة: 12 × 80 غ</li><li>القسم: الكيك والرول</li><li>العلامة: اني · Ani</li></ul><h2>لماذا يطلبه أصحاب المحلات؟</h2><ul><li>وجبة خفيفة مشبعة يطلبها الطلاب والعمال يومياً.</li><li>مغلّف فردياً ومناسب للبيع بالقطعة بجانب المشروبات.</li><li>يُعرض على الرف دون تبريد.</li></ul><h2>التوصيل والدفع</h2><p>نوصل اني سويس رول 80 غرام إلى باب محلك أو نرتبه على الرف في كل مناطق إسطنبول، والدفع نقداً عند الاستلام. للطلبات خارج إسطنبول أو خارج تركيا يكون الدفع بتحويل بنكي. تظهر الأسعار بعد فتح حساب جملة وتأكيده عبر واتساب.</p><p>يبحث عنه التجار أيضاً باسم «Ani İsviçre Rulo Pasta 80 g»، و«اني سويس رول جملة»، و«سويس رول جملة اسطنبول».</p>",,170,كيك,1,اني,ani,"سويس رول","Ani İsviçre Rulo Pasta 80 g",cocoa,"12 × 80 غ",12,علبة
simple,BK-2A926F,"اني صوص موزاييك 40 غرام",1,0,visible,"<p>كيك مغلّف فردياً من اني (Ani) بنكهة الموزاييك، وزن القطعة 40 غرام، يباع بسرعة في البقالات والمقاصف. التعبئة: 24 × 40 غ.</p>","<p><strong>اني صوص موزاييك 40 غرام</strong> (<span lang=""tr"">Ani Soslu Mozaik Kek 40 g</span>): كيك مغلّف فردياً من اني (Ani) بنكهة الموزاييك، وزن القطعة 40 غرام، يباع بسرعة في البقالات والمقاصف. من منتجات اني (Ani)، متوفر عندنا بالجملة لمحلات البقالة والماركت في إسطنبول.</p><h2>تفاصيل البيع بالجملة</h2><ul><li>وحدة البيع: علبة فيها 24 قطعة</li><li>التعبئة: 24 × 40 غ</li><li>القسم: الكيك والرول</li><li>العلامة: اني · Ani</li></ul><h2>لماذا يطلبه أصحاب المحلات؟</h2><ul><li>وجبة خفيفة مشبعة يطلبها الطلاب والعمال يومياً.</li><li>مغلّف فردياً ومناسب للبيع بالقطعة بجانب المشروبات.</li><li>يُعرض على الرف دون تبريد.</li></ul><h2>التوصيل والدفع</h2><p>نوصل اني صوص موزاييك 40 غرام إلى باب محلك أو نرتبه على الرف في كل مناطق إسطنبول، والدفع نقداً عند الاستلام. للطلبات خارج إسطنبول أو خارج تركيا يكون الدفع بتحويل بنكي. تظهر الأسعار بعد فتح حساب جملة وتأكيده عبر واتساب.</p><p>يبحث عنه التجار أيضاً باسم «Ani Soslu Mozaik Kek 40 g»، و«اني موزاييك جملة»، و«موزاييك جملة اسطنبول».</p>",,180,كيك,1,اني,ani,موزاييك,"Ani Soslu Mozaik Kek 40 g",mosaic,"24 × 40 غ",24,علبة
simple,BK-106B9B,"اوريجين عيون مارشميللو 12.5 غرام",1,0,visible,"<p>سكاكر من اوريجين (Origin) بطعم المارشميللو، وزن القطعة 12.5 غرام، يحبها الأطفال وتُباع بالقطعة بسعر صغير. التعبئة: 65 × 12.5 غ.</p>","<p><strong>اوريجين عيون مارشميللو 12.5 غرام</strong> (<span lang=""tr"">Origin Göz Marshmallow 12,5 g</span>): سكاكر من اوريجين (Origin) بطعم المارشميللو، وزن القطعة 12.5 غرام، يحبها الأطفال وتُباع بالقطعة بسعر صغير. من منتجات اوريجين (Origin)، متوفر عندنا بالجملة لمحلات البقالة والماركت في إسطنبول.</p><h2>تفاصيل البيع بالجملة</h2><ul><li>وحدة البيع: علبة فيها 65 قطعة</li><li>التعبئة: 65 × 12.5 غ</li><li>القسم: السكاكر والجيلي</li><li>العلامة: اوريجين · Origin</li></ul><h2>لماذا يطلبه أصحاب المحلات؟</h2><ul><li>يشتريها الأطفال بالقطعة كل يوم.</li><li>سعر صغير ودوران سريع.</li><li>تجذب الصغار إلى رف الكاشير.</li></ul><h2>التوصيل والدفع</h2><p>نوصل اوريجين عيون مارشميللو 12.5 غرام إلى باب محلك أو نرتبه على الرف في كل مناطق إسطنبول، والدفع نقداً عند الاستلام. للطلبات خارج إسطنبول أو خارج تركيا يكون الدفع بتحويل بنكي. تظهر الأسعار بعد فتح حساب جملة وتأكيده عبر واتساب.</p><p>يبحث عنه التجار أيضاً باسم «Origin Göz Marshmallow 12,5 g»، و«اوريجين مارشميلو جملة»، و«مارشميلو جملة اسطنبول».</p>",,280,سكاكر,1,اوريجين,origin,مارشميلو,"Origin Göz Marshmallow 12,5 g",marshmallow,"65 × 12.5 غ",65,علبة
simple,BK-B0EE99,"أولكر اكرام شوكولا 84 غرام",1,0,visible,"<p>بسكويت من أولكر (Ülker) بنكهة الشوكولاتة، وزن القطعة 84 غرام، من الأصناف سريعة الدوران في الماركت. التعبئة: 24 × 84 غ.</p>","<p><strong>أولكر اكرام شوكولا 84 غرام</strong> (<span lang=""tr"">Ülker İkram Çikolatalı Bisküvi 84 g</span>): بسكويت من أولكر (Ülker) بنكهة الشوكولاتة، وزن القطعة 84 غرام، من الأصناف سريعة الدوران في الماركت. من منتجات أولكر (Ülker)، متوفر عندنا بالجملة لمحلات البقالة والماركت في إسطنبول.</p><h2>تفاصيل البيع بالجملة</h2><ul><li>وحدة البيع: علبة فيها 24 قطعة</li><li>التعبئة: 24 × 84 غ</li><li>القسم: البسكويت والكوكيز</li><li>العلامة: أولكر · Ülker</li></ul><h2>لماذا يطلبه أصحاب المحلات؟</h2><ul><li>من أكثر الأصناف دوراناً في البقالات طوال العام.</li><li>مناسب للضيافة ووقت الشاي والمدارس.</li><li>هامش ربح جيد عند البيع بالقطعة.</li></ul><h2>التوصيل والدفع</h2><p>نوصل أولكر اكرام شوكولا 84 غرام إلى باب محلك أو نرتبه على الرف في كل مناطق إسطنبول، والدفع نقداً عند الاستلام. للطلبات خارج إسطنبول أو خارج تركيا يكون الدفع بتحويل بنكي. تظهر الأسعار بعد فتح حساب جملة وتأكيده عبر واتساب.</p><p>يبحث عنه التجار أيضاً باسم «Ülker İkram Çikolatalı Bisküvi 84 g»، و«اولكر إكرام جملة»، و«إكرام جملة اسطنبول».</p>",427.5,450,"بسكويت, عروض",1,أولكر,ulker,إكرام,"Ülker İkram Çikolatalı Bisküvi 84 g",chocolate,"24 × 84 غ",24,علبة
simple,BK-AED82D,"أولكر البيني 52 غرام",1,1,visible,"<p>لوح من أولكر (Ülker) بنكهة الكراميل، وزن القطعة 52 غرام، مطلوب في البقالات وأكشاك المدارس. التعبئة: 18 × 52 غ.</p>","<p><strong>أولكر البيني 52 غرام</strong> (<span lang=""tr"">Ülker Albeni Çikolata Bar 52 g</span>): لوح من أولكر (Ülker) بنكهة الكراميل، وزن القطعة 52 غرام، مطلوب في البقالات وأكشاك المدارس. من منتجات أولكر (Ülker)، متوفر عندنا بالجملة لمحلات البقالة والماركت في إسطنبول.</p><h2>تفاصيل البيع بالجملة</h2><ul><li>وحدة البيع: علبة فيها 18 قطعة</li><li>التعبئة: 18 × 52 غ</li><li>القسم: الشوكولاتة والويفر</li><li>العلامة: أولكر · Ülker</li></ul><h2>لماذا يطلبه أصحاب المحلات؟</h2><ul><li>صنف شراء سريع قرب الكاشير.</li><li>سعر القطعة صغير فيشجع الشراء المتكرر.</li><li>مطلوب لدى الأطفال والشباب.</li></ul><h2>التوصيل والدفع</h2><p>نوصل أولكر البيني 52 غرام إلى باب محلك أو نرتبه على الرف في كل مناطق إسطنبول، والدفع نقداً عند الاستلام. للطلبات خارج إسطنبول أو خارج تركيا يكون الدفع بتحويل بنكي. تظهر الأسعار بعد فتح حساب جملة وتأكيده عبر واتساب.</p><p>يبحث عنه التجار أيضاً باسم «Ülker Albeni Çikolata Bar 52 g»، و«اولكر ألبيني جملة»، و«ألبيني جملة اسطنبول».</p>",327.75,345,"شوكولاتة, عروض",1,أولكر,ulker,ألبيني,"Ülker Albeni Çikolata Bar 52 g",caramel,"18 × 52 غ",18,علبة
simple,BK-0CA3E6,"أولكر البيني اتشترما 72 غرام",1,0,visible,"<p>ويفر وشوكولاتة من أولكر (Ülker) بنكهة الكراميل، وزن القطعة 72 غرام، هامش جيد ودوران سريع. التعبئة: 24 × 72 غ.</p>","<p><strong>أولكر البيني اتشترما 72 غرام</strong> (<span lang=""tr"">Ülker Albeni Çikolata 72 g</span>): ويفر وشوكولاتة من أولكر (Ülker) بنكهة الكراميل، وزن القطعة 72 غرام، هامش جيد ودوران سريع. من منتجات أولكر (Ülker)، متوفر عندنا بالجملة لمحلات البقالة والماركت في إسطنبول.</p><h2>تفاصيل البيع بالجملة</h2><ul><li>وحدة البيع: علبة فيها 24 قطعة</li><li>التعبئة: 24 × 72 غ</li><li>القسم: الشوكولاتة والويفر</li><li>العلامة: أولكر · Ülker</li></ul><h2>لماذا يطلبه أصحاب المحلات؟</h2><ul><li>صنف شراء سريع قرب الكاشير.</li><li>سعر القطعة صغير فيشجع الشراء المتكرر.</li><li>مطلوب لدى الأطفال والشباب.</li></ul><h2>التوصيل والدفع</h2><p>نوصل أولكر البيني اتشترما 72 غرام إلى باب محلك أو نرتبه على الرف في كل مناطق إسطنبول، والدفع نقداً عند الاستلام. للطلبات خارج إسطنبول أو خارج تركيا يكون الدفع بتحويل بنكي. تظهر الأسعار بعد فتح حساب جملة وتأكيده عبر واتساب.</p><p>يبحث عنه التجار أيضاً باسم «Ülker Albeni Çikolata 72 g»، و«اولكر ألبيني جملة»، و«ألبيني جملة اسطنبول».</p>",646,680,"شوكولاتة, عروض",1,أولكر,ulker,ألبيني,"Ülker Albeni Çikolata 72 g",caramel,"24 × 72 غ",24,علبة
simple,BK-CB1D0B,"أولكر البيني بار كيك 43 غرام",1,0,visible,"<p>كيك مغلّف فردياً من أولكر (Ülker) بنكهة الكراميل، وزن القطعة 43 غرام، يباع بسرعة في البقالات والمقاصف. التعبئة: 18 × 43 غ.</p>","<p><strong>أولكر البيني بار كيك 43 غرام</strong> (<span lang=""tr"">Ülker Albeni Bar Kek 43 g</span>): كيك مغلّف فردياً من أولكر (Ülker) بنكهة الكراميل، وزن القطعة 43 غرام، يباع بسرعة في البقالات والمقاصف. من منتجات أولكر (Ülker)، متوفر عندنا بالجملة لمحلات البقالة والماركت في إسطنبول.</p><h2>تفاصيل البيع بالجملة</h2><ul><li>وحدة البيع: علبة فيها 18 قطعة</li><li>التعبئة: 18 × 43 غ</li><li>القسم: الكيك والرول</li><li>العلامة: أولكر · Ülker</li></ul><h2>لماذا يطلبه أصحاب المحلات؟</h2><ul><li>وجبة خفيفة مشبعة يطلبها الطلاب والعمال يومياً.</li><li>مغلّف فردياً ومناسب للبيع بالقطعة بجانب المشروبات.</li><li>يُعرض على الرف دون تبريد.</li></ul><h2>التوصيل والدفع</h2><p>نوصل أولكر البيني بار كيك 43 غرام إلى باب محلك أو نرتبه على الرف في كل مناطق إسطنبول، والدفع نقداً عند الاستلام. للطلبات خارج إسطنبول أو خارج تركيا يكون الدفع بتحويل بنكي. تظهر الأسعار بعد فتح حساب جملة وتأكيده عبر واتساب.</p><p>يبحث عنه التجار أيضاً باسم «Ülker Albeni Bar Kek 43 g»، و«اولكر ألبيني جملة»، و«ألبيني جملة اسطنبول».</p>",346.75,365,"كيك, عروض",1,أولكر,ulker,ألبيني,"Ülker Albeni Bar Kek 43 g",caramel,"18 × 43 غ",18,علبة
simple,BK-5BBAEB,"أولكر البيني بسكويت 40 غرام",1,0,visible,"<p>بسكويت من أولكر (Ülker) بطعم الكراميل، وزن القطعة 40 غرام، صنف ثابت الطلب على رف البسكويت. التعبئة: 24 × 40 غ.</p>","<p><strong>أولكر البيني بسكويت 40 غرام</strong> (<span lang=""tr"">Ülker Albeni Bisküvi 40 g</span>): بسكويت من أولكر (Ülker) بطعم الكراميل، وزن القطعة 40 غرام، صنف ثابت الطلب على رف البسكويت. من منتجات أولكر (Ülker)، متوفر عندنا بالجملة لمحلات البقالة والماركت في إسطنبول.</p><h2>تفاصيل البيع بالجملة</h2><ul><li>وحدة البيع: علبة فيها 24 قطعة</li><li>التعبئة: 24 × 40 غ</li><li>القسم: البسكويت والكوكيز</li><li>العلامة: أولكر · Ülker</li></ul><h2>لماذا يطلبه أصحاب المحلات؟</h2><ul><li>من أكثر الأصناف دوراناً في البقالات طوال العام.</li><li>مناسب للضيافة ووقت الشاي والمدارس.</li><li>هامش ربح جيد عند البيع بالقطعة.</li></ul><h2>التوصيل والدفع</h2><p>نوصل أولكر البيني بسكويت 40 غرام إلى باب محلك أو نرتبه على الرف في كل مناطق إسطنبول، والدفع نقداً عند الاستلام. للطلبات خارج إسطنبول أو خارج تركيا يكون الدفع بتحويل بنكي. تظهر الأسعار بعد فتح حساب جملة وتأكيده عبر واتساب.</p><p>يبحث عنه التجار أيضاً باسم «Ülker Albeni Bisküvi 40 g»، و«اولكر ألبيني جملة»، و«ألبيني جملة اسطنبول».</p>",370.5,390,"بسكويت, عروض",1,أولكر,ulker,ألبيني,"Ülker Albeni Bisküvi 40 g",caramel,"24 × 40 غ",24,علبة
simple,BK-B4922B,"أولكر البيني موزاييك 45 غرام",1,0,visible,"<p>ويفر وشوكولاتة من أولكر (Ülker) بنكهة الموزاييك، وزن القطعة 45 غرام، هامش جيد ودوران سريع. التعبئة: 18 × 45 غ.</p>","<p><strong>أولكر البيني موزاييك 45 غرام</strong> (<span lang=""tr"">Ülker Albeni Mozaik 45 g</span>): ويفر وشوكولاتة من أولكر (Ülker) بنكهة الموزاييك، وزن القطعة 45 غرام، هامش جيد ودوران سريع. من منتجات أولكر (Ülker)، متوفر عندنا بالجملة لمحلات البقالة والماركت في إسطنبول.</p><h2>تفاصيل البيع بالجملة</h2><ul><li>وحدة البيع: علبة فيها 18 قطعة</li><li>التعبئة: 18 × 45 غ</li><li>القسم: الشوكولاتة والويفر</li><li>العلامة: أولكر · Ülker</li></ul><h2>لماذا يطلبه أصحاب المحلات؟</h2><ul><li>صنف شراء سريع قرب الكاشير.</li><li>سعر القطعة صغير فيشجع الشراء المتكرر.</li><li>مطلوب لدى الأطفال والشباب.</li></ul><h2>التوصيل والدفع</h2><p>نوصل أولكر البيني موزاييك 45 غرام إلى باب محلك أو نرتبه على الرف في كل مناطق إسطنبول، والدفع نقداً عند الاستلام. للطلبات خارج إسطنبول أو خارج تركيا يكون الدفع بتحويل بنكي. تظهر الأسعار بعد فتح حساب جملة وتأكيده عبر واتساب.</p><p>يبحث عنه التجار أيضاً باسم «Ülker Albeni Mozaik 45 g»، و«اولكر ألبيني جملة»، و«ألبيني جملة اسطنبول».</p>",418,440,"شوكولاتة, عروض",1,أولكر,ulker,ألبيني,"Ülker Albeni Mozaik 45 g",mosaic,"18 × 45 غ",18,علبة
simple,BK-5F60E8,"أولكر اولالا سوفليه توت 70 غرام",1,0,visible,"<p>قطعة كيك طرية من أولكر (Ülker) بطعم التوت، وزن القطعة 70 غرام، مناسبة لرف الكيك قرب الكاشير. التعبئة: 12 × 70 غ.</p>","<p><strong>أولكر اولالا سوفليه توت 70 غرام</strong> (<span lang=""tr"">Ülker Olala Sufle Frambuazlı 70 g</span>): قطعة كيك طرية من أولكر (Ülker) بطعم التوت، وزن القطعة 70 غرام، مناسبة لرف الكيك قرب الكاشير. من منتجات أولكر (Ülker)، متوفر عندنا بالجملة لمحلات البقالة والماركت في إسطنبول.</p><h2>تفاصيل البيع بالجملة</h2><ul><li>وحدة البيع: علبة فيها 12 قطعة</li><li>التعبئة: 12 × 70 غ</li><li>القسم: الكيك والرول</li><li>العلامة: أولكر · Ülker</li></ul><h2>لماذا يطلبه أصحاب المحلات؟</h2><ul><li>وجبة خفيفة مشبعة يطلبها الطلاب والعمال يومياً.</li><li>مغلّف فردياً ومناسب للبيع بالقطعة بجانب المشروبات.</li><li>يُعرض على الرف دون تبريد.</li></ul><h2>التوصيل والدفع</h2><p>نوصل أولكر اولالا سوفليه توت 70 غرام إلى باب محلك أو نرتبه على الرف في كل مناطق إسطنبول، والدفع نقداً عند الاستلام. للطلبات خارج إسطنبول أو خارج تركيا يكون الدفع بتحويل بنكي. تظهر الأسعار بعد فتح حساب جملة وتأكيده عبر واتساب.</p><p>يبحث عنه التجار أيضاً باسم «Ülker Olala Sufle Frambuazlı 70 g»، و«اولكر أولالا سوفليه جملة»، و«أولالا سوفليه جملة اسطنبول».</p>",370.5,390,"كيك, عروض",1,أولكر,ulker,"أولالا سوفليه","Ülker Olala Sufle Frambuazlı 70 g",raspberry,"12 × 70 غ",12,علبة
simple,BK-F65DE8,"أولكر اولالا سوفليه شوكولا 70 غرام",1,0,visible,"<p>كيك من أولكر (Ülker) بنكهة الشوكولاتة، وزن القطعة 70 غرام، من الأصناف التي يطلبها الأطفال والطلاب كل يوم. التعبئة: 12 × 70 غ.</p>","<p><strong>أولكر اولالا سوفليه شوكولا 70 غرام</strong> (<span lang=""tr"">Ülker Olala Sufle Çikolatalı 70 g</span>): كيك من أولكر (Ülker) بنكهة الشوكولاتة، وزن القطعة 70 غرام، من الأصناف التي يطلبها الأطفال والطلاب كل يوم. من منتجات أولكر (Ülker)، متوفر عندنا بالجملة لمحلات البقالة والماركت في إسطنبول.</p><h2>تفاصيل البيع بالجملة</h2><ul><li>وحدة البيع: علبة فيها 12 قطعة</li><li>التعبئة: 12 × 70 غ</li><li>القسم: الكيك والرول</li><li>العلامة: أولكر · Ülker</li></ul><h2>لماذا يطلبه أصحاب المحلات؟</h2><ul><li>وجبة خفيفة مشبعة يطلبها الطلاب والعمال يومياً.</li><li>مغلّف فردياً ومناسب للبيع بالقطعة بجانب المشروبات.</li><li>يُعرض على الرف دون تبريد.</li></ul><h2>التوصيل والدفع</h2><p>نوصل أولكر اولالا سوفليه شوكولا 70 غرام إلى باب محلك أو نرتبه على الرف في كل مناطق إسطنبول، والدفع نقداً عند الاستلام. للطلبات خارج إسطنبول أو خارج تركيا يكون الدفع بتحويل بنكي. تظهر الأسعار بعد فتح حساب جملة وتأكيده عبر واتساب.</p><p>يبحث عنه التجار أيضاً باسم «Ülker Olala Sufle Çikolatalı 70 g»، و«اولكر أولالا سوفليه جملة»، و«أولالا سوفليه جملة اسطنبول».</p>",370.5,390,"كيك, عروض",1,أولكر,ulker,"أولالا سوفليه","Ülker Olala Sufle Çikolatalı 70 g",chocolate,"12 × 70 غ",12,علبة
simple,BK-370DAB,"أولكر بسكويت سادة حليب 175 غرام",1,0,visible,"<p>بسكويت من أولكر (Ülker) بنكهة الحليب، وزن القطعة 175 غرام، من الأصناف سريعة الدوران في الماركت. التعبئة: 16 × 175 غ.</p>","<p><strong>أولكر بسكويت سادة حليب 175 غرام</strong> (<span lang=""tr"">Ülker Sütlü Bisküvi 175 g</span>): بسكويت من أولكر (Ülker) بنكهة الحليب، وزن القطعة 175 غرام، من الأصناف سريعة الدوران في الماركت. من منتجات أولكر (Ülker)، متوفر عندنا بالجملة لمحلات البقالة والماركت في إسطنبول.</p><h2>تفاصيل البيع بالجملة</h2><ul><li>وحدة البيع: علبة فيها 16 قطعة</li><li>التعبئة: 16 × 175 غ</li><li>القسم: البسكويت والكوكيز</li><li>العلامة: أولكر · Ülker</li></ul><h2>لماذا يطلبه أصحاب المحلات؟</h2><ul><li>من أكثر الأصناف دوراناً في البقالات طوال العام.</li><li>مناسب للضيافة ووقت الشاي والمدارس.</li><li>هامش ربح جيد عند البيع بالقطعة.</li></ul><h2>التوصيل والدفع</h2><p>نوصل أولكر بسكويت سادة حليب 175 غرام إلى باب محلك أو نرتبه على الرف في كل مناطق إسطنبول، والدفع نقداً عند الاستلام. للطلبات خارج إسطنبول أو خارج تركيا يكون الدفع بتحويل بنكي. تظهر الأسعار بعد فتح حساب جملة وتأكيده عبر واتساب.</p><p>يبحث عنه التجار أيضاً باسم «Ülker Sütlü Bisküvi 175 g»، و«اولكر بسكويت سادة جملة»، و«بسكويت سادة جملة اسطنبول».</p>",370.5,390,"بسكويت, عروض",1,أولكر,ulker,"بسكويت سادة","Ülker Sütlü Bisküvi 175 g",milk,"16 × 175 غ",16,علبة
simple,BK-C6ECF8,"أولكر بسكويت سادة حليب 450 غرام",1,0,visible,"<p>بسكويت من أولكر (Ülker) بطعم الحليب، وزن القطعة 450 غرام، صنف ثابت الطلب على رف البسكويت. التعبئة: 10 × 450 غ.</p>","<p><strong>أولكر بسكويت سادة حليب 450 غرام</strong> (<span lang=""tr"">Ülker Sütlü Bisküvi 450 g</span>): بسكويت من أولكر (Ülker) بطعم الحليب، وزن القطعة 450 غرام، صنف ثابت الطلب على رف البسكويت. من منتجات أولكر (Ülker)، متوفر عندنا بالجملة لمحلات البقالة والماركت في إسطنبول.</p><h2>تفاصيل البيع بالجملة</h2><ul><li>وحدة البيع: علبة فيها 10 قطعة</li><li>التعبئة: 10 × 450 غ</li><li>القسم: البسكويت والكوكيز</li><li>العلامة: أولكر · Ülker</li></ul><h2>لماذا يطلبه أصحاب المحلات؟</h2><ul><li>من أكثر الأصناف دوراناً في البقالات طوال العام.</li><li>مناسب للضيافة ووقت الشاي والمدارس.</li><li>هامش ربح جيد عند البيع بالقطعة.</li></ul><h2>التوصيل والدفع</h2><p>نوصل أولكر بسكويت سادة حليب 450 غرام إلى باب محلك أو نرتبه على الرف في كل مناطق إسطنبول، والدفع نقداً عند الاستلام. للطلبات خارج إسطنبول أو خارج تركيا يكون الدفع بتحويل بنكي. تظهر الأسعار بعد فتح حساب جملة وتأكيده عبر واتساب.</p><p>يبحث عنه التجار أيضاً باسم «Ülker Sütlü Bisküvi 450 g»، و«اولكر بسكويت سادة جملة»، و«بسكويت سادة جملة اسطنبول».</p>",536.75,565,"بسكويت, عروض",1,أولكر,ulker,"بسكويت سادة","Ülker Sütlü Bisküvi 450 g",milk,"10 × 450 غ",10,علبة
simple,BK-E4D6C9,"أولكر بيسكريم 100 غرام",1,1,visible,"<p>بسكويت مقرمش من أولكر (Ülker) بنكهة الكاكاو، وزن القطعة 100 غرام، يناسب الضيافة والشاي ووجبات المدرسة. التعبئة: 18 × 100 غ.</p>","<p><strong>أولكر بيسكريم 100 غرام</strong> (<span lang=""tr"">Ülker Biskrem 100 g</span>): بسكويت مقرمش من أولكر (Ülker) بنكهة الكاكاو، وزن القطعة 100 غرام، يناسب الضيافة والشاي ووجبات المدرسة. من منتجات أولكر (Ülker)، متوفر عندنا بالجملة لمحلات البقالة والماركت في إسطنبول.</p><h2>تفاصيل البيع بالجملة</h2><ul><li>وحدة البيع: علبة فيها 18 قطعة</li><li>التعبئة: 18 × 100 غ</li><li>القسم: البسكويت والكوكيز</li><li>العلامة: أولكر · Ülker</li></ul><h2>لماذا يطلبه أصحاب المحلات؟</h2><ul><li>من أكثر الأصناف دوراناً في البقالات طوال العام.</li><li>مناسب للضيافة ووقت الشاي والمدارس.</li><li>هامش ربح جيد عند البيع بالقطعة.</li></ul><h2>التوصيل والدفع</h2><p>نوصل أولكر بيسكريم 100 غرام إلى باب محلك أو نرتبه على الرف في كل مناطق إسطنبول، والدفع نقداً عند الاستلام. للطلبات خارج إسطنبول أو خارج تركيا يكون الدفع بتحويل بنكي. تظهر الأسعار بعد فتح حساب جملة وتأكيده عبر واتساب.</p><p>يبحث عنه التجار أيضاً باسم «Ülker Biskrem 100 g»، و«اولكر بيسكريم جملة»، و«بيسكريم جملة اسطنبول».</p>",346.75,365,"بسكويت, عروض",1,أولكر,ulker,بيسكريم,"Ülker Biskrem 100 g",cocoa,"18 × 100 غ",18,علبة
simple,BK-EE5CE5,"أولكر تيراميسو 45 غرام",1,0,visible,"<p>كيك مغلّف فردياً من أولكر (Ülker) بنكهة الكاكاو، وزن القطعة 45 غرام، يباع بسرعة في البقالات والمقاصف. التعبئة: 15 × 45 غ.</p>","<p><strong>أولكر تيراميسو 45 غرام</strong> (<span lang=""tr"">Ülker Tiramisu Kek 45 g</span>): كيك مغلّف فردياً من أولكر (Ülker) بنكهة الكاكاو، وزن القطعة 45 غرام، يباع بسرعة في البقالات والمقاصف. من منتجات أولكر (Ülker)، متوفر عندنا بالجملة لمحلات البقالة والماركت في إسطنبول.</p><h2>تفاصيل البيع بالجملة</h2><ul><li>وحدة البيع: علبة فيها 15 قطعة</li><li>التعبئة: 15 × 45 غ</li><li>القسم: الكيك والرول</li><li>العلامة: أولكر · Ülker</li></ul><h2>لماذا يطلبه أصحاب المحلات؟</h2><ul><li>وجبة خفيفة مشبعة يطلبها الطلاب والعمال يومياً.</li><li>مغلّف فردياً ومناسب للبيع بالقطعة بجانب المشروبات.</li><li>يُعرض على الرف دون تبريد.</li></ul><h2>التوصيل والدفع</h2><p>نوصل أولكر تيراميسو 45 غرام إلى باب محلك أو نرتبه على الرف في كل مناطق إسطنبول، والدفع نقداً عند الاستلام. للطلبات خارج إسطنبول أو خارج تركيا يكون الدفع بتحويل بنكي. تظهر الأسعار بعد فتح حساب جملة وتأكيده عبر واتساب.</p><p>يبحث عنه التجار أيضاً باسم «Ülker Tiramisu Kek 45 g»، و«اولكر تيراميسو جملة»، و«تيراميسو جملة اسطنبول».</p>",285,300,"كيك, عروض",1,أولكر,ulker,تيراميسو,"Ülker Tiramisu Kek 45 g",cocoa,"15 × 45 غ",15,علبة
simple,BK-8CCF24,"أولكر دان كيك رول شوكولا 28 غرام",1,0,visible,"<p>كيك من أولكر (Ülker) بنكهة الشوكولاتة، وزن القطعة 28 غرام، من الأصناف التي يطلبها الأطفال والطلاب كل يوم. التعبئة: 15 × 28 غ.</p>","<p><strong>أولكر دان كيك رول شوكولا 28 غرام</strong> (<span lang=""tr"">Ülker Dankek Rulo Çikolatalı 28 g</span>): كيك من أولكر (Ülker) بنكهة الشوكولاتة، وزن القطعة 28 غرام، من الأصناف التي يطلبها الأطفال والطلاب كل يوم. من منتجات أولكر (Ülker)، متوفر عندنا بالجملة لمحلات البقالة والماركت في إسطنبول.</p><h2>تفاصيل البيع بالجملة</h2><ul><li>وحدة البيع: علبة فيها 15 قطعة</li><li>التعبئة: 15 × 28 غ</li><li>القسم: الكيك والرول</li><li>العلامة: أولكر · Ülker</li></ul><h2>لماذا يطلبه أصحاب المحلات؟</h2><ul><li>وجبة خفيفة مشبعة يطلبها الطلاب والعمال يومياً.</li><li>مغلّف فردياً ومناسب للبيع بالقطعة بجانب المشروبات.</li><li>يُعرض على الرف دون تبريد.</li></ul><h2>التوصيل والدفع</h2><p>نوصل أولكر دان كيك رول شوكولا 28 غرام إلى باب محلك أو نرتبه على الرف في كل مناطق إسطنبول، والدفع نقداً عند الاستلام. للطلبات خارج إسطنبول أو خارج تركيا يكون الدفع بتحويل بنكي. تظهر الأسعار بعد فتح حساب جملة وتأكيده عبر واتساب.</p><p>يبحث عنه التجار أيضاً باسم «Ülker Dankek Rulo Çikolatalı 28 g»، و«اولكر دان كيك رول جملة»، و«دان كيك رول جملة اسطنبول».</p>",137.75,145,"كيك, عروض",1,أولكر,ulker,"دان كيك رول","Ülker Dankek Rulo Çikolatalı 28 g",chocolate,"15 × 28 غ",15,علبة
simple,BK-0E3605,"أولكر دان كيك رول موز 28 غرام",1,0,visible,"<p>كيك من أولكر (Ülker) بنكهة الموز، وزن القطعة 28 غرام، من الأصناف التي يطلبها الأطفال والطلاب كل يوم. التعبئة: 15 × 28 غ.</p>","<p><strong>أولكر دان كيك رول موز 28 غرام</strong> (<span lang=""tr"">Ülker Dankek Rulo Muzlu 28 g</span>): كيك من أولكر (Ülker) بنكهة الموز، وزن القطعة 28 غرام، من الأصناف التي يطلبها الأطفال والطلاب كل يوم. من منتجات أولكر (Ülker)، متوفر عندنا بالجملة لمحلات البقالة والماركت في إسطنبول.</p><h2>تفاصيل البيع بالجملة</h2><ul><li>وحدة البيع: علبة فيها 15 قطعة</li><li>التعبئة: 15 × 28 غ</li><li>القسم: الكيك والرول</li><li>العلامة: أولكر · Ülker</li></ul><h2>لماذا يطلبه أصحاب المحلات؟</h2><ul><li>وجبة خفيفة مشبعة يطلبها الطلاب والعمال يومياً.</li><li>مغلّف فردياً ومناسب للبيع بالقطعة بجانب المشروبات.</li><li>يُعرض على الرف دون تبريد.</li></ul><h2>التوصيل والدفع</h2><p>نوصل أولكر دان كيك رول موز 28 غرام إلى باب محلك أو نرتبه على الرف في كل مناطق إسطنبول، والدفع نقداً عند الاستلام. للطلبات خارج إسطنبول أو خارج تركيا يكون الدفع بتحويل بنكي. تظهر الأسعار بعد فتح حساب جملة وتأكيده عبر واتساب.</p><p>يبحث عنه التجار أيضاً باسم «Ülker Dankek Rulo Muzlu 28 g»، و«اولكر دان كيك رول جملة»، و«دان كيك رول جملة اسطنبول».</p>",137.75,145,"كيك, عروض",1,أولكر,ulker,"دان كيك رول","Ülker Dankek Rulo Muzlu 28 g",banana,"15 × 28 غ",15,علبة
simple,BK-43AC42,"أولكر دان كيك فواكه 200 غرام",1,0,visible,"<p>كيك من أولكر (Ülker) بنكهة الفواكه، وزن القطعة 200 غرام، من الأصناف التي يطلبها الأطفال والطلاب كل يوم. التعبئة: 6 × 200 غ.</p>","<p><strong>أولكر دان كيك فواكه 200 غرام</strong> (<span lang=""tr"">Ülker Dankek Meyveli Baton Kek 200 g</span>): كيك من أولكر (Ülker) بنكهة الفواكه، وزن القطعة 200 غرام، من الأصناف التي يطلبها الأطفال والطلاب كل يوم. من منتجات أولكر (Ülker)، متوفر عندنا بالجملة لمحلات البقالة والماركت في إسطنبول.</p><h2>تفاصيل البيع بالجملة</h2><ul><li>وحدة البيع: علبة فيها 6 قطعة</li><li>التعبئة: 6 × 200 غ</li><li>القسم: الكيك والرول</li><li>العلامة: أولكر · Ülker</li></ul><h2>لماذا يطلبه أصحاب المحلات؟</h2><ul><li>وجبة خفيفة مشبعة يطلبها الطلاب والعمال يومياً.</li><li>مغلّف فردياً ومناسب للبيع بالقطعة بجانب المشروبات.</li><li>يُعرض على الرف دون تبريد.</li></ul><h2>التوصيل والدفع</h2><p>نوصل أولكر دان كيك فواكه 200 غرام إلى باب محلك أو نرتبه على الرف في كل مناطق إسطنبول، والدفع نقداً عند الاستلام. للطلبات خارج إسطنبول أو خارج تركيا يكون الدفع بتحويل بنكي. تظهر الأسعار بعد فتح حساب جملة وتأكيده عبر واتساب.</p><p>يبحث عنه التجار أيضاً باسم «Ülker Dankek Meyveli Baton Kek 200 g»، و«اولكر دان كيك جملة»، و«دان كيك جملة اسطنبول».</p>",280.25,295,"كيك, عروض",1,أولكر,ulker,"دان كيك","Ülker Dankek Meyveli Baton Kek 200 g",fruit,"6 × 200 غ",6,علبة
simple,BK-5C8CFB,"أولكر دان كيك كاكاو 200 غرام",1,0,visible,"<p>كيك من أولكر (Ülker) بنكهة الكاكاو، وزن القطعة 200 غرام، من الأصناف التي يطلبها الأطفال والطلاب كل يوم. التعبئة: 6 × 200 غ.</p>","<p><strong>أولكر دان كيك كاكاو 200 غرام</strong> (<span lang=""tr"">Ülker Dankek Kakaolu Baton Kek 200 g</span>): كيك من أولكر (Ülker) بنكهة الكاكاو، وزن القطعة 200 غرام، من الأصناف التي يطلبها الأطفال والطلاب كل يوم. من منتجات أولكر (Ülker)، متوفر عندنا بالجملة لمحلات البقالة والماركت في إسطنبول.</p><h2>تفاصيل البيع بالجملة</h2><ul><li>وحدة البيع: علبة فيها 6 قطعة</li><li>التعبئة: 6 × 200 غ</li><li>القسم: الكيك والرول</li><li>العلامة: أولكر · Ülker</li></ul><h2>لماذا يطلبه أصحاب المحلات؟</h2><ul><li>وجبة خفيفة مشبعة يطلبها الطلاب والعمال يومياً.</li><li>مغلّف فردياً ومناسب للبيع بالقطعة بجانب المشروبات.</li><li>يُعرض على الرف دون تبريد.</li></ul><h2>التوصيل والدفع</h2><p>نوصل أولكر دان كيك كاكاو 200 غرام إلى باب محلك أو نرتبه على الرف في كل مناطق إسطنبول، والدفع نقداً عند الاستلام. للطلبات خارج إسطنبول أو خارج تركيا يكون الدفع بتحويل بنكي. تظهر الأسعار بعد فتح حساب جملة وتأكيده عبر واتساب.</p><p>يبحث عنه التجار أيضاً باسم «Ülker Dankek Kakaolu Baton Kek 200 g»، و«اولكر دان كيك جملة»، و«دان كيك جملة اسطنبول».</p>",280.25,295,"كيك, عروض",1,أولكر,ulker,"دان كيك","Ülker Dankek Kakaolu Baton Kek 200 g",cocoa,"6 × 200 غ",6,علبة
simple,BK-6579EC,"أولكر دان كيك موزاييك 200 غرام",1,0,visible,"<p>كيك من أولكر (Ülker) بنكهة الموزاييك، وزن القطعة 200 غرام، من الأصناف التي يطلبها الأطفال والطلاب كل يوم. التعبئة: 6 × 200 غ.</p>","<p><strong>أولكر دان كيك موزاييك 200 غرام</strong> (<span lang=""tr"">Ülker Dankek Mozaik Baton Kek 200 g</span>): كيك من أولكر (Ülker) بنكهة الموزاييك، وزن القطعة 200 غرام، من الأصناف التي يطلبها الأطفال والطلاب كل يوم. من منتجات أولكر (Ülker)، متوفر عندنا بالجملة لمحلات البقالة والماركت في إسطنبول.</p><h2>تفاصيل البيع بالجملة</h2><ul><li>وحدة البيع: علبة فيها 6 قطعة</li><li>التعبئة: 6 × 200 غ</li><li>القسم: الكيك والرول</li><li>العلامة: أولكر · Ülker</li></ul><h2>لماذا يطلبه أصحاب المحلات؟</h2><ul><li>وجبة خفيفة مشبعة يطلبها الطلاب والعمال يومياً.</li><li>مغلّف فردياً ومناسب للبيع بالقطعة بجانب المشروبات.</li><li>يُعرض على الرف دون تبريد.</li></ul><h2>التوصيل والدفع</h2><p>نوصل أولكر دان كيك موزاييك 200 غرام إلى باب محلك أو نرتبه على الرف في كل مناطق إسطنبول، والدفع نقداً عند الاستلام. للطلبات خارج إسطنبول أو خارج تركيا يكون الدفع بتحويل بنكي. تظهر الأسعار بعد فتح حساب جملة وتأكيده عبر واتساب.</p><p>يبحث عنه التجار أيضاً باسم «Ülker Dankek Mozaik Baton Kek 200 g»، و«اولكر دان كيك جملة»، و«دان كيك جملة اسطنبول».</p>",280.25,295,"كيك, عروض",1,أولكر,ulker,"دان كيك","Ülker Dankek Mozaik Baton Kek 200 g",mosaic,"6 × 200 غ",6,علبة
simple,BK-15C042,"أولكر دوري 86 غرام",1,0,visible,"<p>شوكولاتة وويفر من أولكر (Ülker) بطعم الشوكولاتة، وزن القطعة 86 غرام، صنف شراء سريع قرب الكاشير. التعبئة: 24 × 86 غ.</p>","<p><strong>أولكر دوري 86 غرام</strong> (<span lang=""tr"">Ülker Dore Çikolata 86 g</span>): شوكولاتة وويفر من أولكر (Ülker) بطعم الشوكولاتة، وزن القطعة 86 غرام، صنف شراء سريع قرب الكاشير. من منتجات أولكر (Ülker)، متوفر عندنا بالجملة لمحلات البقالة والماركت في إسطنبول.</p><h2>تفاصيل البيع بالجملة</h2><ul><li>وحدة البيع: علبة فيها 24 قطعة</li><li>التعبئة: 24 × 86 غ</li><li>القسم: الشوكولاتة والويفر</li><li>العلامة: أولكر · Ülker</li></ul><h2>لماذا يطلبه أصحاب المحلات؟</h2><ul><li>صنف شراء سريع قرب الكاشير.</li><li>سعر القطعة صغير فيشجع الشراء المتكرر.</li><li>مطلوب لدى الأطفال والشباب.</li></ul><h2>التوصيل والدفع</h2><p>نوصل أولكر دوري 86 غرام إلى باب محلك أو نرتبه على الرف في كل مناطق إسطنبول، والدفع نقداً عند الاستلام. للطلبات خارج إسطنبول أو خارج تركيا يكون الدفع بتحويل بنكي. تظهر الأسعار بعد فتح حساب جملة وتأكيده عبر واتساب.</p><p>يبحث عنه التجار أيضاً باسم «Ülker Dore Çikolata 86 g»، و«اولكر دوري جملة»، و«دوري جملة اسطنبول».</p>",560.5,590,"شوكولاتة, عروض",1,أولكر,ulker,دوري,"Ülker Dore Çikolata 86 g",chocolate,"24 × 86 غ",24,علبة
simple,BK-817D5B,"أولكر ديدو تريو 36.5 غرام",1,0,visible,"<p>ويفر وشوكولاتة من أولكر (Ülker) بنكهة الشوكولاتة، وزن القطعة 36.5 غرام، هامش جيد ودوران سريع. التعبئة: 24 × 36.5 غ.</p>","<p><strong>أولكر ديدو تريو 36.5 غرام</strong> (<span lang=""tr"">Ülker Dido Trio 36,5 g</span>): ويفر وشوكولاتة من أولكر (Ülker) بنكهة الشوكولاتة، وزن القطعة 36.5 غرام، هامش جيد ودوران سريع. من منتجات أولكر (Ülker)، متوفر عندنا بالجملة لمحلات البقالة والماركت في إسطنبول.</p><h2>تفاصيل البيع بالجملة</h2><ul><li>وحدة البيع: علبة فيها 24 قطعة</li><li>التعبئة: 24 × 36.5 غ</li><li>القسم: الشوكولاتة والويفر</li><li>العلامة: أولكر · Ülker</li></ul><h2>لماذا يطلبه أصحاب المحلات؟</h2><ul><li>صنف شراء سريع قرب الكاشير.</li><li>سعر القطعة صغير فيشجع الشراء المتكرر.</li><li>مطلوب لدى الأطفال والشباب.</li></ul><h2>التوصيل والدفع</h2><p>نوصل أولكر ديدو تريو 36.5 غرام إلى باب محلك أو نرتبه على الرف في كل مناطق إسطنبول، والدفع نقداً عند الاستلام. للطلبات خارج إسطنبول أو خارج تركيا يكون الدفع بتحويل بنكي. تظهر الأسعار بعد فتح حساب جملة وتأكيده عبر واتساب.</p><p>يبحث عنه التجار أيضاً باسم «Ülker Dido Trio 36,5 g»، و«اولكر ديدو جملة»، و«ديدو جملة اسطنبول».</p>",555.75,585,"شوكولاتة, عروض",1,أولكر,ulker,ديدو,"Ülker Dido Trio 36,5 g",chocolate,"24 × 36.5 غ",24,علبة
simple,BK-1C6213,"أولكر ديدو حليب 35 غرام",1,1,visible,"<p>لوح من أولكر (Ülker) بنكهة الحليب، وزن القطعة 35 غرام، مطلوب في البقالات وأكشاك المدارس. التعبئة: 24 × 35 غ.</p>","<p><strong>أولكر ديدو حليب 35 غرام</strong> (<span lang=""tr"">Ülker Dido Sütlü Gofret 35 g</span>): لوح من أولكر (Ülker) بنكهة الحليب، وزن القطعة 35 غرام، مطلوب في البقالات وأكشاك المدارس. من منتجات أولكر (Ülker)، متوفر عندنا بالجملة لمحلات البقالة والماركت في إسطنبول.</p><h2>تفاصيل البيع بالجملة</h2><ul><li>وحدة البيع: علبة فيها 24 قطعة</li><li>التعبئة: 24 × 35 غ</li><li>القسم: الشوكولاتة والويفر</li><li>العلامة: أولكر · Ülker</li></ul><h2>لماذا يطلبه أصحاب المحلات؟</h2><ul><li>صنف شراء سريع قرب الكاشير.</li><li>سعر القطعة صغير فيشجع الشراء المتكرر.</li><li>مطلوب لدى الأطفال والشباب.</li></ul><h2>التوصيل والدفع</h2><p>نوصل أولكر ديدو حليب 35 غرام إلى باب محلك أو نرتبه على الرف في كل مناطق إسطنبول، والدفع نقداً عند الاستلام. للطلبات خارج إسطنبول أو خارج تركيا يكون الدفع بتحويل بنكي. تظهر الأسعار بعد فتح حساب جملة وتأكيده عبر واتساب.</p><p>يبحث عنه التجار أيضاً باسم «Ülker Dido Sütlü Gofret 35 g»، و«اولكر ديدو جملة»، و«ديدو جملة اسطنبول».</p>",513,540,"شوكولاتة, عروض",1,أولكر,ulker,ديدو,"Ülker Dido Sütlü Gofret 35 g",milk,"24 × 35 غ",24,علبة
simple,BK-DC4EEF,"أولكر ديدو فرامواز 37 غرام",1,0,visible,"<p>شوكولاتة وويفر من أولكر (Ülker) بطعم التوت، وزن القطعة 37 غرام، صنف شراء سريع قرب الكاشير. التعبئة: 24 × 37 غ.</p>","<p><strong>أولكر ديدو فرامواز 37 غرام</strong> (<span lang=""tr"">Ülker Dido Frambuazlı 37 g</span>): شوكولاتة وويفر من أولكر (Ülker) بطعم التوت، وزن القطعة 37 غرام، صنف شراء سريع قرب الكاشير. من منتجات أولكر (Ülker)، متوفر عندنا بالجملة لمحلات البقالة والماركت في إسطنبول.</p><h2>تفاصيل البيع بالجملة</h2><ul><li>وحدة البيع: علبة فيها 24 قطعة</li><li>التعبئة: 24 × 37 غ</li><li>القسم: الشوكولاتة والويفر</li><li>العلامة: أولكر · Ülker</li></ul><h2>لماذا يطلبه أصحاب المحلات؟</h2><ul><li>صنف شراء سريع قرب الكاشير.</li><li>سعر القطعة صغير فيشجع الشراء المتكرر.</li><li>مطلوب لدى الأطفال والشباب.</li></ul><h2>التوصيل والدفع</h2><p>نوصل أولكر ديدو فرامواز 37 غرام إلى باب محلك أو نرتبه على الرف في كل مناطق إسطنبول، والدفع نقداً عند الاستلام. للطلبات خارج إسطنبول أو خارج تركيا يكون الدفع بتحويل بنكي. تظهر الأسعار بعد فتح حساب جملة وتأكيده عبر واتساب.</p><p>يبحث عنه التجار أيضاً باسم «Ülker Dido Frambuazlı 37 g»، و«اولكر ديدو جملة»، و«ديدو جملة اسطنبول».</p>",513,540,"شوكولاتة, عروض",1,أولكر,ulker,ديدو,"Ülker Dido Frambuazlı 37 g",raspberry,"24 × 37 غ",24,علبة
simple,BK-D0C32F,"أولكر روندو فريز 61 غرام",1,0,visible,"<p>بسكويت من أولكر (Ülker) بنكهة الفراولة، وزن القطعة 61 غرام، من الأصناف سريعة الدوران في الماركت. التعبئة: 24 × 61 غ.</p>","<p><strong>أولكر روندو فريز 61 غرام</strong> (<span lang=""tr"">Ülker Rondo Çilekli 61 g</span>): بسكويت من أولكر (Ülker) بنكهة الفراولة، وزن القطعة 61 غرام، من الأصناف سريعة الدوران في الماركت. من منتجات أولكر (Ülker)، متوفر عندنا بالجملة لمحلات البقالة والماركت في إسطنبول.</p><h2>تفاصيل البيع بالجملة</h2><ul><li>وحدة البيع: علبة فيها 24 قطعة</li><li>التعبئة: 24 × 61 غ</li><li>القسم: البسكويت والكوكيز</li><li>العلامة: أولكر · Ülker</li></ul><h2>لماذا يطلبه أصحاب المحلات؟</h2><ul><li>من أكثر الأصناف دوراناً في البقالات طوال العام.</li><li>مناسب للضيافة ووقت الشاي والمدارس.</li><li>هامش ربح جيد عند البيع بالقطعة.</li></ul><h2>التوصيل والدفع</h2><p>نوصل أولكر روندو فريز 61 غرام إلى باب محلك أو نرتبه على الرف في كل مناطق إسطنبول، والدفع نقداً عند الاستلام. للطلبات خارج إسطنبول أو خارج تركيا يكون الدفع بتحويل بنكي. تظهر الأسعار بعد فتح حساب جملة وتأكيده عبر واتساب.</p><p>يبحث عنه التجار أيضاً باسم «Ülker Rondo Çilekli 61 g»، و«اولكر روندو جملة»، و«روندو جملة اسطنبول».</p>",280.25,295,"بسكويت, عروض",1,أولكر,ulker,روندو,"Ülker Rondo Çilekli 61 g",strawberry,"24 × 61 غ",24,علبة
simple,BK-05CB06,"أولكر روندو موز 61 غرام",1,0,visible,"<p>بسكويت من أولكر (Ülker) بطعم الموز، وزن القطعة 61 غرام، صنف ثابت الطلب على رف البسكويت. التعبئة: 24 × 61 غ.</p>","<p><strong>أولكر روندو موز 61 غرام</strong> (<span lang=""tr"">Ülker Rondo Muzlu 61 g</span>): بسكويت من أولكر (Ülker) بطعم الموز، وزن القطعة 61 غرام، صنف ثابت الطلب على رف البسكويت. من منتجات أولكر (Ülker)، متوفر عندنا بالجملة لمحلات البقالة والماركت في إسطنبول.</p><h2>تفاصيل البيع بالجملة</h2><ul><li>وحدة البيع: علبة فيها 24 قطعة</li><li>التعبئة: 24 × 61 غ</li><li>القسم: البسكويت والكوكيز</li><li>العلامة: أولكر · Ülker</li></ul><h2>لماذا يطلبه أصحاب المحلات؟</h2><ul><li>من أكثر الأصناف دوراناً في البقالات طوال العام.</li><li>مناسب للضيافة ووقت الشاي والمدارس.</li><li>هامش ربح جيد عند البيع بالقطعة.</li></ul><h2>التوصيل والدفع</h2><p>نوصل أولكر روندو موز 61 غرام إلى باب محلك أو نرتبه على الرف في كل مناطق إسطنبول، والدفع نقداً عند الاستلام. للطلبات خارج إسطنبول أو خارج تركيا يكون الدفع بتحويل بنكي. تظهر الأسعار بعد فتح حساب جملة وتأكيده عبر واتساب.</p><p>يبحث عنه التجار أيضاً باسم «Ülker Rondo Muzlu 61 g»، و«اولكر روندو جملة»، و«روندو جملة اسطنبول».</p>",280.25,295,"بسكويت, عروض",1,أولكر,ulker,روندو,"Ülker Rondo Muzlu 61 g",banana,"24 × 61 غ",24,علبة
simple,BK-EBBF25,"أولكر ساكليكوي تشيز كيك 100 غرام",1,0,visible,"<p>بسكويت من أولكر (Ülker) بطعم الفانيليا، وزن القطعة 100 غرام، صنف ثابت الطلب على رف البسكويت. التعبئة: 18 × 100 غ.</p>","<p><strong>أولكر ساكليكوي تشيز كيك 100 غرام</strong> (<span lang=""tr"">Ülker Saklıköy Cheesecake 100 g</span>): بسكويت من أولكر (Ülker) بطعم الفانيليا، وزن القطعة 100 غرام، صنف ثابت الطلب على رف البسكويت. من منتجات أولكر (Ülker)، متوفر عندنا بالجملة لمحلات البقالة والماركت في إسطنبول.</p><h2>تفاصيل البيع بالجملة</h2><ul><li>وحدة البيع: علبة فيها 18 قطعة</li><li>التعبئة: 18 × 100 غ</li><li>القسم: البسكويت والكوكيز</li><li>العلامة: أولكر · Ülker</li></ul><h2>لماذا يطلبه أصحاب المحلات؟</h2><ul><li>من أكثر الأصناف دوراناً في البقالات طوال العام.</li><li>مناسب للضيافة ووقت الشاي والمدارس.</li><li>هامش ربح جيد عند البيع بالقطعة.</li></ul><h2>التوصيل والدفع</h2><p>نوصل أولكر ساكليكوي تشيز كيك 100 غرام إلى باب محلك أو نرتبه على الرف في كل مناطق إسطنبول، والدفع نقداً عند الاستلام. للطلبات خارج إسطنبول أو خارج تركيا يكون الدفع بتحويل بنكي. تظهر الأسعار بعد فتح حساب جملة وتأكيده عبر واتساب.</p><p>يبحث عنه التجار أيضاً باسم «Ülker Saklıköy Cheesecake 100 g»، و«اولكر صاقلي كوي جملة»، و«صاقلي كوي جملة اسطنبول».</p>",489.25,515,"بسكويت, عروض",1,أولكر,ulker,"صاقلي كوي","Ülker Saklıköy Cheesecake 100 g",vanilla,"18 × 100 غ",18,علبة
simple,BK-0DC490,"أولكر ساكليكوي حليب 100 غرام",1,0,visible,"<p>بسكويت من أولكر (Ülker) بنكهة الحليب، وزن القطعة 100 غرام، من الأصناف سريعة الدوران في الماركت. التعبئة: 24 × 100 غ.</p>","<p><strong>أولكر ساكليكوي حليب 100 غرام</strong> (<span lang=""tr"">Ülker Saklıköy Sütlü 100 g</span>): بسكويت من أولكر (Ülker) بنكهة الحليب، وزن القطعة 100 غرام، من الأصناف سريعة الدوران في الماركت. من منتجات أولكر (Ülker)، متوفر عندنا بالجملة لمحلات البقالة والماركت في إسطنبول.</p><h2>تفاصيل البيع بالجملة</h2><ul><li>وحدة البيع: علبة فيها 24 قطعة</li><li>التعبئة: 24 × 100 غ</li><li>القسم: البسكويت والكوكيز</li><li>العلامة: أولكر · Ülker</li></ul><h2>لماذا يطلبه أصحاب المحلات؟</h2><ul><li>من أكثر الأصناف دوراناً في البقالات طوال العام.</li><li>مناسب للضيافة ووقت الشاي والمدارس.</li><li>هامش ربح جيد عند البيع بالقطعة.</li></ul><h2>التوصيل والدفع</h2><p>نوصل أولكر ساكليكوي حليب 100 غرام إلى باب محلك أو نرتبه على الرف في كل مناطق إسطنبول، والدفع نقداً عند الاستلام. للطلبات خارج إسطنبول أو خارج تركيا يكون الدفع بتحويل بنكي. تظهر الأسعار بعد فتح حساب جملة وتأكيده عبر واتساب.</p><p>يبحث عنه التجار أيضاً باسم «Ülker Saklıköy Sütlü 100 g»، و«اولكر صاقلي كوي جملة»، و«صاقلي كوي جملة اسطنبول».</p>",465.5,490,"بسكويت, عروض",1,أولكر,ulker,"صاقلي كوي","Ülker Saklıköy Sütlü 100 g",milk,"24 × 100 غ",24,علبة
simple,BK-183C6C,"أولكر ساكليكوي حليب مدورة 100 غرام",1,0,visible,"<p>بسكويت من أولكر (Ülker) بنكهة الحليب، وزن القطعة 100 غرام، من الأصناف سريعة الدوران في الماركت. التعبئة: 18 × 100 غ.</p>","<p><strong>أولكر ساكليكوي حليب مدورة 100 غرام</strong> (<span lang=""tr"">Ülker Saklıköy Sütlü Yuvarlak 100 g</span>): بسكويت من أولكر (Ülker) بنكهة الحليب، وزن القطعة 100 غرام، من الأصناف سريعة الدوران في الماركت. من منتجات أولكر (Ülker)، متوفر عندنا بالجملة لمحلات البقالة والماركت في إسطنبول.</p><h2>تفاصيل البيع بالجملة</h2><ul><li>وحدة البيع: علبة فيها 18 قطعة</li><li>التعبئة: 18 × 100 غ</li><li>القسم: البسكويت والكوكيز</li><li>العلامة: أولكر · Ülker</li></ul><h2>لماذا يطلبه أصحاب المحلات؟</h2><ul><li>من أكثر الأصناف دوراناً في البقالات طوال العام.</li><li>مناسب للضيافة ووقت الشاي والمدارس.</li><li>هامش ربح جيد عند البيع بالقطعة.</li></ul><h2>التوصيل والدفع</h2><p>نوصل أولكر ساكليكوي حليب مدورة 100 غرام إلى باب محلك أو نرتبه على الرف في كل مناطق إسطنبول، والدفع نقداً عند الاستلام. للطلبات خارج إسطنبول أو خارج تركيا يكون الدفع بتحويل بنكي. تظهر الأسعار بعد فتح حساب جملة وتأكيده عبر واتساب.</p><p>يبحث عنه التجار أيضاً باسم «Ülker Saklıköy Sütlü Yuvarlak 100 g»، و«اولكر صاقلي كوي جملة»، و«صاقلي كوي جملة اسطنبول».</p>",489.25,515,"بسكويت, عروض",1,أولكر,ulker,"صاقلي كوي","Ülker Saklıköy Sütlü Yuvarlak 100 g",milk,"18 × 100 غ",18,علبة
simple,BK-92EE0D,"أولكر ساكليكوي شوكولا 87 غرام",1,0,visible,"<p>بسكويت مقرمش من أولكر (Ülker) بنكهة الشوكولاتة، وزن القطعة 87 غرام، يناسب الضيافة والشاي ووجبات المدرسة. التعبئة: 24 × 87 غ.</p>","<p><strong>أولكر ساكليكوي شوكولا 87 غرام</strong> (<span lang=""tr"">Ülker Saklıköy Çikolatalı 87 g</span>): بسكويت مقرمش من أولكر (Ülker) بنكهة الشوكولاتة، وزن القطعة 87 غرام، يناسب الضيافة والشاي ووجبات المدرسة. من منتجات أولكر (Ülker)، متوفر عندنا بالجملة لمحلات البقالة والماركت في إسطنبول.</p><h2>تفاصيل البيع بالجملة</h2><ul><li>وحدة البيع: علبة فيها 24 قطعة</li><li>التعبئة: 24 × 87 غ</li><li>القسم: البسكويت والكوكيز</li><li>العلامة: أولكر · Ülker</li></ul><h2>لماذا يطلبه أصحاب المحلات؟</h2><ul><li>من أكثر الأصناف دوراناً في البقالات طوال العام.</li><li>مناسب للضيافة ووقت الشاي والمدارس.</li><li>هامش ربح جيد عند البيع بالقطعة.</li></ul><h2>التوصيل والدفع</h2><p>نوصل أولكر ساكليكوي شوكولا 87 غرام إلى باب محلك أو نرتبه على الرف في كل مناطق إسطنبول، والدفع نقداً عند الاستلام. للطلبات خارج إسطنبول أو خارج تركيا يكون الدفع بتحويل بنكي. تظهر الأسعار بعد فتح حساب جملة وتأكيده عبر واتساب.</p><p>يبحث عنه التجار أيضاً باسم «Ülker Saklıköy Çikolatalı 87 g»، و«اولكر صاقلي كوي جملة»، و«صاقلي كوي جملة اسطنبول».</p>",465.5,490,"بسكويت, عروض",1,أولكر,ulker,"صاقلي كوي","Ülker Saklıköy Çikolatalı 87 g",chocolate,"24 × 87 غ",24,علبة
simple,BK-097FBA,"أولكر شوبوك كراكر 40 غرام",1,0,visible,"<p>شيبس ومقرمشات من أولكر (Ülker) بنكهة الملح، وزن القطعة 40 غرام، تسالي مالحة يرتفع طلبها في المساء. التعبئة: 36 × 40 غ.</p>","<p><strong>أولكر شوبوك كراكر 40 غرام</strong> (<span lang=""tr"">Ülker Çubuk Kraker 40 g</span>): شيبس ومقرمشات من أولكر (Ülker) بنكهة الملح، وزن القطعة 40 غرام، تسالي مالحة يرتفع طلبها في المساء. من منتجات أولكر (Ülker)، متوفر عندنا بالجملة لمحلات البقالة والماركت في إسطنبول.</p><h2>تفاصيل البيع بالجملة</h2><ul><li>وحدة البيع: علبة فيها 36 قطعة</li><li>التعبئة: 36 × 40 غ</li><li>القسم: الشيبس والمقرمشات</li><li>العلامة: أولكر · Ülker</li></ul><h2>لماذا يطلبه أصحاب المحلات؟</h2><ul><li>تسالي مالحة ترفع قيمة سلة الزبون.</li><li>يزداد طلبها في المساء وأيام المباريات.</li><li>تُعرض بجانب المشروبات الغازية.</li></ul><h2>التوصيل والدفع</h2><p>نوصل أولكر شوبوك كراكر 40 غرام إلى باب محلك أو نرتبه على الرف في كل مناطق إسطنبول، والدفع نقداً عند الاستلام. للطلبات خارج إسطنبول أو خارج تركيا يكون الدفع بتحويل بنكي. تظهر الأسعار بعد فتح حساب جملة وتأكيده عبر واتساب.</p><p>يبحث عنه التجار أيضاً باسم «Ülker Çubuk Kraker 40 g»، و«اولكر أصابع كراكر جملة»، و«أصابع كراكر جملة اسطنبول».</p>",209,220,"شيبس, عروض",1,أولكر,ulker,"أصابع كراكر","Ülker Çubuk Kraker 40 g",salty,"36 × 40 غ",36,علبة
simple,BK-135277,"أولكر شوكولا غوفريت احمر 36 غرام",1,1,visible,"<p>ويفر وشوكولاتة من أولكر (Ülker) بنكهة الشوكولاتة، وزن القطعة 36 غرام، هامش جيد ودوران سريع. التعبئة: 36 × 36 غ.</p>","<p><strong>أولكر شوكولا غوفريت احمر 36 غرام</strong> (<span lang=""tr"">Ülker Çikolatalı Gofret 36 g</span>): ويفر وشوكولاتة من أولكر (Ülker) بنكهة الشوكولاتة، وزن القطعة 36 غرام، هامش جيد ودوران سريع. من منتجات أولكر (Ülker)، متوفر عندنا بالجملة لمحلات البقالة والماركت في إسطنبول.</p><h2>تفاصيل البيع بالجملة</h2><ul><li>وحدة البيع: علبة فيها 36 قطعة</li><li>التعبئة: 36 × 36 غ</li><li>القسم: الشوكولاتة والويفر</li><li>العلامة: أولكر · Ülker</li></ul><h2>لماذا يطلبه أصحاب المحلات؟</h2><ul><li>صنف شراء سريع قرب الكاشير.</li><li>سعر القطعة صغير فيشجع الشراء المتكرر.</li><li>مطلوب لدى الأطفال والشباب.</li></ul><h2>التوصيل والدفع</h2><p>نوصل أولكر شوكولا غوفريت احمر 36 غرام إلى باب محلك أو نرتبه على الرف في كل مناطق إسطنبول، والدفع نقداً عند الاستلام. للطلبات خارج إسطنبول أو خارج تركيا يكون الدفع بتحويل بنكي. تظهر الأسعار بعد فتح حساب جملة وتأكيده عبر واتساب.</p><p>يبحث عنه التجار أيضاً باسم «Ülker Çikolatalı Gofret 36 g»، و«اولكر ويفر أولكر جملة»، و«ويفر أولكر جملة اسطنبول».</p>",498.75,525,"شوكولاتة, عروض",1,أولكر,ulker,"ويفر أولكر","Ülker Çikolatalı Gofret 36 g",chocolate,"36 × 36 غ",36,علبة
simple,BK-AD1378,"أولكر شوكولا غوفريت بيتتر 36 غرام",1,0,visible,"<p>ويفر وشوكولاتة من أولكر (Ülker) بنكهة الشوكولاتة الداكنة، وزن القطعة 36 غرام، هامش جيد ودوران سريع. التعبئة: 24 × 36 غ.</p>","<p><strong>أولكر شوكولا غوفريت بيتتر 36 غرام</strong> (<span lang=""tr"">Ülker Bitter Çikolatalı Gofret 36 g</span>): ويفر وشوكولاتة من أولكر (Ülker) بنكهة الشوكولاتة الداكنة، وزن القطعة 36 غرام، هامش جيد ودوران سريع. من منتجات أولكر (Ülker)، متوفر عندنا بالجملة لمحلات البقالة والماركت في إسطنبول.</p><h2>تفاصيل البيع بالجملة</h2><ul><li>وحدة البيع: علبة فيها 24 قطعة</li><li>التعبئة: 24 × 36 غ</li><li>القسم: الشوكولاتة والويفر</li><li>العلامة: أولكر · Ülker</li></ul><h2>لماذا يطلبه أصحاب المحلات؟</h2><ul><li>صنف شراء سريع قرب الكاشير.</li><li>سعر القطعة صغير فيشجع الشراء المتكرر.</li><li>مطلوب لدى الأطفال والشباب.</li></ul><h2>التوصيل والدفع</h2><p>نوصل أولكر شوكولا غوفريت بيتتر 36 غرام إلى باب محلك أو نرتبه على الرف في كل مناطق إسطنبول، والدفع نقداً عند الاستلام. للطلبات خارج إسطنبول أو خارج تركيا يكون الدفع بتحويل بنكي. تظهر الأسعار بعد فتح حساب جملة وتأكيده عبر واتساب.</p><p>يبحث عنه التجار أيضاً باسم «Ülker Bitter Çikolatalı Gofret 36 g»، و«اولكر ويفر أولكر جملة»، و«ويفر أولكر جملة اسطنبول».</p>",332.5,350,"شوكولاتة, عروض",1,أولكر,ulker,"ويفر أولكر","Ülker Bitter Çikolatalı Gofret 36 g",dark,"24 × 36 غ",24,علبة
simple,BK-DD36F8,"أولكر شيزي فيش 82 غرام",1,0,visible,"<p>مقرمشات من أولكر (Ülker) بطعم الجبنة، وزن القطعة 82 غرام، تُعرض قرب المشروبات لتشجيع الشراء المزدوج. التعبئة: 24 × 82 غ.</p>","<p><strong>أولكر شيزي فيش 82 غرام</strong> (<span lang=""tr"">Ülker Çizi Balık Kraker 82 g</span>): مقرمشات من أولكر (Ülker) بطعم الجبنة، وزن القطعة 82 غرام، تُعرض قرب المشروبات لتشجيع الشراء المزدوج. من منتجات أولكر (Ülker)، متوفر عندنا بالجملة لمحلات البقالة والماركت في إسطنبول.</p><h2>تفاصيل البيع بالجملة</h2><ul><li>وحدة البيع: علبة فيها 24 قطعة</li><li>التعبئة: 24 × 82 غ</li><li>القسم: الشيبس والمقرمشات</li><li>العلامة: أولكر · Ülker</li></ul><h2>لماذا يطلبه أصحاب المحلات؟</h2><ul><li>تسالي مالحة ترفع قيمة سلة الزبون.</li><li>يزداد طلبها في المساء وأيام المباريات.</li><li>تُعرض بجانب المشروبات الغازية.</li></ul><h2>التوصيل والدفع</h2><p>نوصل أولكر شيزي فيش 82 غرام إلى باب محلك أو نرتبه على الرف في كل مناطق إسطنبول، والدفع نقداً عند الاستلام. للطلبات خارج إسطنبول أو خارج تركيا يكون الدفع بتحويل بنكي. تظهر الأسعار بعد فتح حساب جملة وتأكيده عبر واتساب.</p><p>يبحث عنه التجار أيضاً باسم «Ülker Çizi Balık Kraker 82 g»، و«اولكر تشيزي جملة»، و«تشيزي جملة اسطنبول».</p>",418,440,"شيبس, عروض",1,أولكر,ulker,تشيزي,"Ülker Çizi Balık Kraker 82 g",cheese,"24 × 82 غ",24,علبة
simple,BK-860163,"أولكر شيزي كراكر 70 غرام",1,0,visible,"<p>شيبس ومقرمشات من أولكر (Ülker) بنكهة الجبنة، وزن القطعة 70 غرام، تسالي مالحة يرتفع طلبها في المساء. التعبئة: 24 × 70 غ.</p>","<p><strong>أولكر شيزي كراكر 70 غرام</strong> (<span lang=""tr"">Ülker Çizi Kraker 70 g</span>): شيبس ومقرمشات من أولكر (Ülker) بنكهة الجبنة، وزن القطعة 70 غرام، تسالي مالحة يرتفع طلبها في المساء. من منتجات أولكر (Ülker)، متوفر عندنا بالجملة لمحلات البقالة والماركت في إسطنبول.</p><h2>تفاصيل البيع بالجملة</h2><ul><li>وحدة البيع: علبة فيها 24 قطعة</li><li>التعبئة: 24 × 70 غ</li><li>القسم: الشيبس والمقرمشات</li><li>العلامة: أولكر · Ülker</li></ul><h2>لماذا يطلبه أصحاب المحلات؟</h2><ul><li>تسالي مالحة ترفع قيمة سلة الزبون.</li><li>يزداد طلبها في المساء وأيام المباريات.</li><li>تُعرض بجانب المشروبات الغازية.</li></ul><h2>التوصيل والدفع</h2><p>نوصل أولكر شيزي كراكر 70 غرام إلى باب محلك أو نرتبه على الرف في كل مناطق إسطنبول، والدفع نقداً عند الاستلام. للطلبات خارج إسطنبول أو خارج تركيا يكون الدفع بتحويل بنكي. تظهر الأسعار بعد فتح حساب جملة وتأكيده عبر واتساب.</p><p>يبحث عنه التجار أيضاً باسم «Ülker Çizi Kraker 70 g»، و«اولكر تشيزي جملة»، و«تشيزي جملة اسطنبول».</p>",313.5,330,"شيبس, عروض",1,أولكر,ulker,تشيزي,"Ülker Çizi Kraker 70 g",cheese,"24 × 70 غ",24,علبة
simple,BK-34FD8F,"أولكر علكة اونيو بطيخ 14 غرام",1,0,visible,"<p>علكة من أولكر (Ülker) بنكهة البطيخ، وزن القطعة 14 غرام، تُعرض على الكاشير وتباع طوال اليوم. التعبئة: 27 × 14 غ.</p>","<p><strong>أولكر علكة اونيو بطيخ 14 غرام</strong> (<span lang=""tr"">Ülker Oneo Sakız Karpuz 14 g</span>): علكة من أولكر (Ülker) بنكهة البطيخ، وزن القطعة 14 غرام، تُعرض على الكاشير وتباع طوال اليوم. من منتجات أولكر (Ülker)، متوفر عندنا بالجملة لمحلات البقالة والماركت في إسطنبول.</p><h2>تفاصيل البيع بالجملة</h2><ul><li>وحدة البيع: علبة فيها 27 قطعة</li><li>التعبئة: 27 × 14 غ</li><li>القسم: العلكة</li><li>العلامة: أولكر · Ülker</li></ul><h2>لماذا يطلبه أصحاب المحلات؟</h2><ul><li>أول صنف على الكاشير.</li><li>تُباع طوال اليوم دون موسم.</li><li>لا تحتاج مساحة كبيرة على الرف.</li></ul><h2>التوصيل والدفع</h2><p>نوصل أولكر علكة اونيو بطيخ 14 غرام إلى باب محلك أو نرتبه على الرف في كل مناطق إسطنبول، والدفع نقداً عند الاستلام. للطلبات خارج إسطنبول أو خارج تركيا يكون الدفع بتحويل بنكي. تظهر الأسعار بعد فتح حساب جملة وتأكيده عبر واتساب.</p><p>يبحث عنه التجار أيضاً باسم «Ülker Oneo Sakız Karpuz 14 g»، و«اولكر أونيو جملة»، و«أونيو جملة اسطنبول».</p>",308.75,325,"علكة, عروض",1,أولكر,ulker,أونيو,"Ülker Oneo Sakız Karpuz 14 g",watermelon,"27 × 14 غ",27,علبة
simple,BK-923054,"أولكر علكة اونيو فريز 14 غرام",1,0,visible,"<p>علكة من أولكر (Ülker) بنكهة الفراولة، وزن القطعة 14 غرام، تُعرض على الكاشير وتباع طوال اليوم. التعبئة: 27 × 14 غ.</p>","<p><strong>أولكر علكة اونيو فريز 14 غرام</strong> (<span lang=""tr"">Ülker Oneo Sakız Çilek 14 g</span>): علكة من أولكر (Ülker) بنكهة الفراولة، وزن القطعة 14 غرام، تُعرض على الكاشير وتباع طوال اليوم. من منتجات أولكر (Ülker)، متوفر عندنا بالجملة لمحلات البقالة والماركت في إسطنبول.</p><h2>تفاصيل البيع بالجملة</h2><ul><li>وحدة البيع: علبة فيها 27 قطعة</li><li>التعبئة: 27 × 14 غ</li><li>القسم: العلكة</li><li>العلامة: أولكر · Ülker</li></ul><h2>لماذا يطلبه أصحاب المحلات؟</h2><ul><li>أول صنف على الكاشير.</li><li>تُباع طوال اليوم دون موسم.</li><li>لا تحتاج مساحة كبيرة على الرف.</li></ul><h2>التوصيل والدفع</h2><p>نوصل أولكر علكة اونيو فريز 14 غرام إلى باب محلك أو نرتبه على الرف في كل مناطق إسطنبول، والدفع نقداً عند الاستلام. للطلبات خارج إسطنبول أو خارج تركيا يكون الدفع بتحويل بنكي. تظهر الأسعار بعد فتح حساب جملة وتأكيده عبر واتساب.</p><p>يبحث عنه التجار أيضاً باسم «Ülker Oneo Sakız Çilek 14 g»، و«اولكر أونيو جملة»، و«أونيو جملة اسطنبول».</p>",308.75,325,"علكة, عروض",1,أولكر,ulker,أونيو,"Ülker Oneo Sakız Çilek 14 g",strawberry,"27 × 14 غ",27,علبة
simple,BK-918BF0,"أولكر علكة اونيو نعنع ازرق 14 غرام",1,0,visible,"<p>علكة من أولكر (Ülker) بطعم النعناع، وزن القطعة 14 غرام، صنف صغير السعر ودوران سريع. التعبئة: 27 × 14 غ.</p>","<p><strong>أولكر علكة اونيو نعنع ازرق 14 غرام</strong> (<span lang=""tr"">Ülker Oneo Sakız Mavi Nane 14 g</span>): علكة من أولكر (Ülker) بطعم النعناع، وزن القطعة 14 غرام، صنف صغير السعر ودوران سريع. من منتجات أولكر (Ülker)، متوفر عندنا بالجملة لمحلات البقالة والماركت في إسطنبول.</p><h2>تفاصيل البيع بالجملة</h2><ul><li>وحدة البيع: علبة فيها 27 قطعة</li><li>التعبئة: 27 × 14 غ</li><li>القسم: العلكة</li><li>العلامة: أولكر · Ülker</li></ul><h2>لماذا يطلبه أصحاب المحلات؟</h2><ul><li>أول صنف على الكاشير.</li><li>تُباع طوال اليوم دون موسم.</li><li>لا تحتاج مساحة كبيرة على الرف.</li></ul><h2>التوصيل والدفع</h2><p>نوصل أولكر علكة اونيو نعنع ازرق 14 غرام إلى باب محلك أو نرتبه على الرف في كل مناطق إسطنبول، والدفع نقداً عند الاستلام. للطلبات خارج إسطنبول أو خارج تركيا يكون الدفع بتحويل بنكي. تظهر الأسعار بعد فتح حساب جملة وتأكيده عبر واتساب.</p><p>يبحث عنه التجار أيضاً باسم «Ülker Oneo Sakız Mavi Nane 14 g»، و«اولكر أونيو جملة»، و«أونيو جملة اسطنبول».</p>",308.75,325,"علكة, عروض",1,أولكر,ulker,أونيو,"Ülker Oneo Sakız Mavi Nane 14 g",mint,"27 × 14 غ",27,علبة
simple,BK-773431,"أولكر غو اسود 45 غرام",1,0,visible,"<p>ويفر وشوكولاتة من أولكر (Ülker) بنكهة الشوكولاتة الداكنة، وزن القطعة 45 غرام، هامش جيد ودوران سريع. التعبئة: 18 × 45 غ.</p>","<p><strong>أولكر غو اسود 45 غرام</strong> (<span lang=""tr"">Ülker Go Siyah 45 g</span>): ويفر وشوكولاتة من أولكر (Ülker) بنكهة الشوكولاتة الداكنة، وزن القطعة 45 غرام، هامش جيد ودوران سريع. من منتجات أولكر (Ülker)، متوفر عندنا بالجملة لمحلات البقالة والماركت في إسطنبول.</p><h2>تفاصيل البيع بالجملة</h2><ul><li>وحدة البيع: علبة فيها 18 قطعة</li><li>التعبئة: 18 × 45 غ</li><li>القسم: الشوكولاتة والويفر</li><li>العلامة: أولكر · Ülker</li></ul><h2>لماذا يطلبه أصحاب المحلات؟</h2><ul><li>صنف شراء سريع قرب الكاشير.</li><li>سعر القطعة صغير فيشجع الشراء المتكرر.</li><li>مطلوب لدى الأطفال والشباب.</li></ul><h2>التوصيل والدفع</h2><p>نوصل أولكر غو اسود 45 غرام إلى باب محلك أو نرتبه على الرف في كل مناطق إسطنبول، والدفع نقداً عند الاستلام. للطلبات خارج إسطنبول أو خارج تركيا يكون الدفع بتحويل بنكي. تظهر الأسعار بعد فتح حساب جملة وتأكيده عبر واتساب.</p><p>يبحث عنه التجار أيضاً باسم «Ülker Go Siyah 45 g»، و«اولكر غو جملة»، و«غو جملة اسطنبول».</p>",921.5,970,"شوكولاتة, عروض",1,أولكر,ulker,غو,"Ülker Go Siyah 45 g",dark,"18 × 45 غ",18,علبة
simple,BK-66A949,"أولكر غو برتقالي 40 غرام",1,0,visible,"<p>شوكولاتة وويفر من أولكر (Ülker) بطعم البرتقال، وزن القطعة 40 غرام، صنف شراء سريع قرب الكاشير. التعبئة: 18 × 40 غ.</p>","<p><strong>أولكر غو برتقالي 40 غرام</strong> (<span lang=""tr"">Ülker Go Portakal 40 g</span>): شوكولاتة وويفر من أولكر (Ülker) بطعم البرتقال، وزن القطعة 40 غرام، صنف شراء سريع قرب الكاشير. من منتجات أولكر (Ülker)، متوفر عندنا بالجملة لمحلات البقالة والماركت في إسطنبول.</p><h2>تفاصيل البيع بالجملة</h2><ul><li>وحدة البيع: علبة فيها 18 قطعة</li><li>التعبئة: 18 × 40 غ</li><li>القسم: الشوكولاتة والويفر</li><li>العلامة: أولكر · Ülker</li></ul><h2>لماذا يطلبه أصحاب المحلات؟</h2><ul><li>صنف شراء سريع قرب الكاشير.</li><li>سعر القطعة صغير فيشجع الشراء المتكرر.</li><li>مطلوب لدى الأطفال والشباب.</li></ul><h2>التوصيل والدفع</h2><p>نوصل أولكر غو برتقالي 40 غرام إلى باب محلك أو نرتبه على الرف في كل مناطق إسطنبول، والدفع نقداً عند الاستلام. للطلبات خارج إسطنبول أو خارج تركيا يكون الدفع بتحويل بنكي. تظهر الأسعار بعد فتح حساب جملة وتأكيده عبر واتساب.</p><p>يبحث عنه التجار أيضاً باسم «Ülker Go Portakal 40 g»، و«اولكر غو جملة»، و«غو جملة اسطنبول».</p>",755.25,795,"شوكولاتة, عروض",1,أولكر,ulker,غو,"Ülker Go Portakal 40 g",orange,"18 × 40 غ",18,علبة
simple,BK-DC189C,"أولكر غو فواكه 35 غرام",1,0,visible,"<p>لوح من أولكر (Ülker) بنكهة الفواكه، وزن القطعة 35 غرام، مطلوب في البقالات وأكشاك المدارس. التعبئة: 18 × 35 غ.</p>","<p><strong>أولكر غو فواكه 35 غرام</strong> (<span lang=""tr"">Ülker Go Meyveli 35 g</span>): لوح من أولكر (Ülker) بنكهة الفواكه، وزن القطعة 35 غرام، مطلوب في البقالات وأكشاك المدارس. من منتجات أولكر (Ülker)، متوفر عندنا بالجملة لمحلات البقالة والماركت في إسطنبول.</p><h2>تفاصيل البيع بالجملة</h2><ul><li>وحدة البيع: علبة فيها 18 قطعة</li><li>التعبئة: 18 × 35 غ</li><li>القسم: الشوكولاتة والويفر</li><li>العلامة: أولكر · Ülker</li></ul><h2>لماذا يطلبه أصحاب المحلات؟</h2><ul><li>صنف شراء سريع قرب الكاشير.</li><li>سعر القطعة صغير فيشجع الشراء المتكرر.</li><li>مطلوب لدى الأطفال والشباب.</li></ul><h2>التوصيل والدفع</h2><p>نوصل أولكر غو فواكه 35 غرام إلى باب محلك أو نرتبه على الرف في كل مناطق إسطنبول، والدفع نقداً عند الاستلام. للطلبات خارج إسطنبول أو خارج تركيا يكون الدفع بتحويل بنكي. تظهر الأسعار بعد فتح حساب جملة وتأكيده عبر واتساب.</p><p>يبحث عنه التجار أيضاً باسم «Ülker Go Meyveli 35 g»، و«اولكر غو جملة»، و«غو جملة اسطنبول».</p>",855,900,"شوكولاتة, عروض",1,أولكر,ulker,غو,"Ülker Go Meyveli 35 g",fruit,"18 × 35 غ",18,علبة
simple,BK-DF7A0A,"أولكر غو فواكه ازرق 45 غرام",1,0,visible,"<p>ويفر وشوكولاتة من أولكر (Ülker) بنكهة الفواكه، وزن القطعة 45 غرام، هامش جيد ودوران سريع. التعبئة: 18 × 45 غ.</p>","<p><strong>أولكر غو فواكه ازرق 45 غرام</strong> (<span lang=""tr"">Ülker Go Meyveli Mavi 45 g</span>): ويفر وشوكولاتة من أولكر (Ülker) بنكهة الفواكه، وزن القطعة 45 غرام، هامش جيد ودوران سريع. من منتجات أولكر (Ülker)، متوفر عندنا بالجملة لمحلات البقالة والماركت في إسطنبول.</p><h2>تفاصيل البيع بالجملة</h2><ul><li>وحدة البيع: علبة فيها 18 قطعة</li><li>التعبئة: 18 × 45 غ</li><li>القسم: الشوكولاتة والويفر</li><li>العلامة: أولكر · Ülker</li></ul><h2>لماذا يطلبه أصحاب المحلات؟</h2><ul><li>صنف شراء سريع قرب الكاشير.</li><li>سعر القطعة صغير فيشجع الشراء المتكرر.</li><li>مطلوب لدى الأطفال والشباب.</li></ul><h2>التوصيل والدفع</h2><p>نوصل أولكر غو فواكه ازرق 45 غرام إلى باب محلك أو نرتبه على الرف في كل مناطق إسطنبول، والدفع نقداً عند الاستلام. للطلبات خارج إسطنبول أو خارج تركيا يكون الدفع بتحويل بنكي. تظهر الأسعار بعد فتح حساب جملة وتأكيده عبر واتساب.</p><p>يبحث عنه التجار أيضاً باسم «Ülker Go Meyveli Mavi 45 g»، و«اولكر غو جملة»، و«غو جملة اسطنبول».</p>",921.5,970,"شوكولاتة, عروض",1,أولكر,ulker,غو,"Ülker Go Meyveli Mavi 45 g",fruit,"18 × 45 غ",18,علبة
simple,BK-803032,"أولكر غوفريت ابيض 35 غرام",1,0,visible,"<p>لوح من أولكر (Ülker) بنكهة الشوكولاتة البيضاء، وزن القطعة 35 غرام، مطلوب في البقالات وأكشاك المدارس. التعبئة: 24 × 35 غ.</p>","<p><strong>أولكر غوفريت ابيض 35 غرام</strong> (<span lang=""tr"">Ülker Beyaz Çikolatalı Gofret 35 g</span>): لوح من أولكر (Ülker) بنكهة الشوكولاتة البيضاء، وزن القطعة 35 غرام، مطلوب في البقالات وأكشاك المدارس. من منتجات أولكر (Ülker)، متوفر عندنا بالجملة لمحلات البقالة والماركت في إسطنبول.</p><h2>تفاصيل البيع بالجملة</h2><ul><li>وحدة البيع: علبة فيها 24 قطعة</li><li>التعبئة: 24 × 35 غ</li><li>القسم: الشوكولاتة والويفر</li><li>العلامة: أولكر · Ülker</li></ul><h2>لماذا يطلبه أصحاب المحلات؟</h2><ul><li>صنف شراء سريع قرب الكاشير.</li><li>سعر القطعة صغير فيشجع الشراء المتكرر.</li><li>مطلوب لدى الأطفال والشباب.</li></ul><h2>التوصيل والدفع</h2><p>نوصل أولكر غوفريت ابيض 35 غرام إلى باب محلك أو نرتبه على الرف في كل مناطق إسطنبول، والدفع نقداً عند الاستلام. للطلبات خارج إسطنبول أو خارج تركيا يكون الدفع بتحويل بنكي. تظهر الأسعار بعد فتح حساب جملة وتأكيده عبر واتساب.</p><p>يبحث عنه التجار أيضاً باسم «Ülker Beyaz Çikolatalı Gofret 35 g»، و«اولكر ويفر أولكر جملة»، و«ويفر أولكر جملة اسطنبول».</p>",332.5,350,"شوكولاتة, عروض",1,أولكر,ulker,"ويفر أولكر","Ülker Beyaz Çikolatalı Gofret 35 g",white,"24 × 35 غ",24,علبة
simple,BK-5F8662,"أولكر كات تات فريز 28 غرام",1,0,visible,"<p>ويفر وشوكولاتة من أولكر (Ülker) بنكهة الفراولة، وزن القطعة 28 غرام، هامش جيد ودوران سريع. التعبئة: 24 × 28 غ.</p>","<p><strong>أولكر كات تات فريز 28 غرام</strong> (<span lang=""tr"">Ülker Kat Kat Tat Çilekli 28 g</span>): ويفر وشوكولاتة من أولكر (Ülker) بنكهة الفراولة، وزن القطعة 28 غرام، هامش جيد ودوران سريع. من منتجات أولكر (Ülker)، متوفر عندنا بالجملة لمحلات البقالة والماركت في إسطنبول.</p><h2>تفاصيل البيع بالجملة</h2><ul><li>وحدة البيع: علبة فيها 24 قطعة</li><li>التعبئة: 24 × 28 غ</li><li>القسم: الشوكولاتة والويفر</li><li>العلامة: أولكر · Ülker</li></ul><h2>لماذا يطلبه أصحاب المحلات؟</h2><ul><li>صنف شراء سريع قرب الكاشير.</li><li>سعر القطعة صغير فيشجع الشراء المتكرر.</li><li>مطلوب لدى الأطفال والشباب.</li></ul><h2>التوصيل والدفع</h2><p>نوصل أولكر كات تات فريز 28 غرام إلى باب محلك أو نرتبه على الرف في كل مناطق إسطنبول، والدفع نقداً عند الاستلام. للطلبات خارج إسطنبول أو خارج تركيا يكون الدفع بتحويل بنكي. تظهر الأسعار بعد فتح حساب جملة وتأكيده عبر واتساب.</p><p>يبحث عنه التجار أيضاً باسم «Ülker Kat Kat Tat Çilekli 28 g»، و«اولكر كات كات تات جملة»، و«كات كات تات جملة اسطنبول».</p>",185.25,195,"شوكولاتة, عروض",1,أولكر,ulker,"كات كات تات","Ülker Kat Kat Tat Çilekli 28 g",strawberry,"24 × 28 غ",24,علبة
simple,BK-B8FBC8,"أولكر كراميو حليب 32 غرام",1,0,visible,"<p>شوكولاتة وويفر من أولكر (Ülker) بطعم الكراميل، وزن القطعة 32 غرام، صنف شراء سريع قرب الكاشير. التعبئة: 24 × 32 غ.</p>","<p><strong>أولكر كراميو حليب 32 غرام</strong> (<span lang=""tr"">Ülker Caramio Sütlü 32 g</span>): شوكولاتة وويفر من أولكر (Ülker) بطعم الكراميل، وزن القطعة 32 غرام، صنف شراء سريع قرب الكاشير. من منتجات أولكر (Ülker)، متوفر عندنا بالجملة لمحلات البقالة والماركت في إسطنبول.</p><h2>تفاصيل البيع بالجملة</h2><ul><li>وحدة البيع: علبة فيها 24 قطعة</li><li>التعبئة: 24 × 32 غ</li><li>القسم: الشوكولاتة والويفر</li><li>العلامة: أولكر · Ülker</li></ul><h2>لماذا يطلبه أصحاب المحلات؟</h2><ul><li>صنف شراء سريع قرب الكاشير.</li><li>سعر القطعة صغير فيشجع الشراء المتكرر.</li><li>مطلوب لدى الأطفال والشباب.</li></ul><h2>التوصيل والدفع</h2><p>نوصل أولكر كراميو حليب 32 غرام إلى باب محلك أو نرتبه على الرف في كل مناطق إسطنبول، والدفع نقداً عند الاستلام. للطلبات خارج إسطنبول أو خارج تركيا يكون الدفع بتحويل بنكي. تظهر الأسعار بعد فتح حساب جملة وتأكيده عبر واتساب.</p><p>يبحث عنه التجار أيضاً باسم «Ülker Caramio Sütlü 32 g»، و«اولكر كاراميو جملة»، و«كاراميو جملة اسطنبول».</p>",508.25,535,"شوكولاتة, عروض",1,أولكر,ulker,كاراميو,"Ülker Caramio Sütlü 32 g",caramel,"24 × 32 غ",24,علبة
simple,BK-EB4F47,"أولكر كريمالي حليب 61 غرام",1,0,visible,"<p>بسكويت من أولكر (Ülker) بطعم الحليب، وزن القطعة 61 غرام، صنف ثابت الطلب على رف البسكويت. التعبئة: 24 × 61 غ.</p>","<p><strong>أولكر كريمالي حليب 61 غرام</strong> (<span lang=""tr"">Ülker Kremalı Sütlü Bisküvi 61 g</span>): بسكويت من أولكر (Ülker) بطعم الحليب، وزن القطعة 61 غرام، صنف ثابت الطلب على رف البسكويت. من منتجات أولكر (Ülker)، متوفر عندنا بالجملة لمحلات البقالة والماركت في إسطنبول.</p><h2>تفاصيل البيع بالجملة</h2><ul><li>وحدة البيع: علبة فيها 24 قطعة</li><li>التعبئة: 24 × 61 غ</li><li>القسم: البسكويت والكوكيز</li><li>العلامة: أولكر · Ülker</li></ul><h2>لماذا يطلبه أصحاب المحلات؟</h2><ul><li>من أكثر الأصناف دوراناً في البقالات طوال العام.</li><li>مناسب للضيافة ووقت الشاي والمدارس.</li><li>هامش ربح جيد عند البيع بالقطعة.</li></ul><h2>التوصيل والدفع</h2><p>نوصل أولكر كريمالي حليب 61 غرام إلى باب محلك أو نرتبه على الرف في كل مناطق إسطنبول، والدفع نقداً عند الاستلام. للطلبات خارج إسطنبول أو خارج تركيا يكون الدفع بتحويل بنكي. تظهر الأسعار بعد فتح حساب جملة وتأكيده عبر واتساب.</p><p>يبحث عنه التجار أيضاً باسم «Ülker Kremalı Sütlü Bisküvi 61 g»، و«اولكر كريمالي جملة»، و«كريمالي جملة اسطنبول».</p>",280.25,295,"بسكويت, عروض",1,أولكر,ulker,كريمالي,"Ülker Kremalı Sütlü Bisküvi 61 g",milk,"24 × 61 غ",24,علبة
simple,BK-374F71,"أولكر كوكوستار 25 غرام",1,0,visible,"<p>ويفر وشوكولاتة من أولكر (Ülker) بنكهة جوز الهند، وزن القطعة 25 غرام، هامش جيد ودوران سريع. التعبئة: 24 × 25 غ.</p>","<p><strong>أولكر كوكوستار 25 غرام</strong> (<span lang=""tr"">Ülker Coco Star 25 g</span>): ويفر وشوكولاتة من أولكر (Ülker) بنكهة جوز الهند، وزن القطعة 25 غرام، هامش جيد ودوران سريع. من منتجات أولكر (Ülker)، متوفر عندنا بالجملة لمحلات البقالة والماركت في إسطنبول.</p><h2>تفاصيل البيع بالجملة</h2><ul><li>وحدة البيع: علبة فيها 24 قطعة</li><li>التعبئة: 24 × 25 غ</li><li>القسم: الشوكولاتة والويفر</li><li>العلامة: أولكر · Ülker</li></ul><h2>لماذا يطلبه أصحاب المحلات؟</h2><ul><li>صنف شراء سريع قرب الكاشير.</li><li>سعر القطعة صغير فيشجع الشراء المتكرر.</li><li>مطلوب لدى الأطفال والشباب.</li></ul><h2>التوصيل والدفع</h2><p>نوصل أولكر كوكوستار 25 غرام إلى باب محلك أو نرتبه على الرف في كل مناطق إسطنبول، والدفع نقداً عند الاستلام. للطلبات خارج إسطنبول أو خارج تركيا يكون الدفع بتحويل بنكي. تظهر الأسعار بعد فتح حساب جملة وتأكيده عبر واتساب.</p><p>يبحث عنه التجار أيضاً باسم «Ülker Coco Star 25 g»، و«اولكر كوكو ستار جملة»، و«كوكو ستار جملة اسطنبول».</p>",280.25,295,"شوكولاتة, عروض",1,أولكر,ulker,"كوكو ستار","Ülker Coco Star 25 g",coconut,"24 × 25 غ",24,علبة
simple,BK-70A383,"أولكر كيكسترا فريز 40 غرام",1,0,visible,"<p>كيك مغلّف فردياً من أولكر (Ülker) بنكهة الفراولة، وزن القطعة 40 غرام، يباع بسرعة في البقالات والمقاصف. التعبئة: 24 × 40 غ.</p>","<p><strong>أولكر كيكسترا فريز 40 غرام</strong> (<span lang=""tr"">Ülker Kekstra Çilekli 40 g</span>): كيك مغلّف فردياً من أولكر (Ülker) بنكهة الفراولة، وزن القطعة 40 غرام، يباع بسرعة في البقالات والمقاصف. من منتجات أولكر (Ülker)، متوفر عندنا بالجملة لمحلات البقالة والماركت في إسطنبول.</p><h2>تفاصيل البيع بالجملة</h2><ul><li>وحدة البيع: علبة فيها 24 قطعة</li><li>التعبئة: 24 × 40 غ</li><li>القسم: الكيك والرول</li><li>العلامة: أولكر · Ülker</li></ul><h2>لماذا يطلبه أصحاب المحلات؟</h2><ul><li>وجبة خفيفة مشبعة يطلبها الطلاب والعمال يومياً.</li><li>مغلّف فردياً ومناسب للبيع بالقطعة بجانب المشروبات.</li><li>يُعرض على الرف دون تبريد.</li></ul><h2>التوصيل والدفع</h2><p>نوصل أولكر كيكسترا فريز 40 غرام إلى باب محلك أو نرتبه على الرف في كل مناطق إسطنبول، والدفع نقداً عند الاستلام. للطلبات خارج إسطنبول أو خارج تركيا يكون الدفع بتحويل بنكي. تظهر الأسعار بعد فتح حساب جملة وتأكيده عبر واتساب.</p><p>يبحث عنه التجار أيضاً باسم «Ülker Kekstra Çilekli 40 g»، و«اولكر كيكسترا جملة»، و«كيكسترا جملة اسطنبول».</p>",232.75,245,"كيك, عروض",1,أولكر,ulker,كيكسترا,"Ülker Kekstra Çilekli 40 g",strawberry,"24 × 40 غ",24,علبة
simple,BK-0652AE,"أولكر كيكسترا كراميو 33 غرام",1,0,visible,"<p>كيك من أولكر (Ülker) بنكهة الكراميل، وزن القطعة 33 غرام، من الأصناف التي يطلبها الأطفال والطلاب كل يوم. التعبئة: 15 × 33 غ.</p>","<p><strong>أولكر كيكسترا كراميو 33 غرام</strong> (<span lang=""tr"">Ülker Kekstra Caramio 33 g</span>): كيك من أولكر (Ülker) بنكهة الكراميل، وزن القطعة 33 غرام، من الأصناف التي يطلبها الأطفال والطلاب كل يوم. من منتجات أولكر (Ülker)، متوفر عندنا بالجملة لمحلات البقالة والماركت في إسطنبول.</p><h2>تفاصيل البيع بالجملة</h2><ul><li>وحدة البيع: علبة فيها 15 قطعة</li><li>التعبئة: 15 × 33 غ</li><li>القسم: الكيك والرول</li><li>العلامة: أولكر · Ülker</li></ul><h2>لماذا يطلبه أصحاب المحلات؟</h2><ul><li>وجبة خفيفة مشبعة يطلبها الطلاب والعمال يومياً.</li><li>مغلّف فردياً ومناسب للبيع بالقطعة بجانب المشروبات.</li><li>يُعرض على الرف دون تبريد.</li></ul><h2>التوصيل والدفع</h2><p>نوصل أولكر كيكسترا كراميو 33 غرام إلى باب محلك أو نرتبه على الرف في كل مناطق إسطنبول، والدفع نقداً عند الاستلام. للطلبات خارج إسطنبول أو خارج تركيا يكون الدفع بتحويل بنكي. تظهر الأسعار بعد فتح حساب جملة وتأكيده عبر واتساب.</p><p>يبحث عنه التجار أيضاً باسم «Ülker Kekstra Caramio 33 g»، و«اولكر كيكسترا جملة»، و«كيكسترا جملة اسطنبول».</p>",142.5,150,"كيك, عروض",1,أولكر,ulker,كيكسترا,"Ülker Kekstra Caramio 33 g",caramel,"15 × 33 غ",15,علبة
simple,BK-2F1B60,"أولكر كيكسترا كريمو جوز الهند 33 غرام",1,0,visible,"<p>كيك من أولكر (Ülker) بنكهة جوز الهند، وزن القطعة 33 غرام، من الأصناف التي يطلبها الأطفال والطلاب كل يوم. التعبئة: 15 × 33 غ.</p>","<p><strong>أولكر كيكسترا كريمو جوز الهند 33 غرام</strong> (<span lang=""tr"">Ülker Kekstra Kremo Hindistan Cevizli 33 g</span>): كيك من أولكر (Ülker) بنكهة جوز الهند، وزن القطعة 33 غرام، من الأصناف التي يطلبها الأطفال والطلاب كل يوم. من منتجات أولكر (Ülker)، متوفر عندنا بالجملة لمحلات البقالة والماركت في إسطنبول.</p><h2>تفاصيل البيع بالجملة</h2><ul><li>وحدة البيع: علبة فيها 15 قطعة</li><li>التعبئة: 15 × 33 غ</li><li>القسم: الكيك والرول</li><li>العلامة: أولكر · Ülker</li></ul><h2>لماذا يطلبه أصحاب المحلات؟</h2><ul><li>وجبة خفيفة مشبعة يطلبها الطلاب والعمال يومياً.</li><li>مغلّف فردياً ومناسب للبيع بالقطعة بجانب المشروبات.</li><li>يُعرض على الرف دون تبريد.</li></ul><h2>التوصيل والدفع</h2><p>نوصل أولكر كيكسترا كريمو جوز الهند 33 غرام إلى باب محلك أو نرتبه على الرف في كل مناطق إسطنبول، والدفع نقداً عند الاستلام. للطلبات خارج إسطنبول أو خارج تركيا يكون الدفع بتحويل بنكي. تظهر الأسعار بعد فتح حساب جملة وتأكيده عبر واتساب.</p><p>يبحث عنه التجار أيضاً باسم «Ülker Kekstra Kremo Hindistan Cevizli 33 g»، و«اولكر كيكسترا جملة»، و«كيكسترا جملة اسطنبول».</p>",137.75,145,"كيك, عروض",1,أولكر,ulker,كيكسترا,"Ülker Kekstra Kremo Hindistan Cevizli 33 g",coconut,"15 × 33 غ",15,علبة
simple,BK-4625EB,"أولكر كيكسترا كونفيتي 38 غرام",1,0,visible,"<p>قطعة كيك طرية من أولكر (Ülker) بطعم الفواكه، وزن القطعة 38 غرام، مناسبة لرف الكيك قرب الكاشير. التعبئة: 24 × 38 غ.</p>","<p><strong>أولكر كيكسترا كونفيتي 38 غرام</strong> (<span lang=""tr"">Ülker Kekstra Konfeti 38 g</span>): قطعة كيك طرية من أولكر (Ülker) بطعم الفواكه، وزن القطعة 38 غرام، مناسبة لرف الكيك قرب الكاشير. من منتجات أولكر (Ülker)، متوفر عندنا بالجملة لمحلات البقالة والماركت في إسطنبول.</p><h2>تفاصيل البيع بالجملة</h2><ul><li>وحدة البيع: علبة فيها 24 قطعة</li><li>التعبئة: 24 × 38 غ</li><li>القسم: الكيك والرول</li><li>العلامة: أولكر · Ülker</li></ul><h2>لماذا يطلبه أصحاب المحلات؟</h2><ul><li>وجبة خفيفة مشبعة يطلبها الطلاب والعمال يومياً.</li><li>مغلّف فردياً ومناسب للبيع بالقطعة بجانب المشروبات.</li><li>يُعرض على الرف دون تبريد.</li></ul><h2>التوصيل والدفع</h2><p>نوصل أولكر كيكسترا كونفيتي 38 غرام إلى باب محلك أو نرتبه على الرف في كل مناطق إسطنبول، والدفع نقداً عند الاستلام. للطلبات خارج إسطنبول أو خارج تركيا يكون الدفع بتحويل بنكي. تظهر الأسعار بعد فتح حساب جملة وتأكيده عبر واتساب.</p><p>يبحث عنه التجار أيضاً باسم «Ülker Kekstra Konfeti 38 g»، و«اولكر كيكسترا جملة»، و«كيكسترا جملة اسطنبول».</p>",275.5,290,"كيك, عروض",1,أولكر,ulker,كيكسترا,"Ülker Kekstra Konfeti 38 g",fruit,"24 × 38 غ",24,علبة
simple,BK-A17461,"أولكر لافيفا 35 غرام",1,1,visible,"<p>ويفر وشوكولاتة من أولكر (Ülker) بنكهة الشوكولاتة، وزن القطعة 35 غرام، هامش جيد ودوران سريع. التعبئة: 24 × 35 غ.</p>","<p><strong>أولكر لافيفا 35 غرام</strong> (<span lang=""tr"">Ülker Laviva 35 g</span>): ويفر وشوكولاتة من أولكر (Ülker) بنكهة الشوكولاتة، وزن القطعة 35 غرام، هامش جيد ودوران سريع. من منتجات أولكر (Ülker)، متوفر عندنا بالجملة لمحلات البقالة والماركت في إسطنبول.</p><h2>تفاصيل البيع بالجملة</h2><ul><li>وحدة البيع: علبة فيها 24 قطعة</li><li>التعبئة: 24 × 35 غ</li><li>القسم: الشوكولاتة والويفر</li><li>العلامة: أولكر · Ülker</li></ul><h2>لماذا يطلبه أصحاب المحلات؟</h2><ul><li>صنف شراء سريع قرب الكاشير.</li><li>سعر القطعة صغير فيشجع الشراء المتكرر.</li><li>مطلوب لدى الأطفال والشباب.</li></ul><h2>التوصيل والدفع</h2><p>نوصل أولكر لافيفا 35 غرام إلى باب محلك أو نرتبه على الرف في كل مناطق إسطنبول، والدفع نقداً عند الاستلام. للطلبات خارج إسطنبول أو خارج تركيا يكون الدفع بتحويل بنكي. تظهر الأسعار بعد فتح حساب جملة وتأكيده عبر واتساب.</p><p>يبحث عنه التجار أيضاً باسم «Ülker Laviva 35 g»، و«اولكر لافيفا جملة»، و«لافيفا جملة اسطنبول».</p>",513,540,"شوكولاتة, عروض",1,أولكر,ulker,لافيفا,"Ülker Laviva 35 g",chocolate,"24 × 35 غ",24,علبة
simple,BK-AF5735,"أولكر ماغما جوز هند 65 غرام",1,0,visible,"<p>كيك من أولكر (Ülker) بنكهة جوز الهند، وزن القطعة 65 غرام، من الأصناف التي يطلبها الأطفال والطلاب كل يوم. التعبئة: 16 × 65 غ.</p>","<p><strong>أولكر ماغما جوز هند 65 غرام</strong> (<span lang=""tr"">Ülker Magma Hindistan Cevizli 65 g</span>): كيك من أولكر (Ülker) بنكهة جوز الهند، وزن القطعة 65 غرام، من الأصناف التي يطلبها الأطفال والطلاب كل يوم. من منتجات أولكر (Ülker)، متوفر عندنا بالجملة لمحلات البقالة والماركت في إسطنبول.</p><h2>تفاصيل البيع بالجملة</h2><ul><li>وحدة البيع: علبة فيها 16 قطعة</li><li>التعبئة: 16 × 65 غ</li><li>القسم: الكيك والرول</li><li>العلامة: أولكر · Ülker</li></ul><h2>لماذا يطلبه أصحاب المحلات؟</h2><ul><li>وجبة خفيفة مشبعة يطلبها الطلاب والعمال يومياً.</li><li>مغلّف فردياً ومناسب للبيع بالقطعة بجانب المشروبات.</li><li>يُعرض على الرف دون تبريد.</li></ul><h2>التوصيل والدفع</h2><p>نوصل أولكر ماغما جوز هند 65 غرام إلى باب محلك أو نرتبه على الرف في كل مناطق إسطنبول، والدفع نقداً عند الاستلام. للطلبات خارج إسطنبول أو خارج تركيا يكون الدفع بتحويل بنكي. تظهر الأسعار بعد فتح حساب جملة وتأكيده عبر واتساب.</p><p>يبحث عنه التجار أيضاً باسم «Ülker Magma Hindistan Cevizli 65 g»، و«اولكر ماغما جملة»، و«ماغما جملة اسطنبول».</p>",247,260,"كيك, عروض",1,أولكر,ulker,ماغما,"Ülker Magma Hindistan Cevizli 65 g",coconut,"16 × 65 غ",16,علبة
simple,BK-2E89E5,"أولكر ماغما شوكولا 65 غرام",1,0,visible,"<p>قطعة كيك طرية من أولكر (Ülker) بطعم الشوكولاتة، وزن القطعة 65 غرام، مناسبة لرف الكيك قرب الكاشير. التعبئة: 16 × 65 غ.</p>","<p><strong>أولكر ماغما شوكولا 65 غرام</strong> (<span lang=""tr"">Ülker Magma Çikolatalı 65 g</span>): قطعة كيك طرية من أولكر (Ülker) بطعم الشوكولاتة، وزن القطعة 65 غرام، مناسبة لرف الكيك قرب الكاشير. من منتجات أولكر (Ülker)، متوفر عندنا بالجملة لمحلات البقالة والماركت في إسطنبول.</p><h2>تفاصيل البيع بالجملة</h2><ul><li>وحدة البيع: علبة فيها 16 قطعة</li><li>التعبئة: 16 × 65 غ</li><li>القسم: الكيك والرول</li><li>العلامة: أولكر · Ülker</li></ul><h2>لماذا يطلبه أصحاب المحلات؟</h2><ul><li>وجبة خفيفة مشبعة يطلبها الطلاب والعمال يومياً.</li><li>مغلّف فردياً ومناسب للبيع بالقطعة بجانب المشروبات.</li><li>يُعرض على الرف دون تبريد.</li></ul><h2>التوصيل والدفع</h2><p>نوصل أولكر ماغما شوكولا 65 غرام إلى باب محلك أو نرتبه على الرف في كل مناطق إسطنبول، والدفع نقداً عند الاستلام. للطلبات خارج إسطنبول أو خارج تركيا يكون الدفع بتحويل بنكي. تظهر الأسعار بعد فتح حساب جملة وتأكيده عبر واتساب.</p><p>يبحث عنه التجار أيضاً باسم «Ülker Magma Çikolatalı 65 g»، و«اولكر ماغما جملة»، و«ماغما جملة اسطنبول».</p>",247,260,"كيك, عروض",1,أولكر,ulker,ماغما,"Ülker Magma Çikolatalı 65 g",chocolate,"16 × 65 غ",16,علبة
simple,BK-B82335,"أولكر ماغما كراميل 65 غرام",1,0,visible,"<p>كيك من أولكر (Ülker) بنكهة الكراميل، وزن القطعة 65 غرام، من الأصناف التي يطلبها الأطفال والطلاب كل يوم. التعبئة: 16 × 65 غ.</p>","<p><strong>أولكر ماغما كراميل 65 غرام</strong> (<span lang=""tr"">Ülker Magma Karamelli 65 g</span>): كيك من أولكر (Ülker) بنكهة الكراميل، وزن القطعة 65 غرام، من الأصناف التي يطلبها الأطفال والطلاب كل يوم. من منتجات أولكر (Ülker)، متوفر عندنا بالجملة لمحلات البقالة والماركت في إسطنبول.</p><h2>تفاصيل البيع بالجملة</h2><ul><li>وحدة البيع: علبة فيها 16 قطعة</li><li>التعبئة: 16 × 65 غ</li><li>القسم: الكيك والرول</li><li>العلامة: أولكر · Ülker</li></ul><h2>لماذا يطلبه أصحاب المحلات؟</h2><ul><li>وجبة خفيفة مشبعة يطلبها الطلاب والعمال يومياً.</li><li>مغلّف فردياً ومناسب للبيع بالقطعة بجانب المشروبات.</li><li>يُعرض على الرف دون تبريد.</li></ul><h2>التوصيل والدفع</h2><p>نوصل أولكر ماغما كراميل 65 غرام إلى باب محلك أو نرتبه على الرف في كل مناطق إسطنبول، والدفع نقداً عند الاستلام. للطلبات خارج إسطنبول أو خارج تركيا يكون الدفع بتحويل بنكي. تظهر الأسعار بعد فتح حساب جملة وتأكيده عبر واتساب.</p><p>يبحث عنه التجار أيضاً باسم «Ülker Magma Karamelli 65 g»، و«اولكر ماغما جملة»، و«ماغما جملة اسطنبول».</p>",247,260,"كيك, عروض",1,أولكر,ulker,ماغما,"Ülker Magma Karamelli 65 g",caramel,"16 × 65 غ",16,علبة
simple,BK-7E4FA7,"أولكر ميترو +40% 50.4 غرام",1,0,visible,"<p>ويفر وشوكولاتة من أولكر (Ülker) بنكهة الكراميل، وزن القطعة 50.4 غرام، هامش جيد ودوران سريع. التعبئة: 18 × 50.4 غ.</p>","<p><strong>أولكر ميترو +40% 50.4 غرام</strong> (<span lang=""tr"">Ülker Metro %40 Fazla 50,4 g</span>): ويفر وشوكولاتة من أولكر (Ülker) بنكهة الكراميل، وزن القطعة 50.4 غرام، هامش جيد ودوران سريع. من منتجات أولكر (Ülker)، متوفر عندنا بالجملة لمحلات البقالة والماركت في إسطنبول.</p><h2>تفاصيل البيع بالجملة</h2><ul><li>وحدة البيع: علبة فيها 18 قطعة</li><li>التعبئة: 18 × 50.4 غ</li><li>القسم: الشوكولاتة والويفر</li><li>العلامة: أولكر · Ülker</li></ul><h2>لماذا يطلبه أصحاب المحلات؟</h2><ul><li>صنف شراء سريع قرب الكاشير.</li><li>سعر القطعة صغير فيشجع الشراء المتكرر.</li><li>مطلوب لدى الأطفال والشباب.</li></ul><h2>التوصيل والدفع</h2><p>نوصل أولكر ميترو +40% 50.4 غرام إلى باب محلك أو نرتبه على الرف في كل مناطق إسطنبول، والدفع نقداً عند الاستلام. للطلبات خارج إسطنبول أو خارج تركيا يكون الدفع بتحويل بنكي. تظهر الأسعار بعد فتح حساب جملة وتأكيده عبر واتساب.</p><p>يبحث عنه التجار أيضاً باسم «Ülker Metro %40 Fazla 50,4 g»، و«اولكر مترو جملة»، و«مترو جملة اسطنبول».</p>",299.25,315,"شوكولاتة, عروض",1,أولكر,ulker,مترو,"Ülker Metro %40 Fazla 50,4 g",caramel,"18 × 50.4 غ",18,علبة
simple,BK-2C2722,"أولكر ميترو كلاسيك 36 غرام",1,1,visible,"<p>شوكولاتة وويفر من أولكر (Ülker) بطعم الكراميل، وزن القطعة 36 غرام، صنف شراء سريع قرب الكاشير. التعبئة: 24 × 36 غ.</p>","<p><strong>أولكر ميترو كلاسيك 36 غرام</strong> (<span lang=""tr"">Ülker Metro 36 g</span>): شوكولاتة وويفر من أولكر (Ülker) بطعم الكراميل، وزن القطعة 36 غرام، صنف شراء سريع قرب الكاشير. من منتجات أولكر (Ülker)، متوفر عندنا بالجملة لمحلات البقالة والماركت في إسطنبول.</p><h2>تفاصيل البيع بالجملة</h2><ul><li>وحدة البيع: علبة فيها 24 قطعة</li><li>التعبئة: 24 × 36 غ</li><li>القسم: الشوكولاتة والويفر</li><li>العلامة: أولكر · Ülker</li></ul><h2>لماذا يطلبه أصحاب المحلات؟</h2><ul><li>صنف شراء سريع قرب الكاشير.</li><li>سعر القطعة صغير فيشجع الشراء المتكرر.</li><li>مطلوب لدى الأطفال والشباب.</li></ul><h2>التوصيل والدفع</h2><p>نوصل أولكر ميترو كلاسيك 36 غرام إلى باب محلك أو نرتبه على الرف في كل مناطق إسطنبول، والدفع نقداً عند الاستلام. للطلبات خارج إسطنبول أو خارج تركيا يكون الدفع بتحويل بنكي. تظهر الأسعار بعد فتح حساب جملة وتأكيده عبر واتساب.</p><p>يبحث عنه التجار أيضاً باسم «Ülker Metro 36 g»، و«اولكر مترو جملة»، و«مترو جملة اسطنبول».</p>",318.25,335,"شوكولاتة, عروض",1,أولكر,ulker,مترو,"Ülker Metro 36 g",caramel,"24 × 36 غ",24,علبة
simple,BK-42FE54,"أولكر هاللي 30 غرام",1,1,visible,"<p>بسكويت من أولكر (Ülker) بنكهة المارشميللو، وزن القطعة 30 غرام، من الأصناف سريعة الدوران في الماركت. التعبئة: 24 × 30 غ.</p>","<p><strong>أولكر هاللي 30 غرام</strong> (<span lang=""tr"">Ülker Halley 30 g</span>): بسكويت من أولكر (Ülker) بنكهة المارشميللو، وزن القطعة 30 غرام، من الأصناف سريعة الدوران في الماركت. من منتجات أولكر (Ülker)، متوفر عندنا بالجملة لمحلات البقالة والماركت في إسطنبول.</p><h2>تفاصيل البيع بالجملة</h2><ul><li>وحدة البيع: علبة فيها 24 قطعة</li><li>التعبئة: 24 × 30 غ</li><li>القسم: البسكويت والكوكيز</li><li>العلامة: أولكر · Ülker</li></ul><h2>لماذا يطلبه أصحاب المحلات؟</h2><ul><li>من أكثر الأصناف دوراناً في البقالات طوال العام.</li><li>مناسب للضيافة ووقت الشاي والمدارس.</li><li>هامش ربح جيد عند البيع بالقطعة.</li></ul><h2>التوصيل والدفع</h2><p>نوصل أولكر هاللي 30 غرام إلى باب محلك أو نرتبه على الرف في كل مناطق إسطنبول، والدفع نقداً عند الاستلام. للطلبات خارج إسطنبول أو خارج تركيا يكون الدفع بتحويل بنكي. تظهر الأسعار بعد فتح حساب جملة وتأكيده عبر واتساب.</p><p>يبحث عنه التجار أيضاً باسم «Ülker Halley 30 g»، و«اولكر هالي جملة»، و«هالي جملة اسطنبول».</p>",232.75,245,"بسكويت, عروض",1,أولكر,ulker,هالي,"Ülker Halley 30 g",marshmallow,"24 × 30 غ",24,علبة
simple,BK-1EFAC5,"أولكر هاللي 8 قطع 240 غرام",1,0,visible,"<p>بسكويت مقرمش من أولكر (Ülker) بنكهة المارشميللو، وزن القطعة 240 غرام، يناسب الضيافة والشاي ووجبات المدرسة. التعبئة: 240 غ.</p>","<p><strong>أولكر هاللي 8 قطع 240 غرام</strong> (<span lang=""tr"">Ülker Halley 8&#039;li 240 g</span>): بسكويت مقرمش من أولكر (Ülker) بنكهة المارشميللو، وزن القطعة 240 غرام، يناسب الضيافة والشاي ووجبات المدرسة. من منتجات أولكر (Ülker)، متوفر عندنا بالجملة لمحلات البقالة والماركت في إسطنبول.</p><h2>تفاصيل البيع بالجملة</h2><ul><li>وحدة البيع: علبة</li><li>التعبئة: 240 غ</li><li>القسم: البسكويت والكوكيز</li><li>العلامة: أولكر · Ülker</li></ul><h2>لماذا يطلبه أصحاب المحلات؟</h2><ul><li>من أكثر الأصناف دوراناً في البقالات طوال العام.</li><li>مناسب للضيافة ووقت الشاي والمدارس.</li><li>هامش ربح جيد عند البيع بالقطعة.</li></ul><h2>التوصيل والدفع</h2><p>نوصل أولكر هاللي 8 قطع 240 غرام إلى باب محلك أو نرتبه على الرف في كل مناطق إسطنبول، والدفع نقداً عند الاستلام. للطلبات خارج إسطنبول أو خارج تركيا يكون الدفع بتحويل بنكي. تظهر الأسعار بعد فتح حساب جملة وتأكيده عبر واتساب.</p><p>يبحث عنه التجار أيضاً باسم «Ülker Halley 8&#039;li 240 g»، و«اولكر هالي جملة»، و«هالي جملة اسطنبول».</p>",869.25,915,"بسكويت, عروض",1,أولكر,ulker,هالي,"Ülker Halley 8'li 240 g",marshmallow,"240 غ",0,علبة
simple,BK-ED5A8C,"أولكر هاللي شوكولا 66 غرام",1,0,visible,"<p>بسكويت من أولكر (Ülker) بنكهة الشوكولاتة، وزن القطعة 66 غرام، من الأصناف سريعة الدوران في الماركت. التعبئة: 24 × 66 غ.</p>","<p><strong>أولكر هاللي شوكولا 66 غرام</strong> (<span lang=""tr"">Ülker Halley Çikolatalı 66 g</span>): بسكويت من أولكر (Ülker) بنكهة الشوكولاتة، وزن القطعة 66 غرام، من الأصناف سريعة الدوران في الماركت. من منتجات أولكر (Ülker)، متوفر عندنا بالجملة لمحلات البقالة والماركت في إسطنبول.</p><h2>تفاصيل البيع بالجملة</h2><ul><li>وحدة البيع: علبة فيها 24 قطعة</li><li>التعبئة: 24 × 66 غ</li><li>القسم: البسكويت والكوكيز</li><li>العلامة: أولكر · Ülker</li></ul><h2>لماذا يطلبه أصحاب المحلات؟</h2><ul><li>من أكثر الأصناف دوراناً في البقالات طوال العام.</li><li>مناسب للضيافة ووقت الشاي والمدارس.</li><li>هامش ربح جيد عند البيع بالقطعة.</li></ul><h2>التوصيل والدفع</h2><p>نوصل أولكر هاللي شوكولا 66 غرام إلى باب محلك أو نرتبه على الرف في كل مناطق إسطنبول، والدفع نقداً عند الاستلام. للطلبات خارج إسطنبول أو خارج تركيا يكون الدفع بتحويل بنكي. تظهر الأسعار بعد فتح حساب جملة وتأكيده عبر واتساب.</p><p>يبحث عنه التجار أيضاً باسم «Ülker Halley Çikolatalı 66 g»، و«اولكر هالي جملة»، و«هالي جملة اسطنبول».</p>",513,540,"بسكويت, عروض",1,أولكر,ulker,هالي,"Ülker Halley Çikolatalı 66 g",chocolate,"24 × 66 غ",24,علبة
simple,BK-2B6217,"أولكر هاللي كارادوت 74 غرام",1,0,visible,"<p>بسكويت من أولكر (Ülker) بطعم التوت، وزن القطعة 74 غرام، صنف ثابت الطلب على رف البسكويت. التعبئة: 24 × 74 غ.</p>","<p><strong>أولكر هاللي كارادوت 74 غرام</strong> (<span lang=""tr"">Ülker Halley Karadut 74 g</span>): بسكويت من أولكر (Ülker) بطعم التوت، وزن القطعة 74 غرام، صنف ثابت الطلب على رف البسكويت. من منتجات أولكر (Ülker)، متوفر عندنا بالجملة لمحلات البقالة والماركت في إسطنبول.</p><h2>تفاصيل البيع بالجملة</h2><ul><li>وحدة البيع: علبة فيها 24 قطعة</li><li>التعبئة: 24 × 74 غ</li><li>القسم: البسكويت والكوكيز</li><li>العلامة: أولكر · Ülker</li></ul><h2>لماذا يطلبه أصحاب المحلات؟</h2><ul><li>من أكثر الأصناف دوراناً في البقالات طوال العام.</li><li>مناسب للضيافة ووقت الشاي والمدارس.</li><li>هامش ربح جيد عند البيع بالقطعة.</li></ul><h2>التوصيل والدفع</h2><p>نوصل أولكر هاللي كارادوت 74 غرام إلى باب محلك أو نرتبه على الرف في كل مناطق إسطنبول، والدفع نقداً عند الاستلام. للطلبات خارج إسطنبول أو خارج تركيا يكون الدفع بتحويل بنكي. تظهر الأسعار بعد فتح حساب جملة وتأكيده عبر واتساب.</p><p>يبحث عنه التجار أيضاً باسم «Ülker Halley Karadut 74 g»، و«اولكر هالي جملة»، و«هالي جملة اسطنبول».</p>",513,540,"بسكويت, عروض",1,أولكر,ulker,هالي,"Ülker Halley Karadut 74 g",raspberry,"24 × 74 غ",24,علبة
simple,BK-2DF078,"أولكر هانيملار بندق 82 غرام",1,0,visible,"<p>بسكويت من أولكر (Ülker) بنكهة البندق، وزن القطعة 82 غرام، من الأصناف سريعة الدوران في الماركت. التعبئة: 18 × 82 غ.</p>","<p><strong>أولكر هانيملار بندق 82 غرام</strong> (<span lang=""tr"">Ülker Hanımeller Fındıklı 82 g</span>): بسكويت من أولكر (Ülker) بنكهة البندق، وزن القطعة 82 غرام، من الأصناف سريعة الدوران في الماركت. من منتجات أولكر (Ülker)، متوفر عندنا بالجملة لمحلات البقالة والماركت في إسطنبول.</p><h2>تفاصيل البيع بالجملة</h2><ul><li>وحدة البيع: علبة فيها 18 قطعة</li><li>التعبئة: 18 × 82 غ</li><li>القسم: البسكويت والكوكيز</li><li>العلامة: أولكر · Ülker</li></ul><h2>لماذا يطلبه أصحاب المحلات؟</h2><ul><li>من أكثر الأصناف دوراناً في البقالات طوال العام.</li><li>مناسب للضيافة ووقت الشاي والمدارس.</li><li>هامش ربح جيد عند البيع بالقطعة.</li></ul><h2>التوصيل والدفع</h2><p>نوصل أولكر هانيملار بندق 82 غرام إلى باب محلك أو نرتبه على الرف في كل مناطق إسطنبول، والدفع نقداً عند الاستلام. للطلبات خارج إسطنبول أو خارج تركيا يكون الدفع بتحويل بنكي. تظهر الأسعار بعد فتح حساب جملة وتأكيده عبر واتساب.</p><p>يبحث عنه التجار أيضاً باسم «Ülker Hanımeller Fındıklı 82 g»، و«اولكر هانيملر جملة»، و«هانيملر جملة اسطنبول».</p>",280.25,295,"بسكويت, عروض",1,أولكر,ulker,هانيملر,"Ülker Hanımeller Fındıklı 82 g",hazelnut,"18 × 82 غ",18,علبة
simple,BK-9E4989,"أولكر هانيملار توت 94.5 غرام",1,0,visible,"<p>بسكويت من أولكر (Ülker) بطعم التوت، وزن القطعة 94.5 غرام، صنف ثابت الطلب على رف البسكويت. التعبئة: 18 × 94.5 غ.</p>","<p><strong>أولكر هانيملار توت 94.5 غرام</strong> (<span lang=""tr"">Ülker Hanımeller Frambuazlı 94,5 g</span>): بسكويت من أولكر (Ülker) بطعم التوت، وزن القطعة 94.5 غرام، صنف ثابت الطلب على رف البسكويت. من منتجات أولكر (Ülker)، متوفر عندنا بالجملة لمحلات البقالة والماركت في إسطنبول.</p><h2>تفاصيل البيع بالجملة</h2><ul><li>وحدة البيع: علبة فيها 18 قطعة</li><li>التعبئة: 18 × 94.5 غ</li><li>القسم: البسكويت والكوكيز</li><li>العلامة: أولكر · Ülker</li></ul><h2>لماذا يطلبه أصحاب المحلات؟</h2><ul><li>من أكثر الأصناف دوراناً في البقالات طوال العام.</li><li>مناسب للضيافة ووقت الشاي والمدارس.</li><li>هامش ربح جيد عند البيع بالقطعة.</li></ul><h2>التوصيل والدفع</h2><p>نوصل أولكر هانيملار توت 94.5 غرام إلى باب محلك أو نرتبه على الرف في كل مناطق إسطنبول، والدفع نقداً عند الاستلام. للطلبات خارج إسطنبول أو خارج تركيا يكون الدفع بتحويل بنكي. تظهر الأسعار بعد فتح حساب جملة وتأكيده عبر واتساب.</p><p>يبحث عنه التجار أيضاً باسم «Ülker Hanımeller Frambuazlı 94,5 g»، و«اولكر هانيملر جملة»، و«هانيملر جملة اسطنبول».</p>",380,400,"بسكويت, عروض",1,أولكر,ulker,هانيملر,"Ülker Hanımeller Frambuazlı 94,5 g",raspberry,"18 × 94.5 غ",18,علبة
simple,BK-3B5991,"أولكر هانيملار شوكولا 82 غرام",1,1,visible,"<p>بسكويت مقرمش من أولكر (Ülker) بنكهة الشوكولاتة، وزن القطعة 82 غرام، يناسب الضيافة والشاي ووجبات المدرسة. التعبئة: 18 × 82 غ.</p>","<p><strong>أولكر هانيملار شوكولا 82 غرام</strong> (<span lang=""tr"">Ülker Hanımeller Çikolatalı 82 g</span>): بسكويت مقرمش من أولكر (Ülker) بنكهة الشوكولاتة، وزن القطعة 82 غرام، يناسب الضيافة والشاي ووجبات المدرسة. من منتجات أولكر (Ülker)، متوفر عندنا بالجملة لمحلات البقالة والماركت في إسطنبول.</p><h2>تفاصيل البيع بالجملة</h2><ul><li>وحدة البيع: علبة فيها 18 قطعة</li><li>التعبئة: 18 × 82 غ</li><li>القسم: البسكويت والكوكيز</li><li>العلامة: أولكر · Ülker</li></ul><h2>لماذا يطلبه أصحاب المحلات؟</h2><ul><li>من أكثر الأصناف دوراناً في البقالات طوال العام.</li><li>مناسب للضيافة ووقت الشاي والمدارس.</li><li>هامش ربح جيد عند البيع بالقطعة.</li></ul><h2>التوصيل والدفع</h2><p>نوصل أولكر هانيملار شوكولا 82 غرام إلى باب محلك أو نرتبه على الرف في كل مناطق إسطنبول، والدفع نقداً عند الاستلام. للطلبات خارج إسطنبول أو خارج تركيا يكون الدفع بتحويل بنكي. تظهر الأسعار بعد فتح حساب جملة وتأكيده عبر واتساب.</p><p>يبحث عنه التجار أيضاً باسم «Ülker Hanımeller Çikolatalı 82 g»، و«اولكر هانيملر جملة»، و«هانيملر جملة اسطنبول».</p>",280.25,295,"بسكويت, عروض",1,أولكر,ulker,هانيملر,"Ülker Hanımeller Çikolatalı 82 g",chocolate,"18 × 82 غ",18,علبة
simple,BK-3B4CB6,"أولكر هانيملار كورابيه 89 غرام",1,0,visible,"<p>بسكويت من أولكر (Ülker) بنكهة الفانيليا، وزن القطعة 89 غرام، من الأصناف سريعة الدوران في الماركت. التعبئة: 18 × 89 غ.</p>","<p><strong>أولكر هانيملار كورابيه 89 غرام</strong> (<span lang=""tr"">Ülker Hanımeller Kurabiye 89 g</span>): بسكويت من أولكر (Ülker) بنكهة الفانيليا، وزن القطعة 89 غرام، من الأصناف سريعة الدوران في الماركت. من منتجات أولكر (Ülker)، متوفر عندنا بالجملة لمحلات البقالة والماركت في إسطنبول.</p><h2>تفاصيل البيع بالجملة</h2><ul><li>وحدة البيع: علبة فيها 18 قطعة</li><li>التعبئة: 18 × 89 غ</li><li>القسم: البسكويت والكوكيز</li><li>العلامة: أولكر · Ülker</li></ul><h2>لماذا يطلبه أصحاب المحلات؟</h2><ul><li>من أكثر الأصناف دوراناً في البقالات طوال العام.</li><li>مناسب للضيافة ووقت الشاي والمدارس.</li><li>هامش ربح جيد عند البيع بالقطعة.</li></ul><h2>التوصيل والدفع</h2><p>نوصل أولكر هانيملار كورابيه 89 غرام إلى باب محلك أو نرتبه على الرف في كل مناطق إسطنبول، والدفع نقداً عند الاستلام. للطلبات خارج إسطنبول أو خارج تركيا يكون الدفع بتحويل بنكي. تظهر الأسعار بعد فتح حساب جملة وتأكيده عبر واتساب.</p><p>يبحث عنه التجار أيضاً باسم «Ülker Hanımeller Kurabiye 89 g»، و«اولكر هانيملر جملة»، و«هانيملر جملة اسطنبول».</p>",489.25,515,"بسكويت, عروض",1,أولكر,ulker,هانيملر,"Ülker Hanımeller Kurabiye 89 g",vanilla,"18 × 89 غ",18,علبة
simple,BK-A57BEE,"أولكر هانيملار ليمون 94 غرام",1,0,visible,"<p>بسكويت من أولكر (Ülker) بطعم الليمون، وزن القطعة 94 غرام، صنف ثابت الطلب على رف البسكويت. التعبئة: 18 × 94 غ.</p>","<p><strong>أولكر هانيملار ليمون 94 غرام</strong> (<span lang=""tr"">Ülker Hanımeller Limonlu 94 g</span>): بسكويت من أولكر (Ülker) بطعم الليمون، وزن القطعة 94 غرام، صنف ثابت الطلب على رف البسكويت. من منتجات أولكر (Ülker)، متوفر عندنا بالجملة لمحلات البقالة والماركت في إسطنبول.</p><h2>تفاصيل البيع بالجملة</h2><ul><li>وحدة البيع: علبة فيها 18 قطعة</li><li>التعبئة: 18 × 94 غ</li><li>القسم: البسكويت والكوكيز</li><li>العلامة: أولكر · Ülker</li></ul><h2>لماذا يطلبه أصحاب المحلات؟</h2><ul><li>من أكثر الأصناف دوراناً في البقالات طوال العام.</li><li>مناسب للضيافة ووقت الشاي والمدارس.</li><li>هامش ربح جيد عند البيع بالقطعة.</li></ul><h2>التوصيل والدفع</h2><p>نوصل أولكر هانيملار ليمون 94 غرام إلى باب محلك أو نرتبه على الرف في كل مناطق إسطنبول، والدفع نقداً عند الاستلام. للطلبات خارج إسطنبول أو خارج تركيا يكون الدفع بتحويل بنكي. تظهر الأسعار بعد فتح حساب جملة وتأكيده عبر واتساب.</p><p>يبحث عنه التجار أيضاً باسم «Ülker Hanımeller Limonlu 94 g»، و«اولكر هانيملر جملة»، و«هانيملر جملة اسطنبول».</p>",380,400,"بسكويت, عروض",1,أولكر,ulker,هانيملر,"Ülker Hanımeller Limonlu 94 g",lemon,"18 × 94 غ",18,علبة
simple,BK-FB3BB7,"أولكر هانيملار محلب 81 غرام",1,0,visible,"<p>بسكويت من أولكر (Ülker) بطعمه الكلاسيكي، وزن القطعة 81 غرام، صنف ثابت الطلب على رف البسكويت. التعبئة: 18 × 81 غ.</p>","<p><strong>أولكر هانيملار محلب 81 غرام</strong> (<span lang=""tr"">Ülker Hanımeller Mahlepli 81 g</span>): بسكويت من أولكر (Ülker) بطعمه الكلاسيكي، وزن القطعة 81 غرام، صنف ثابت الطلب على رف البسكويت. من منتجات أولكر (Ülker)، متوفر عندنا بالجملة لمحلات البقالة والماركت في إسطنبول.</p><h2>تفاصيل البيع بالجملة</h2><ul><li>وحدة البيع: علبة فيها 18 قطعة</li><li>التعبئة: 18 × 81 غ</li><li>القسم: البسكويت والكوكيز</li><li>العلامة: أولكر · Ülker</li></ul><h2>لماذا يطلبه أصحاب المحلات؟</h2><ul><li>من أكثر الأصناف دوراناً في البقالات طوال العام.</li><li>مناسب للضيافة ووقت الشاي والمدارس.</li><li>هامش ربح جيد عند البيع بالقطعة.</li></ul><h2>التوصيل والدفع</h2><p>نوصل أولكر هانيملار محلب 81 غرام إلى باب محلك أو نرتبه على الرف في كل مناطق إسطنبول، والدفع نقداً عند الاستلام. للطلبات خارج إسطنبول أو خارج تركيا يكون الدفع بتحويل بنكي. تظهر الأسعار بعد فتح حساب جملة وتأكيده عبر واتساب.</p><p>يبحث عنه التجار أيضاً باسم «Ülker Hanımeller Mahlepli 81 g»، و«اولكر هانيملر جملة»، و«هانيملر جملة اسطنبول».</p>",280.25,295,"بسكويت, عروض",1,أولكر,ulker,هانيملر,"Ülker Hanımeller Mahlepli 81 g",plain,"18 × 81 غ",18,علبة
simple,BK-3A44FB,"اوليبس اخضر 28 غرام",1,0,visible,"<p>سكاكر من اوليبس (Olips) بطعم النعناع، وزن القطعة 28 غرام، يحبها الأطفال وتُباع بالقطعة بسعر صغير. التعبئة: 24 × 28 غ.</p>","<p><strong>اوليبس اخضر 28 غرام</strong> (<span lang=""tr"">Olips Yeşil Şeker 28 g</span>): سكاكر من اوليبس (Olips) بطعم النعناع، وزن القطعة 28 غرام، يحبها الأطفال وتُباع بالقطعة بسعر صغير. من منتجات اوليبس (Olips)، متوفر عندنا بالجملة لمحلات البقالة والماركت في إسطنبول.</p><h2>تفاصيل البيع بالجملة</h2><ul><li>وحدة البيع: علبة فيها 24 قطعة</li><li>التعبئة: 24 × 28 غ</li><li>القسم: السكاكر والجيلي</li><li>العلامة: اوليبس · Olips</li></ul><h2>لماذا يطلبه أصحاب المحلات؟</h2><ul><li>يشتريها الأطفال بالقطعة كل يوم.</li><li>سعر صغير ودوران سريع.</li><li>تجذب الصغار إلى رف الكاشير.</li></ul><h2>التوصيل والدفع</h2><p>نوصل اوليبس اخضر 28 غرام إلى باب محلك أو نرتبه على الرف في كل مناطق إسطنبول، والدفع نقداً عند الاستلام. للطلبات خارج إسطنبول أو خارج تركيا يكون الدفع بتحويل بنكي. تظهر الأسعار بعد فتح حساب جملة وتأكيده عبر واتساب.</p><p>يبحث عنه التجار أيضاً باسم «Olips Yeşil Şeker 28 g»، و«اوليبس أوليبس جملة»، و«أوليبس جملة اسطنبول».</p>",,300,سكاكر,1,اوليبس,olips,أوليبس,"Olips Yeşil Şeker 28 g",mint,"24 × 28 غ",24,علبة
simple,BK-4F7AA1,"اوليبس برتقالي 28 غرام",1,0,visible,"<p>سكاكر من اوليبس (Olips) بطعم البرتقال، وزن القطعة 28 غرام، يحبها الأطفال وتُباع بالقطعة بسعر صغير. التعبئة: 24 × 28 غ.</p>","<p><strong>اوليبس برتقالي 28 غرام</strong> (<span lang=""tr"">Olips Portakal Şeker 28 g</span>): سكاكر من اوليبس (Olips) بطعم البرتقال، وزن القطعة 28 غرام، يحبها الأطفال وتُباع بالقطعة بسعر صغير. من منتجات اوليبس (Olips)، متوفر عندنا بالجملة لمحلات البقالة والماركت في إسطنبول.</p><h2>تفاصيل البيع بالجملة</h2><ul><li>وحدة البيع: علبة فيها 24 قطعة</li><li>التعبئة: 24 × 28 غ</li><li>القسم: السكاكر والجيلي</li><li>العلامة: اوليبس · Olips</li></ul><h2>لماذا يطلبه أصحاب المحلات؟</h2><ul><li>يشتريها الأطفال بالقطعة كل يوم.</li><li>سعر صغير ودوران سريع.</li><li>تجذب الصغار إلى رف الكاشير.</li></ul><h2>التوصيل والدفع</h2><p>نوصل اوليبس برتقالي 28 غرام إلى باب محلك أو نرتبه على الرف في كل مناطق إسطنبول، والدفع نقداً عند الاستلام. للطلبات خارج إسطنبول أو خارج تركيا يكون الدفع بتحويل بنكي. تظهر الأسعار بعد فتح حساب جملة وتأكيده عبر واتساب.</p><p>يبحث عنه التجار أيضاً باسم «Olips Portakal Şeker 28 g»، و«اوليبس أوليبس جملة»، و«أوليبس جملة اسطنبول».</p>",,300,سكاكر,1,اوليبس,olips,أوليبس,"Olips Portakal Şeker 28 g",orange,"24 × 28 غ",24,علبة
simple,BK-33072F,"اوليرو كوكيز دارك 42 غرام",1,0,visible,"<p>بسكويت من اوليرو (Olivero) بطعم الشوكولاتة الداكنة، وزن القطعة 42 غرام، صنف ثابت الطلب على رف البسكويت. التعبئة: 24 × 42 غ.</p>","<p><strong>اوليرو كوكيز دارك 42 غرام</strong> (<span lang=""tr"">Olivero Cookie Bitter 42 g</span>): بسكويت من اوليرو (Olivero) بطعم الشوكولاتة الداكنة، وزن القطعة 42 غرام، صنف ثابت الطلب على رف البسكويت. من منتجات اوليرو (Olivero)، متوفر عندنا بالجملة لمحلات البقالة والماركت في إسطنبول.</p><h2>تفاصيل البيع بالجملة</h2><ul><li>وحدة البيع: علبة فيها 24 قطعة</li><li>التعبئة: 24 × 42 غ</li><li>القسم: البسكويت والكوكيز</li><li>العلامة: اوليرو · Olivero</li></ul><h2>لماذا يطلبه أصحاب المحلات؟</h2><ul><li>من أكثر الأصناف دوراناً في البقالات طوال العام.</li><li>مناسب للضيافة ووقت الشاي والمدارس.</li><li>هامش ربح جيد عند البيع بالقطعة.</li></ul><h2>التوصيل والدفع</h2><p>نوصل اوليرو كوكيز دارك 42 غرام إلى باب محلك أو نرتبه على الرف في كل مناطق إسطنبول، والدفع نقداً عند الاستلام. للطلبات خارج إسطنبول أو خارج تركيا يكون الدفع بتحويل بنكي. تظهر الأسعار بعد فتح حساب جملة وتأكيده عبر واتساب.</p><p>يبحث عنه التجار أيضاً باسم «Olivero Cookie Bitter 42 g»، و«اوليرو كوكيز جملة»، و«كوكيز جملة اسطنبول».</p>",,150,بسكويت,1,اوليرو,olivero,كوكيز,"Olivero Cookie Bitter 42 g",dark,"24 × 42 غ",24,علبة
simple,BK-050385,"اوليرو كوكيز غولد 42 غرام",1,0,visible,"<p>بسكويت مقرمش من اوليرو (Olivero) بنكهة الكراميل، وزن القطعة 42 غرام، يناسب الضيافة والشاي ووجبات المدرسة. التعبئة: 24 × 42 غ.</p>","<p><strong>اوليرو كوكيز غولد 42 غرام</strong> (<span lang=""tr"">Olivero Cookie Gold 42 g</span>): بسكويت مقرمش من اوليرو (Olivero) بنكهة الكراميل، وزن القطعة 42 غرام، يناسب الضيافة والشاي ووجبات المدرسة. من منتجات اوليرو (Olivero)، متوفر عندنا بالجملة لمحلات البقالة والماركت في إسطنبول.</p><h2>تفاصيل البيع بالجملة</h2><ul><li>وحدة البيع: علبة فيها 24 قطعة</li><li>التعبئة: 24 × 42 غ</li><li>القسم: البسكويت والكوكيز</li><li>العلامة: اوليرو · Olivero</li></ul><h2>لماذا يطلبه أصحاب المحلات؟</h2><ul><li>من أكثر الأصناف دوراناً في البقالات طوال العام.</li><li>مناسب للضيافة ووقت الشاي والمدارس.</li><li>هامش ربح جيد عند البيع بالقطعة.</li></ul><h2>التوصيل والدفع</h2><p>نوصل اوليرو كوكيز غولد 42 غرام إلى باب محلك أو نرتبه على الرف في كل مناطق إسطنبول، والدفع نقداً عند الاستلام. للطلبات خارج إسطنبول أو خارج تركيا يكون الدفع بتحويل بنكي. تظهر الأسعار بعد فتح حساب جملة وتأكيده عبر واتساب.</p><p>يبحث عنه التجار أيضاً باسم «Olivero Cookie Gold 42 g»، و«اوليرو كوكيز جملة»، و«كوكيز جملة اسطنبول».</p>",,150,بسكويت,1,اوليرو,olivero,كوكيز,"Olivero Cookie Gold 42 g",caramel,"24 × 42 غ",24,علبة
simple,BK-9E45F7,"اوليرو كوكيز موزاييك 42 غرام",1,0,visible,"<p>بسكويت مقرمش من اوليرو (Olivero) بنكهة الموزاييك، وزن القطعة 42 غرام، يناسب الضيافة والشاي ووجبات المدرسة. التعبئة: 24 × 42 غ.</p>","<p><strong>اوليرو كوكيز موزاييك 42 غرام</strong> (<span lang=""tr"">Olivero Cookie Mozaik 42 g</span>): بسكويت مقرمش من اوليرو (Olivero) بنكهة الموزاييك، وزن القطعة 42 غرام، يناسب الضيافة والشاي ووجبات المدرسة. من منتجات اوليرو (Olivero)، متوفر عندنا بالجملة لمحلات البقالة والماركت في إسطنبول.</p><h2>تفاصيل البيع بالجملة</h2><ul><li>وحدة البيع: علبة فيها 24 قطعة</li><li>التعبئة: 24 × 42 غ</li><li>القسم: البسكويت والكوكيز</li><li>العلامة: اوليرو · Olivero</li></ul><h2>لماذا يطلبه أصحاب المحلات؟</h2><ul><li>من أكثر الأصناف دوراناً في البقالات طوال العام.</li><li>مناسب للضيافة ووقت الشاي والمدارس.</li><li>هامش ربح جيد عند البيع بالقطعة.</li></ul><h2>التوصيل والدفع</h2><p>نوصل اوليرو كوكيز موزاييك 42 غرام إلى باب محلك أو نرتبه على الرف في كل مناطق إسطنبول، والدفع نقداً عند الاستلام. للطلبات خارج إسطنبول أو خارج تركيا يكون الدفع بتحويل بنكي. تظهر الأسعار بعد فتح حساب جملة وتأكيده عبر واتساب.</p><p>يبحث عنه التجار أيضاً باسم «Olivero Cookie Mozaik 42 g»، و«اوليرو كوكيز جملة»، و«كوكيز جملة اسطنبول».</p>",,150,بسكويت,1,اوليرو,olivero,كوكيز,"Olivero Cookie Mozaik 42 g",mosaic,"24 × 42 غ",24,علبة
simple,BK-078C12,"اويال بيضة بلاستيك",1,0,visible,"<p>لعبة أطفال بمفاجأة من اويال (Oyal)، تُباع بالقطعة بربح جيد. التعبئة: 24 قطعة.</p>","<p><strong>اويال بيضة بلاستيك</strong> (<span lang=""tr"">Oyal Plastik Sürpriz Yumurta</span>): لعبة أطفال بمفاجأة من اويال (Oyal)، تُباع بالقطعة بربح جيد. من منتجات اويال (Oyal)، متوفر عندنا بالجملة لمحلات البقالة والماركت في إسطنبول.</p><h2>تفاصيل البيع بالجملة</h2><ul><li>وحدة البيع: علبة فيها 24 قطعة</li><li>التعبئة: 24 قطعة</li><li>القسم: الألعاب والمفاجآت</li><li>العلامة: اويال · Oyal</li></ul><h2>لماذا يطلبه أصحاب المحلات؟</h2><ul><li>مفاجأة يحبها الأطفال.</li><li>ربح جيد للقطعة الواحدة.</li><li>تُعرض قرب الكاشير وتجذب العائلات.</li></ul><h2>التوصيل والدفع</h2><p>نوصل اويال بيضة بلاستيك إلى باب محلك أو نرتبه على الرف في كل مناطق إسطنبول، والدفع نقداً عند الاستلام. للطلبات خارج إسطنبول أو خارج تركيا يكون الدفع بتحويل بنكي. تظهر الأسعار بعد فتح حساب جملة وتأكيده عبر واتساب.</p><p>يبحث عنه التجار أيضاً باسم «Oyal Plastik Sürpriz Yumurta»، و«اويال بيضة مفاجآت جملة»، و«بيضة مفاجآت جملة اسطنبول».</p>",,225,ألعاب,1,اويال,oyal,"بيضة مفاجآت","Oyal Plastik Sürpriz Yumurta",mixed,"24 قطعة",24,علبة
simple,BK-DD7220,"إيتي براوني اسود 50 غرام",1,1,visible,"<p>كيك مغلّف فردياً من إيتي (Eti) بنكهة الشوكولاتة الداكنة، وزن القطعة 50 غرام، يباع بسرعة في البقالات والمقاصف. التعبئة: 16 × 50 غ.</p>","<p><strong>إيتي براوني اسود 50 غرام</strong> (<span lang=""tr"">Eti Browni Intense 50 g</span>): كيك مغلّف فردياً من إيتي (Eti) بنكهة الشوكولاتة الداكنة، وزن القطعة 50 غرام، يباع بسرعة في البقالات والمقاصف. من منتجات إيتي (Eti)، متوفر عندنا بالجملة لمحلات البقالة والماركت في إسطنبول.</p><h2>تفاصيل البيع بالجملة</h2><ul><li>وحدة البيع: علبة فيها 16 قطعة</li><li>التعبئة: 16 × 50 غ</li><li>القسم: الكيك والرول</li><li>العلامة: إيتي · Eti</li></ul><h2>لماذا يطلبه أصحاب المحلات؟</h2><ul><li>وجبة خفيفة مشبعة يطلبها الطلاب والعمال يومياً.</li><li>مغلّف فردياً ومناسب للبيع بالقطعة بجانب المشروبات.</li><li>يُعرض على الرف دون تبريد.</li></ul><h2>التوصيل والدفع</h2><p>نوصل إيتي براوني اسود 50 غرام إلى باب محلك أو نرتبه على الرف في كل مناطق إسطنبول، والدفع نقداً عند الاستلام. للطلبات خارج إسطنبول أو خارج تركيا يكون الدفع بتحويل بنكي. تظهر الأسعار بعد فتح حساب جملة وتأكيده عبر واتساب.</p><p>يبحث عنه التجار أيضاً باسم «Eti Browni Intense 50 g»، و«ايتي براوني جملة»، و«براوني جملة اسطنبول».</p>",318.5,325,"كيك, عروض",1,إيتي,eti,براوني,"Eti Browni Intense 50 g",dark,"16 × 50 غ",16,علبة
simple,BK-2F4C6B,"إيتي براوني غولد 48 غرام",1,0,visible,"<p>كيك مغلّف فردياً من إيتي (Eti) بنكهة الشوكولاتة، وزن القطعة 48 غرام، يباع بسرعة في البقالات والمقاصف. التعبئة: 16 × 48 غ.</p>","<p><strong>إيتي براوني غولد 48 غرام</strong> (<span lang=""tr"">Eti Browni Gold 48 g</span>): كيك مغلّف فردياً من إيتي (Eti) بنكهة الشوكولاتة، وزن القطعة 48 غرام، يباع بسرعة في البقالات والمقاصف. من منتجات إيتي (Eti)، متوفر عندنا بالجملة لمحلات البقالة والماركت في إسطنبول.</p><h2>تفاصيل البيع بالجملة</h2><ul><li>وحدة البيع: علبة فيها 16 قطعة</li><li>التعبئة: 16 × 48 غ</li><li>القسم: الكيك والرول</li><li>العلامة: إيتي · Eti</li></ul><h2>لماذا يطلبه أصحاب المحلات؟</h2><ul><li>وجبة خفيفة مشبعة يطلبها الطلاب والعمال يومياً.</li><li>مغلّف فردياً ومناسب للبيع بالقطعة بجانب المشروبات.</li><li>يُعرض على الرف دون تبريد.</li></ul><h2>التوصيل والدفع</h2><p>نوصل إيتي براوني غولد 48 غرام إلى باب محلك أو نرتبه على الرف في كل مناطق إسطنبول، والدفع نقداً عند الاستلام. للطلبات خارج إسطنبول أو خارج تركيا يكون الدفع بتحويل بنكي. تظهر الأسعار بعد فتح حساب جملة وتأكيده عبر واتساب.</p><p>يبحث عنه التجار أيضاً باسم «Eti Browni Gold 48 g»، و«ايتي براوني جملة»، و«براوني جملة اسطنبول».</p>",318.5,325,"كيك, عروض",1,إيتي,eti,براوني,"Eti Browni Gold 48 g",chocolate,"16 × 48 غ",16,علبة
simple,BK-F82499,"إيتي براوني كلاسيك 40 غرام",1,0,visible,"<p>كيك مغلّف فردياً من إيتي (Eti) بنكهة الشوكولاتة، وزن القطعة 40 غرام، يباع بسرعة في البقالات والمقاصف. التعبئة: 20 × 40 غ.</p>","<p><strong>إيتي براوني كلاسيك 40 غرام</strong> (<span lang=""tr"">Eti Browni 40 g</span>): كيك مغلّف فردياً من إيتي (Eti) بنكهة الشوكولاتة، وزن القطعة 40 غرام، يباع بسرعة في البقالات والمقاصف. من منتجات إيتي (Eti)، متوفر عندنا بالجملة لمحلات البقالة والماركت في إسطنبول.</p><h2>تفاصيل البيع بالجملة</h2><ul><li>وحدة البيع: علبة فيها 20 قطعة</li><li>التعبئة: 20 × 40 غ</li><li>القسم: الكيك والرول</li><li>العلامة: إيتي · Eti</li></ul><h2>لماذا يطلبه أصحاب المحلات؟</h2><ul><li>وجبة خفيفة مشبعة يطلبها الطلاب والعمال يومياً.</li><li>مغلّف فردياً ومناسب للبيع بالقطعة بجانب المشروبات.</li><li>يُعرض على الرف دون تبريد.</li></ul><h2>التوصيل والدفع</h2><p>نوصل إيتي براوني كلاسيك 40 غرام إلى باب محلك أو نرتبه على الرف في كل مناطق إسطنبول، والدفع نقداً عند الاستلام. للطلبات خارج إسطنبول أو خارج تركيا يكون الدفع بتحويل بنكي. تظهر الأسعار بعد فتح حساب جملة وتأكيده عبر واتساب.</p><p>يبحث عنه التجار أيضاً باسم «Eti Browni 40 g»، و«ايتي براوني جملة»، و«براوني جملة اسطنبول».</p>",289.1,295,"كيك, عروض",1,إيتي,eti,براوني,"Eti Browni 40 g",chocolate,"20 × 40 غ",20,علبة
simple,BK-11198C,"إيتي بوب كيك 60 غرام",1,1,visible,"<p>كيك مغلّف فردياً من إيتي (Eti) بنكهة الشوكولاتة، وزن القطعة 60 غرام، يباع بسرعة في البقالات والمقاصف. التعبئة: 24 × 60 غ.</p>","<p><strong>إيتي بوب كيك 60 غرام</strong> (<span lang=""tr"">Eti Popkek 60 g</span>): كيك مغلّف فردياً من إيتي (Eti) بنكهة الشوكولاتة، وزن القطعة 60 غرام، يباع بسرعة في البقالات والمقاصف. من منتجات إيتي (Eti)، متوفر عندنا بالجملة لمحلات البقالة والماركت في إسطنبول.</p><h2>تفاصيل البيع بالجملة</h2><ul><li>وحدة البيع: علبة فيها 24 قطعة</li><li>التعبئة: 24 × 60 غ</li><li>القسم: الكيك والرول</li><li>العلامة: إيتي · Eti</li></ul><h2>لماذا يطلبه أصحاب المحلات؟</h2><ul><li>وجبة خفيفة مشبعة يطلبها الطلاب والعمال يومياً.</li><li>مغلّف فردياً ومناسب للبيع بالقطعة بجانب المشروبات.</li><li>يُعرض على الرف دون تبريد.</li></ul><h2>التوصيل والدفع</h2><p>نوصل إيتي بوب كيك 60 غرام إلى باب محلك أو نرتبه على الرف في كل مناطق إسطنبول، والدفع نقداً عند الاستلام. للطلبات خارج إسطنبول أو خارج تركيا يكون الدفع بتحويل بنكي. تظهر الأسعار بعد فتح حساب جملة وتأكيده عبر واتساب.</p><p>يبحث عنه التجار أيضاً باسم «Eti Popkek 60 g»، و«ايتي بوب كيك جملة»، و«بوب كيك جملة اسطنبول».</p>",338.1,345,"كيك, عروض",1,إيتي,eti,"بوب كيك","Eti Popkek 60 g",chocolate,"24 × 60 غ",24,علبة
simple,BK-4005B2,"إيتي بورشاك بيتتر 114 غرام",1,0,visible,"<p>بسكويت من إيتي (Eti) بنكهة الشوكولاتة الداكنة، وزن القطعة 114 غرام، من الأصناف سريعة الدوران في الماركت. التعبئة: 12 × 114 غ.</p>","<p><strong>إيتي بورشاك بيتتر 114 غرام</strong> (<span lang=""tr"">Eti Burçak Bitter Çikolatalı 114 g</span>): بسكويت من إيتي (Eti) بنكهة الشوكولاتة الداكنة، وزن القطعة 114 غرام، من الأصناف سريعة الدوران في الماركت. من منتجات إيتي (Eti)، متوفر عندنا بالجملة لمحلات البقالة والماركت في إسطنبول.</p><h2>تفاصيل البيع بالجملة</h2><ul><li>وحدة البيع: علبة فيها 12 قطعة</li><li>التعبئة: 12 × 114 غ</li><li>القسم: البسكويت والكوكيز</li><li>العلامة: إيتي · Eti</li></ul><h2>لماذا يطلبه أصحاب المحلات؟</h2><ul><li>من أكثر الأصناف دوراناً في البقالات طوال العام.</li><li>مناسب للضيافة ووقت الشاي والمدارس.</li><li>هامش ربح جيد عند البيع بالقطعة.</li></ul><h2>التوصيل والدفع</h2><p>نوصل إيتي بورشاك بيتتر 114 غرام إلى باب محلك أو نرتبه على الرف في كل مناطق إسطنبول، والدفع نقداً عند الاستلام. للطلبات خارج إسطنبول أو خارج تركيا يكون الدفع بتحويل بنكي. تظهر الأسعار بعد فتح حساب جملة وتأكيده عبر واتساب.</p><p>يبحث عنه التجار أيضاً باسم «Eti Burçak Bitter Çikolatalı 114 g»، و«ايتي بورشاك جملة»، و«بورشاك جملة اسطنبول».</p>",382.2,390,"بسكويت, عروض",1,إيتي,eti,بورشاك,"Eti Burçak Bitter Çikolatalı 114 g",dark,"12 × 114 غ",12,علبة
simple,BK-2FFB3E,"إيتي بورشاك شوكولا 114 غرام",1,0,visible,"<p>بسكويت مقرمش من إيتي (Eti) بنكهة الشوكولاتة، وزن القطعة 114 غرام، يناسب الضيافة والشاي ووجبات المدرسة. التعبئة: 12 × 114 غ.</p>","<p><strong>إيتي بورشاك شوكولا 114 غرام</strong> (<span lang=""tr"">Eti Burçak Sütlü Çikolatalı 114 g</span>): بسكويت مقرمش من إيتي (Eti) بنكهة الشوكولاتة، وزن القطعة 114 غرام، يناسب الضيافة والشاي ووجبات المدرسة. من منتجات إيتي (Eti)، متوفر عندنا بالجملة لمحلات البقالة والماركت في إسطنبول.</p><h2>تفاصيل البيع بالجملة</h2><ul><li>وحدة البيع: علبة فيها 12 قطعة</li><li>التعبئة: 12 × 114 غ</li><li>القسم: البسكويت والكوكيز</li><li>العلامة: إيتي · Eti</li></ul><h2>لماذا يطلبه أصحاب المحلات؟</h2><ul><li>من أكثر الأصناف دوراناً في البقالات طوال العام.</li><li>مناسب للضيافة ووقت الشاي والمدارس.</li><li>هامش ربح جيد عند البيع بالقطعة.</li></ul><h2>التوصيل والدفع</h2><p>نوصل إيتي بورشاك شوكولا 114 غرام إلى باب محلك أو نرتبه على الرف في كل مناطق إسطنبول، والدفع نقداً عند الاستلام. للطلبات خارج إسطنبول أو خارج تركيا يكون الدفع بتحويل بنكي. تظهر الأسعار بعد فتح حساب جملة وتأكيده عبر واتساب.</p><p>يبحث عنه التجار أيضاً باسم «Eti Burçak Sütlü Çikolatalı 114 g»، و«ايتي بورشاك جملة»، و«بورشاك جملة اسطنبول».</p>",387.1,395,"بسكويت, عروض",1,إيتي,eti,بورشاك,"Eti Burçak Sütlü Çikolatalı 114 g",chocolate,"12 × 114 غ",12,علبة
simple,BK-ADE23A,"إيتي بورشاك كريمالي احمر 100 غرام",1,0,visible,"<p>بسكويت من إيتي (Eti) بنكهة الفراولة، وزن القطعة 100 غرام، من الأصناف سريعة الدوران في الماركت. التعبئة: 12 × 100 غ.</p>","<p><strong>إيتي بورشاك كريمالي احمر 100 غرام</strong> (<span lang=""tr"">Eti Burçak Kremalı Kırmızı 100 g</span>): بسكويت من إيتي (Eti) بنكهة الفراولة، وزن القطعة 100 غرام، من الأصناف سريعة الدوران في الماركت. من منتجات إيتي (Eti)، متوفر عندنا بالجملة لمحلات البقالة والماركت في إسطنبول.</p><h2>تفاصيل البيع بالجملة</h2><ul><li>وحدة البيع: علبة فيها 12 قطعة</li><li>التعبئة: 12 × 100 غ</li><li>القسم: البسكويت والكوكيز</li><li>العلامة: إيتي · Eti</li></ul><h2>لماذا يطلبه أصحاب المحلات؟</h2><ul><li>من أكثر الأصناف دوراناً في البقالات طوال العام.</li><li>مناسب للضيافة ووقت الشاي والمدارس.</li><li>هامش ربح جيد عند البيع بالقطعة.</li></ul><h2>التوصيل والدفع</h2><p>نوصل إيتي بورشاك كريمالي احمر 100 غرام إلى باب محلك أو نرتبه على الرف في كل مناطق إسطنبول، والدفع نقداً عند الاستلام. للطلبات خارج إسطنبول أو خارج تركيا يكون الدفع بتحويل بنكي. تظهر الأسعار بعد فتح حساب جملة وتأكيده عبر واتساب.</p><p>يبحث عنه التجار أيضاً باسم «Eti Burçak Kremalı Kırmızı 100 g»، و«ايتي بورشاك كريمالي جملة»، و«بورشاك كريمالي جملة اسطنبول».</p>",240.1,245,"بسكويت, عروض",1,إيتي,eti,"بورشاك كريمالي","Eti Burçak Kremalı Kırmızı 100 g",strawberry,"12 × 100 غ",12,علبة
simple,BK-42E9DF,"إيتي بورشاك كريمالي ازرق 100 غرام",1,0,visible,"<p>بسكويت من إيتي (Eti) بنكهة الحليب، وزن القطعة 100 غرام، من الأصناف سريعة الدوران في الماركت. التعبئة: 12 × 100 غ.</p>","<p><strong>إيتي بورشاك كريمالي ازرق 100 غرام</strong> (<span lang=""tr"">Eti Burçak Kremalı Mavi 100 g</span>): بسكويت من إيتي (Eti) بنكهة الحليب، وزن القطعة 100 غرام، من الأصناف سريعة الدوران في الماركت. من منتجات إيتي (Eti)، متوفر عندنا بالجملة لمحلات البقالة والماركت في إسطنبول.</p><h2>تفاصيل البيع بالجملة</h2><ul><li>وحدة البيع: علبة فيها 12 قطعة</li><li>التعبئة: 12 × 100 غ</li><li>القسم: البسكويت والكوكيز</li><li>العلامة: إيتي · Eti</li></ul><h2>لماذا يطلبه أصحاب المحلات؟</h2><ul><li>من أكثر الأصناف دوراناً في البقالات طوال العام.</li><li>مناسب للضيافة ووقت الشاي والمدارس.</li><li>هامش ربح جيد عند البيع بالقطعة.</li></ul><h2>التوصيل والدفع</h2><p>نوصل إيتي بورشاك كريمالي ازرق 100 غرام إلى باب محلك أو نرتبه على الرف في كل مناطق إسطنبول، والدفع نقداً عند الاستلام. للطلبات خارج إسطنبول أو خارج تركيا يكون الدفع بتحويل بنكي. تظهر الأسعار بعد فتح حساب جملة وتأكيده عبر واتساب.</p><p>يبحث عنه التجار أيضاً باسم «Eti Burçak Kremalı Mavi 100 g»، و«ايتي بورشاك كريمالي جملة»، و«بورشاك كريمالي جملة اسطنبول».</p>",240.1,245,"بسكويت, عروض",1,إيتي,eti,"بورشاك كريمالي","Eti Burçak Kremalı Mavi 100 g",milk,"12 × 100 غ",12,علبة
simple,BK-F9E2E0,"إيتي بورشاك كريمالي اصفر 100 غرام",1,0,visible,"<p>بسكويت مقرمش من إيتي (Eti) بنكهة الموز، وزن القطعة 100 غرام، يناسب الضيافة والشاي ووجبات المدرسة. التعبئة: 12 × 100 غ.</p>","<p><strong>إيتي بورشاك كريمالي اصفر 100 غرام</strong> (<span lang=""tr"">Eti Burçak Kremalı Sarı 100 g</span>): بسكويت مقرمش من إيتي (Eti) بنكهة الموز، وزن القطعة 100 غرام، يناسب الضيافة والشاي ووجبات المدرسة. من منتجات إيتي (Eti)، متوفر عندنا بالجملة لمحلات البقالة والماركت في إسطنبول.</p><h2>تفاصيل البيع بالجملة</h2><ul><li>وحدة البيع: علبة فيها 12 قطعة</li><li>التعبئة: 12 × 100 غ</li><li>القسم: البسكويت والكوكيز</li><li>العلامة: إيتي · Eti</li></ul><h2>لماذا يطلبه أصحاب المحلات؟</h2><ul><li>من أكثر الأصناف دوراناً في البقالات طوال العام.</li><li>مناسب للضيافة ووقت الشاي والمدارس.</li><li>هامش ربح جيد عند البيع بالقطعة.</li></ul><h2>التوصيل والدفع</h2><p>نوصل إيتي بورشاك كريمالي اصفر 100 غرام إلى باب محلك أو نرتبه على الرف في كل مناطق إسطنبول، والدفع نقداً عند الاستلام. للطلبات خارج إسطنبول أو خارج تركيا يكون الدفع بتحويل بنكي. تظهر الأسعار بعد فتح حساب جملة وتأكيده عبر واتساب.</p><p>يبحث عنه التجار أيضاً باسم «Eti Burçak Kremalı Sarı 100 g»، و«ايتي بورشاك كريمالي جملة»، و«بورشاك كريمالي جملة اسطنبول».</p>",240.1,245,"بسكويت, عروض",1,إيتي,eti,"بورشاك كريمالي","Eti Burçak Kremalı Sarı 100 g",banana,"12 × 100 غ",12,علبة
simple,BK-C17A4A,"إيتي بورشاك كلاسيك 131 غرام",1,1,visible,"<p>بسكويت من إيتي (Eti) بطعم الحبوب الكاملة، وزن القطعة 131 غرام، صنف ثابت الطلب على رف البسكويت. التعبئة: 24 × 131 غ.</p>","<p><strong>إيتي بورشاك كلاسيك 131 غرام</strong> (<span lang=""tr"">Eti Burçak 131 g</span>): بسكويت من إيتي (Eti) بطعم الحبوب الكاملة، وزن القطعة 131 غرام، صنف ثابت الطلب على رف البسكويت. من منتجات إيتي (Eti)، متوفر عندنا بالجملة لمحلات البقالة والماركت في إسطنبول.</p><h2>تفاصيل البيع بالجملة</h2><ul><li>وحدة البيع: علبة فيها 24 قطعة</li><li>التعبئة: 24 × 131 غ</li><li>القسم: البسكويت والكوكيز</li><li>العلامة: إيتي · Eti</li></ul><h2>لماذا يطلبه أصحاب المحلات؟</h2><ul><li>من أكثر الأصناف دوراناً في البقالات طوال العام.</li><li>مناسب للضيافة ووقت الشاي والمدارس.</li><li>هامش ربح جيد عند البيع بالقطعة.</li></ul><h2>التوصيل والدفع</h2><p>نوصل إيتي بورشاك كلاسيك 131 غرام إلى باب محلك أو نرتبه على الرف في كل مناطق إسطنبول، والدفع نقداً عند الاستلام. للطلبات خارج إسطنبول أو خارج تركيا يكون الدفع بتحويل بنكي. تظهر الأسعار بعد فتح حساب جملة وتأكيده عبر واتساب.</p><p>يبحث عنه التجار أيضاً باسم «Eti Burçak 131 g»، و«ايتي بورشاك جملة»، و«بورشاك جملة اسطنبول».</p>",480.2,490,"بسكويت, عروض",1,إيتي,eti,بورشاك,"Eti Burçak 131 g",wholegrain,"24 × 131 غ",24,علبة
simple,BK-9239A5,"إيتي بيت بور 22.5 غرام",1,0,visible,"<p>بسكويت من إيتي (Eti) بطعم الفانيليا، وزن القطعة 22.5 غرام، صنف ثابت الطلب على رف البسكويت. التعبئة: 24 × 22.5 غ.</p>","<p><strong>إيتي بيت بور 22.5 غرام</strong> (<span lang=""tr"">Eti Pötibör 22,5 g</span>): بسكويت من إيتي (Eti) بطعم الفانيليا، وزن القطعة 22.5 غرام، صنف ثابت الطلب على رف البسكويت. من منتجات إيتي (Eti)، متوفر عندنا بالجملة لمحلات البقالة والماركت في إسطنبول.</p><h2>تفاصيل البيع بالجملة</h2><ul><li>وحدة البيع: علبة فيها 24 قطعة</li><li>التعبئة: 24 × 22.5 غ</li><li>القسم: البسكويت والكوكيز</li><li>العلامة: إيتي · Eti</li></ul><h2>لماذا يطلبه أصحاب المحلات؟</h2><ul><li>من أكثر الأصناف دوراناً في البقالات طوال العام.</li><li>مناسب للضيافة ووقت الشاي والمدارس.</li><li>هامش ربح جيد عند البيع بالقطعة.</li></ul><h2>التوصيل والدفع</h2><p>نوصل إيتي بيت بور 22.5 غرام إلى باب محلك أو نرتبه على الرف في كل مناطق إسطنبول، والدفع نقداً عند الاستلام. للطلبات خارج إسطنبول أو خارج تركيا يكون الدفع بتحويل بنكي. تظهر الأسعار بعد فتح حساب جملة وتأكيده عبر واتساب.</p><p>يبحث عنه التجار أيضاً باسم «Eti Pötibör 22,5 g»، و«ايتي بيتي بور جملة»، و«بيتي بور جملة اسطنبول».</p>",132.3,135,"بسكويت, عروض",1,إيتي,eti,"بيتي بور","Eti Pötibör 22,5 g",vanilla,"24 × 22.5 غ",24,علبة
simple,BK-880D2B,"إيتي بينيمو كومبو كريمالي 96 غرام",1,0,visible,"<p>بسكويت من إيتي (Eti) بطعم الحليب، وزن القطعة 96 غرام، صنف ثابت الطلب على رف البسكويت. التعبئة: 18 × 96 غ.</p>","<p><strong>إيتي بينيمو كومبو كريمالي 96 غرام</strong> (<span lang=""tr"">Eti Benimo Kombo Kremalı 96 g</span>): بسكويت من إيتي (Eti) بطعم الحليب، وزن القطعة 96 غرام، صنف ثابت الطلب على رف البسكويت. من منتجات إيتي (Eti)، متوفر عندنا بالجملة لمحلات البقالة والماركت في إسطنبول.</p><h2>تفاصيل البيع بالجملة</h2><ul><li>وحدة البيع: علبة فيها 18 قطعة</li><li>التعبئة: 18 × 96 غ</li><li>القسم: البسكويت والكوكيز</li><li>العلامة: إيتي · Eti</li></ul><h2>لماذا يطلبه أصحاب المحلات؟</h2><ul><li>من أكثر الأصناف دوراناً في البقالات طوال العام.</li><li>مناسب للضيافة ووقت الشاي والمدارس.</li><li>هامش ربح جيد عند البيع بالقطعة.</li></ul><h2>التوصيل والدفع</h2><p>نوصل إيتي بينيمو كومبو كريمالي 96 غرام إلى باب محلك أو نرتبه على الرف في كل مناطق إسطنبول، والدفع نقداً عند الاستلام. للطلبات خارج إسطنبول أو خارج تركيا يكون الدفع بتحويل بنكي. تظهر الأسعار بعد فتح حساب جملة وتأكيده عبر واتساب.</p><p>يبحث عنه التجار أيضاً باسم «Eti Benimo Kombo Kremalı 96 g»، و«ايتي بينيمو جملة»، و«بينيمو جملة اسطنبول».</p>",504.7,515,"بسكويت, عروض",1,إيتي,eti,بينيمو,"Eti Benimo Kombo Kremalı 96 g",milk,"18 × 96 غ",18,علبة
simple,BK-E4D136,"إيتي بينيمو 80 غرام",1,1,visible,"<p>بسكويت مقرمش من إيتي (Eti) بنكهة الحليب، وزن القطعة 80 غرام، يناسب الضيافة والشاي ووجبات المدرسة. التعبئة: 18 × 80 غ.</p>","<p><strong>إيتي بينيمو 80 غرام</strong> (<span lang=""tr"">Eti Benimo 80 g</span>): بسكويت مقرمش من إيتي (Eti) بنكهة الحليب، وزن القطعة 80 غرام، يناسب الضيافة والشاي ووجبات المدرسة. من منتجات إيتي (Eti)، متوفر عندنا بالجملة لمحلات البقالة والماركت في إسطنبول.</p><h2>تفاصيل البيع بالجملة</h2><ul><li>وحدة البيع: علبة فيها 18 قطعة</li><li>التعبئة: 18 × 80 غ</li><li>القسم: البسكويت والكوكيز</li><li>العلامة: إيتي · Eti</li></ul><h2>لماذا يطلبه أصحاب المحلات؟</h2><ul><li>من أكثر الأصناف دوراناً في البقالات طوال العام.</li><li>مناسب للضيافة ووقت الشاي والمدارس.</li><li>هامش ربح جيد عند البيع بالقطعة.</li></ul><h2>التوصيل والدفع</h2><p>نوصل إيتي بينيمو 80 غرام إلى باب محلك أو نرتبه على الرف في كل مناطق إسطنبول، والدفع نقداً عند الاستلام. للطلبات خارج إسطنبول أو خارج تركيا يكون الدفع بتحويل بنكي. تظهر الأسعار بعد فتح حساب جملة وتأكيده عبر واتساب.</p><p>يبحث عنه التجار أيضاً باسم «Eti Benimo 80 g»، و«ايتي بينيمو جملة»، و«بينيمو جملة اسطنبول».</p>",504.7,515,"بسكويت, عروض",1,إيتي,eti,بينيمو,"Eti Benimo 80 g",milk,"18 × 80 غ",18,علبة
simple,BK-3AC8B2,"إيتي بينيمو دارك 80 غرام",1,0,visible,"<p>بسكويت من إيتي (Eti) بنكهة الشوكولاتة الداكنة، وزن القطعة 80 غرام، من الأصناف سريعة الدوران في الماركت. التعبئة: 18 × 80 غ.</p>","<p><strong>إيتي بينيمو دارك 80 غرام</strong> (<span lang=""tr"">Eti Benimo Bitter 80 g</span>): بسكويت من إيتي (Eti) بنكهة الشوكولاتة الداكنة، وزن القطعة 80 غرام، من الأصناف سريعة الدوران في الماركت. من منتجات إيتي (Eti)، متوفر عندنا بالجملة لمحلات البقالة والماركت في إسطنبول.</p><h2>تفاصيل البيع بالجملة</h2><ul><li>وحدة البيع: علبة فيها 18 قطعة</li><li>التعبئة: 18 × 80 غ</li><li>القسم: البسكويت والكوكيز</li><li>العلامة: إيتي · Eti</li></ul><h2>لماذا يطلبه أصحاب المحلات؟</h2><ul><li>من أكثر الأصناف دوراناً في البقالات طوال العام.</li><li>مناسب للضيافة ووقت الشاي والمدارس.</li><li>هامش ربح جيد عند البيع بالقطعة.</li></ul><h2>التوصيل والدفع</h2><p>نوصل إيتي بينيمو دارك 80 غرام إلى باب محلك أو نرتبه على الرف في كل مناطق إسطنبول، والدفع نقداً عند الاستلام. للطلبات خارج إسطنبول أو خارج تركيا يكون الدفع بتحويل بنكي. تظهر الأسعار بعد فتح حساب جملة وتأكيده عبر واتساب.</p><p>يبحث عنه التجار أيضاً باسم «Eti Benimo Bitter 80 g»، و«ايتي بينيمو جملة»، و«بينيمو جملة اسطنبول».</p>",504.7,515,"بسكويت, عروض",1,إيتي,eti,بينيمو,"Eti Benimo Bitter 80 g",dark,"18 × 80 غ",18,علبة
simple,BK-66D21C,"إيتي بينيمو كومبو ستيك 56 غرام",1,0,visible,"<p>بسكويت من إيتي (Eti) بنكهة الشوكولاتة، وزن القطعة 56 غرام، من الأصناف سريعة الدوران في الماركت. التعبئة: 18 × 56 غ.</p>","<p><strong>إيتي بينيمو كومبو ستيك 56 غرام</strong> (<span lang=""tr"">Eti Benimo Kombo Stick 56 g</span>): بسكويت من إيتي (Eti) بنكهة الشوكولاتة، وزن القطعة 56 غرام، من الأصناف سريعة الدوران في الماركت. من منتجات إيتي (Eti)، متوفر عندنا بالجملة لمحلات البقالة والماركت في إسطنبول.</p><h2>تفاصيل البيع بالجملة</h2><ul><li>وحدة البيع: علبة فيها 18 قطعة</li><li>التعبئة: 18 × 56 غ</li><li>القسم: البسكويت والكوكيز</li><li>العلامة: إيتي · Eti</li></ul><h2>لماذا يطلبه أصحاب المحلات؟</h2><ul><li>من أكثر الأصناف دوراناً في البقالات طوال العام.</li><li>مناسب للضيافة ووقت الشاي والمدارس.</li><li>هامش ربح جيد عند البيع بالقطعة.</li></ul><h2>التوصيل والدفع</h2><p>نوصل إيتي بينيمو كومبو ستيك 56 غرام إلى باب محلك أو نرتبه على الرف في كل مناطق إسطنبول، والدفع نقداً عند الاستلام. للطلبات خارج إسطنبول أو خارج تركيا يكون الدفع بتحويل بنكي. تظهر الأسعار بعد فتح حساب جملة وتأكيده عبر واتساب.</p><p>يبحث عنه التجار أيضاً باسم «Eti Benimo Kombo Stick 56 g»، و«ايتي بينيمو جملة»، و«بينيمو جملة اسطنبول».</p>",431.2,440,"بسكويت, عروض",1,إيتي,eti,بينيمو,"Eti Benimo Kombo Stick 56 g",chocolate,"18 × 56 غ",18,علبة
simple,BK-44FE43,"إيتي بينيمو كومبو كوكيز 84 غرام",1,0,visible,"<p>بسكويت من إيتي (Eti) بنكهة الشوكولاتة، وزن القطعة 84 غرام، من الأصناف سريعة الدوران في الماركت. التعبئة: 18 × 84 غ.</p>","<p><strong>إيتي بينيمو كومبو كوكيز 84 غرام</strong> (<span lang=""tr"">Eti Benimo Kombo Cookie 84 g</span>): بسكويت من إيتي (Eti) بنكهة الشوكولاتة، وزن القطعة 84 غرام، من الأصناف سريعة الدوران في الماركت. من منتجات إيتي (Eti)، متوفر عندنا بالجملة لمحلات البقالة والماركت في إسطنبول.</p><h2>تفاصيل البيع بالجملة</h2><ul><li>وحدة البيع: علبة فيها 18 قطعة</li><li>التعبئة: 18 × 84 غ</li><li>القسم: البسكويت والكوكيز</li><li>العلامة: إيتي · Eti</li></ul><h2>لماذا يطلبه أصحاب المحلات؟</h2><ul><li>من أكثر الأصناف دوراناً في البقالات طوال العام.</li><li>مناسب للضيافة ووقت الشاي والمدارس.</li><li>هامش ربح جيد عند البيع بالقطعة.</li></ul><h2>التوصيل والدفع</h2><p>نوصل إيتي بينيمو كومبو كوكيز 84 غرام إلى باب محلك أو نرتبه على الرف في كل مناطق إسطنبول، والدفع نقداً عند الاستلام. للطلبات خارج إسطنبول أو خارج تركيا يكون الدفع بتحويل بنكي. تظهر الأسعار بعد فتح حساب جملة وتأكيده عبر واتساب.</p><p>يبحث عنه التجار أيضاً باسم «Eti Benimo Kombo Cookie 84 g»، و«ايتي بينيمو جملة»، و«بينيمو جملة اسطنبول».</p>",504.7,515,"بسكويت, عروض",1,إيتي,eti,بينيمو,"Eti Benimo Kombo Cookie 84 g",chocolate,"18 × 84 غ",18,علبة
simple,BK-16936C,"إيتي توب كيك شوكولا 35 غرام",1,0,visible,"<p>قطعة كيك طرية من إيتي (Eti) بطعم الكاكاو، وزن القطعة 35 غرام، مناسبة لرف الكيك قرب الكاشير. التعبئة: 24 × 35 غ.</p>","<p><strong>إيتي توب كيك شوكولا 35 غرام</strong> (<span lang=""tr"">Eti Topkek Kakaolu 35 g</span>): قطعة كيك طرية من إيتي (Eti) بطعم الكاكاو، وزن القطعة 35 غرام، مناسبة لرف الكيك قرب الكاشير. من منتجات إيتي (Eti)، متوفر عندنا بالجملة لمحلات البقالة والماركت في إسطنبول.</p><h2>تفاصيل البيع بالجملة</h2><ul><li>وحدة البيع: علبة فيها 24 قطعة</li><li>التعبئة: 24 × 35 غ</li><li>القسم: الكيك والرول</li><li>العلامة: إيتي · Eti</li></ul><h2>لماذا يطلبه أصحاب المحلات؟</h2><ul><li>وجبة خفيفة مشبعة يطلبها الطلاب والعمال يومياً.</li><li>مغلّف فردياً ومناسب للبيع بالقطعة بجانب المشروبات.</li><li>يُعرض على الرف دون تبريد.</li></ul><h2>التوصيل والدفع</h2><p>نوصل إيتي توب كيك شوكولا 35 غرام إلى باب محلك أو نرتبه على الرف في كل مناطق إسطنبول، والدفع نقداً عند الاستلام. للطلبات خارج إسطنبول أو خارج تركيا يكون الدفع بتحويل بنكي. تظهر الأسعار بعد فتح حساب جملة وتأكيده عبر واتساب.</p><p>يبحث عنه التجار أيضاً باسم «Eti Topkek Kakaolu 35 g»، و«ايتي توب كيك جملة»، و«توب كيك جملة اسطنبول».</p>",249.9,255,"كيك, عروض",1,إيتي,eti,"توب كيك","Eti Topkek Kakaolu 35 g",cocoa,"24 × 35 غ",24,علبة
simple,BK-892366,"إيتي توب كيك فواكه 35 غرام",1,0,visible,"<p>كيك من إيتي (Eti) بنكهة الفواكه، وزن القطعة 35 غرام، من الأصناف التي يطلبها الأطفال والطلاب كل يوم. التعبئة: 24 × 35 غ.</p>","<p><strong>إيتي توب كيك فواكه 35 غرام</strong> (<span lang=""tr"">Eti Topkek Meyveli 35 g</span>): كيك من إيتي (Eti) بنكهة الفواكه، وزن القطعة 35 غرام، من الأصناف التي يطلبها الأطفال والطلاب كل يوم. من منتجات إيتي (Eti)، متوفر عندنا بالجملة لمحلات البقالة والماركت في إسطنبول.</p><h2>تفاصيل البيع بالجملة</h2><ul><li>وحدة البيع: علبة فيها 24 قطعة</li><li>التعبئة: 24 × 35 غ</li><li>القسم: الكيك والرول</li><li>العلامة: إيتي · Eti</li></ul><h2>لماذا يطلبه أصحاب المحلات؟</h2><ul><li>وجبة خفيفة مشبعة يطلبها الطلاب والعمال يومياً.</li><li>مغلّف فردياً ومناسب للبيع بالقطعة بجانب المشروبات.</li><li>يُعرض على الرف دون تبريد.</li></ul><h2>التوصيل والدفع</h2><p>نوصل إيتي توب كيك فواكه 35 غرام إلى باب محلك أو نرتبه على الرف في كل مناطق إسطنبول، والدفع نقداً عند الاستلام. للطلبات خارج إسطنبول أو خارج تركيا يكون الدفع بتحويل بنكي. تظهر الأسعار بعد فتح حساب جملة وتأكيده عبر واتساب.</p><p>يبحث عنه التجار أيضاً باسم «Eti Topkek Meyveli 35 g»، و«ايتي توب كيك جملة»، و«توب كيك جملة اسطنبول».</p>",249.9,255,"كيك, عروض",1,إيتي,eti,"توب كيك","Eti Topkek Meyveli 35 g",fruit,"24 × 35 غ",24,علبة
simple,BK-81B54A,"إيتي توتكو 100 غرام",1,1,visible,"<p>بسكويت من إيتي (Eti) بنكهة الشوكولاتة، وزن القطعة 100 غرام، من الأصناف سريعة الدوران في الماركت. التعبئة: 24 × 100 غ.</p>","<p><strong>إيتي توتكو 100 غرام</strong> (<span lang=""tr"">Eti Tutku 100 g</span>): بسكويت من إيتي (Eti) بنكهة الشوكولاتة، وزن القطعة 100 غرام، من الأصناف سريعة الدوران في الماركت. من منتجات إيتي (Eti)، متوفر عندنا بالجملة لمحلات البقالة والماركت في إسطنبول.</p><h2>تفاصيل البيع بالجملة</h2><ul><li>وحدة البيع: علبة فيها 24 قطعة</li><li>التعبئة: 24 × 100 غ</li><li>القسم: البسكويت والكوكيز</li><li>العلامة: إيتي · Eti</li></ul><h2>لماذا يطلبه أصحاب المحلات؟</h2><ul><li>من أكثر الأصناف دوراناً في البقالات طوال العام.</li><li>مناسب للضيافة ووقت الشاي والمدارس.</li><li>هامش ربح جيد عند البيع بالقطعة.</li></ul><h2>التوصيل والدفع</h2><p>نوصل إيتي توتكو 100 غرام إلى باب محلك أو نرتبه على الرف في كل مناطق إسطنبول، والدفع نقداً عند الاستلام. للطلبات خارج إسطنبول أو خارج تركيا يكون الدفع بتحويل بنكي. تظهر الأسعار بعد فتح حساب جملة وتأكيده عبر واتساب.</p><p>يبحث عنه التجار أيضاً باسم «Eti Tutku 100 g»، و«ايتي توتكو جملة»، و«توتكو جملة اسطنبول».</p>",573.3,585,"بسكويت, عروض",1,إيتي,eti,توتكو,"Eti Tutku 100 g",chocolate,"24 × 100 غ",24,علبة
simple,BK-935A53,"إيتي توتكو تارت 45 غرام",1,0,visible,"<p>بسكويت من إيتي (Eti) بنكهة الشوكولاتة، وزن القطعة 45 غرام، من الأصناف سريعة الدوران في الماركت. التعبئة: 16 × 45 غ.</p>","<p><strong>إيتي توتكو تارت 45 غرام</strong> (<span lang=""tr"">Eti Tutku Tart 45 g</span>): بسكويت من إيتي (Eti) بنكهة الشوكولاتة، وزن القطعة 45 غرام، من الأصناف سريعة الدوران في الماركت. من منتجات إيتي (Eti)، متوفر عندنا بالجملة لمحلات البقالة والماركت في إسطنبول.</p><h2>تفاصيل البيع بالجملة</h2><ul><li>وحدة البيع: علبة فيها 16 قطعة</li><li>التعبئة: 16 × 45 غ</li><li>القسم: البسكويت والكوكيز</li><li>العلامة: إيتي · Eti</li></ul><h2>لماذا يطلبه أصحاب المحلات؟</h2><ul><li>من أكثر الأصناف دوراناً في البقالات طوال العام.</li><li>مناسب للضيافة ووقت الشاي والمدارس.</li><li>هامش ربح جيد عند البيع بالقطعة.</li></ul><h2>التوصيل والدفع</h2><p>نوصل إيتي توتكو تارت 45 غرام إلى باب محلك أو نرتبه على الرف في كل مناطق إسطنبول، والدفع نقداً عند الاستلام. للطلبات خارج إسطنبول أو خارج تركيا يكون الدفع بتحويل بنكي. تظهر الأسعار بعد فتح حساب جملة وتأكيده عبر واتساب.</p><p>يبحث عنه التجار أيضاً باسم «Eti Tutku Tart 45 g»، و«ايتي توتكو جملة»، و«توتكو جملة اسطنبول».</p>",254.8,260,"بسكويت, عروض",1,إيتي,eti,توتكو,"Eti Tutku Tart 45 g",chocolate,"16 × 45 غ",16,علبة
simple,BK-133CA0,"إيتي جانكا 45 غرام",1,0,visible,"<p>لوح من إيتي (Eti) بنكهة الفول السوداني، وزن القطعة 45 غرام، مطلوب في البقالات وأكشاك المدارس. التعبئة: 16 × 45 غ.</p>","<p><strong>إيتي جانكا 45 غرام</strong> (<span lang=""tr"">Eti Canga 45 g</span>): لوح من إيتي (Eti) بنكهة الفول السوداني، وزن القطعة 45 غرام، مطلوب في البقالات وأكشاك المدارس. من منتجات إيتي (Eti)، متوفر عندنا بالجملة لمحلات البقالة والماركت في إسطنبول.</p><h2>تفاصيل البيع بالجملة</h2><ul><li>وحدة البيع: علبة فيها 16 قطعة</li><li>التعبئة: 16 × 45 غ</li><li>القسم: الشوكولاتة والويفر</li><li>العلامة: إيتي · Eti</li></ul><h2>لماذا يطلبه أصحاب المحلات؟</h2><ul><li>صنف شراء سريع قرب الكاشير.</li><li>سعر القطعة صغير فيشجع الشراء المتكرر.</li><li>مطلوب لدى الأطفال والشباب.</li></ul><h2>التوصيل والدفع</h2><p>نوصل إيتي جانكا 45 غرام إلى باب محلك أو نرتبه على الرف في كل مناطق إسطنبول، والدفع نقداً عند الاستلام. للطلبات خارج إسطنبول أو خارج تركيا يكون الدفع بتحويل بنكي. تظهر الأسعار بعد فتح حساب جملة وتأكيده عبر واتساب.</p><p>يبحث عنه التجار أيضاً باسم «Eti Canga 45 g»، و«ايتي جانغا جملة»، و«جانغا جملة اسطنبول».</p>",318.5,325,"شوكولاتة, عروض",1,إيتي,eti,جانغا,"Eti Canga 45 g",peanut,"16 × 45 غ",16,علبة
simple,BK-CBF6E9,"إيتي جين 25 غرام",1,0,visible,"<p>بسكويت من إيتي (Eti) بنكهة البرتقال، وزن القطعة 25 غرام، من الأصناف سريعة الدوران في الماركت. التعبئة: 36 × 25 غ.</p>","<p><strong>إيتي جين 25 غرام</strong> (<span lang=""tr"">Eti Cin 25 g</span>): بسكويت من إيتي (Eti) بنكهة البرتقال، وزن القطعة 25 غرام، من الأصناف سريعة الدوران في الماركت. من منتجات إيتي (Eti)، متوفر عندنا بالجملة لمحلات البقالة والماركت في إسطنبول.</p><h2>تفاصيل البيع بالجملة</h2><ul><li>وحدة البيع: علبة فيها 36 قطعة</li><li>التعبئة: 36 × 25 غ</li><li>القسم: البسكويت والكوكيز</li><li>العلامة: إيتي · Eti</li></ul><h2>لماذا يطلبه أصحاب المحلات؟</h2><ul><li>من أكثر الأصناف دوراناً في البقالات طوال العام.</li><li>مناسب للضيافة ووقت الشاي والمدارس.</li><li>هامش ربح جيد عند البيع بالقطعة.</li></ul><h2>التوصيل والدفع</h2><p>نوصل إيتي جين 25 غرام إلى باب محلك أو نرتبه على الرف في كل مناطق إسطنبول، والدفع نقداً عند الاستلام. للطلبات خارج إسطنبول أو خارج تركيا يكون الدفع بتحويل بنكي. تظهر الأسعار بعد فتح حساب جملة وتأكيده عبر واتساب.</p><p>يبحث عنه التجار أيضاً باسم «Eti Cin 25 g»، و«ايتي جين جملة»، و«جين جملة اسطنبول».</p>",200.9,205,"بسكويت, عروض",1,إيتي,eti,جين,"Eti Cin 25 g",orange,"36 × 25 غ",36,علبة
simple,BK-E177FF,"إيتي جين لوكمالي 114 غرام",1,1,visible,"<p>بسكويت مقرمش من إيتي (Eti) بنكهة البرتقال، وزن القطعة 114 غرام، يناسب الضيافة والشاي ووجبات المدرسة. التعبئة: 18 × 114 غ.</p>","<p><strong>إيتي جين لوكمالي 114 غرام</strong> (<span lang=""tr"">Eti Cin Lokmalık 114 g</span>): بسكويت مقرمش من إيتي (Eti) بنكهة البرتقال، وزن القطعة 114 غرام، يناسب الضيافة والشاي ووجبات المدرسة. من منتجات إيتي (Eti)، متوفر عندنا بالجملة لمحلات البقالة والماركت في إسطنبول.</p><h2>تفاصيل البيع بالجملة</h2><ul><li>وحدة البيع: علبة فيها 18 قطعة</li><li>التعبئة: 18 × 114 غ</li><li>القسم: البسكويت والكوكيز</li><li>العلامة: إيتي · Eti</li></ul><h2>لماذا يطلبه أصحاب المحلات؟</h2><ul><li>من أكثر الأصناف دوراناً في البقالات طوال العام.</li><li>مناسب للضيافة ووقت الشاي والمدارس.</li><li>هامش ربح جيد عند البيع بالقطعة.</li></ul><h2>التوصيل والدفع</h2><p>نوصل إيتي جين لوكمالي 114 غرام إلى باب محلك أو نرتبه على الرف في كل مناطق إسطنبول، والدفع نقداً عند الاستلام. للطلبات خارج إسطنبول أو خارج تركيا يكون الدفع بتحويل بنكي. تظهر الأسعار بعد فتح حساب جملة وتأكيده عبر واتساب.</p><p>يبحث عنه التجار أيضاً باسم «Eti Cin Lokmalık 114 g»، و«ايتي جين جملة»، و«جين جملة اسطنبول».</p>",362.6,370,"بسكويت, عروض",1,إيتي,eti,جين,"Eti Cin Lokmalık 114 g",orange,"18 × 114 غ",18,علبة
simple,BK-D51E0E,"إيتي غونغ اورجينال 34 غرام",1,0,visible,"<p>شيبس ومقرمشات من إيتي (Eti) بنكهة الذرة، وزن القطعة 34 غرام، تسالي مالحة يرتفع طلبها في المساء. التعبئة: 18 × 34 غ.</p>","<p><strong>إيتي غونغ اورجينال 34 غرام</strong> (<span lang=""tr"">Eti Gong Orijinal 34 g</span>): شيبس ومقرمشات من إيتي (Eti) بنكهة الذرة، وزن القطعة 34 غرام، تسالي مالحة يرتفع طلبها في المساء. من منتجات إيتي (Eti)، متوفر عندنا بالجملة لمحلات البقالة والماركت في إسطنبول.</p><h2>تفاصيل البيع بالجملة</h2><ul><li>وحدة البيع: علبة فيها 18 قطعة</li><li>التعبئة: 18 × 34 غ</li><li>القسم: الشيبس والمقرمشات</li><li>العلامة: إيتي · Eti</li></ul><h2>لماذا يطلبه أصحاب المحلات؟</h2><ul><li>تسالي مالحة ترفع قيمة سلة الزبون.</li><li>يزداد طلبها في المساء وأيام المباريات.</li><li>تُعرض بجانب المشروبات الغازية.</li></ul><h2>التوصيل والدفع</h2><p>نوصل إيتي غونغ اورجينال 34 غرام إلى باب محلك أو نرتبه على الرف في كل مناطق إسطنبول، والدفع نقداً عند الاستلام. للطلبات خارج إسطنبول أو خارج تركيا يكون الدفع بتحويل بنكي. تظهر الأسعار بعد فتح حساب جملة وتأكيده عبر واتساب.</p><p>يبحث عنه التجار أيضاً باسم «Eti Gong Orijinal 34 g»، و«ايتي غونغ جملة»، و«غونغ جملة اسطنبول».</p>",259.7,265,"شيبس, عروض",1,إيتي,eti,غونغ,"Eti Gong Orijinal 34 g",corn,"18 × 34 غ",18,علبة
simple,BK-EAFAC8,"إيتي غونغ حار وجبنة 34 غرام",1,0,visible,"<p>مقرمشات من إيتي (Eti) بطعم الجبنة، وزن القطعة 34 غرام، تُعرض قرب المشروبات لتشجيع الشراء المزدوج. التعبئة: 18 × 34 غ.</p>","<p><strong>إيتي غونغ حار وجبنة 34 غرام</strong> (<span lang=""tr"">Eti Gong Acılı Peynirli 34 g</span>): مقرمشات من إيتي (Eti) بطعم الجبنة، وزن القطعة 34 غرام، تُعرض قرب المشروبات لتشجيع الشراء المزدوج. من منتجات إيتي (Eti)، متوفر عندنا بالجملة لمحلات البقالة والماركت في إسطنبول.</p><h2>تفاصيل البيع بالجملة</h2><ul><li>وحدة البيع: علبة فيها 18 قطعة</li><li>التعبئة: 18 × 34 غ</li><li>القسم: الشيبس والمقرمشات</li><li>العلامة: إيتي · Eti</li></ul><h2>لماذا يطلبه أصحاب المحلات؟</h2><ul><li>تسالي مالحة ترفع قيمة سلة الزبون.</li><li>يزداد طلبها في المساء وأيام المباريات.</li><li>تُعرض بجانب المشروبات الغازية.</li></ul><h2>التوصيل والدفع</h2><p>نوصل إيتي غونغ حار وجبنة 34 غرام إلى باب محلك أو نرتبه على الرف في كل مناطق إسطنبول، والدفع نقداً عند الاستلام. للطلبات خارج إسطنبول أو خارج تركيا يكون الدفع بتحويل بنكي. تظهر الأسعار بعد فتح حساب جملة وتأكيده عبر واتساب.</p><p>يبحث عنه التجار أيضاً باسم «Eti Gong Acılı Peynirli 34 g»، و«ايتي غونغ جملة»، و«غونغ جملة اسطنبول».</p>",259.7,265,"شيبس, عروض",1,إيتي,eti,غونغ,"Eti Gong Acılı Peynirli 34 g",cheese,"18 × 34 غ",18,علبة
simple,BK-27454B,"إيتي غونغ عسل وخردل 34 غرام",1,0,visible,"<p>شيبس ومقرمشات من إيتي (Eti) بنكهة العسل، وزن القطعة 34 غرام، تسالي مالحة يرتفع طلبها في المساء. التعبئة: 18 × 34 غ.</p>","<p><strong>إيتي غونغ عسل وخردل 34 غرام</strong> (<span lang=""tr"">Eti Gong Ballı Hardallı 34 g</span>): شيبس ومقرمشات من إيتي (Eti) بنكهة العسل، وزن القطعة 34 غرام، تسالي مالحة يرتفع طلبها في المساء. من منتجات إيتي (Eti)، متوفر عندنا بالجملة لمحلات البقالة والماركت في إسطنبول.</p><h2>تفاصيل البيع بالجملة</h2><ul><li>وحدة البيع: علبة فيها 18 قطعة</li><li>التعبئة: 18 × 34 غ</li><li>القسم: الشيبس والمقرمشات</li><li>العلامة: إيتي · Eti</li></ul><h2>لماذا يطلبه أصحاب المحلات؟</h2><ul><li>تسالي مالحة ترفع قيمة سلة الزبون.</li><li>يزداد طلبها في المساء وأيام المباريات.</li><li>تُعرض بجانب المشروبات الغازية.</li></ul><h2>التوصيل والدفع</h2><p>نوصل إيتي غونغ عسل وخردل 34 غرام إلى باب محلك أو نرتبه على الرف في كل مناطق إسطنبول، والدفع نقداً عند الاستلام. للطلبات خارج إسطنبول أو خارج تركيا يكون الدفع بتحويل بنكي. تظهر الأسعار بعد فتح حساب جملة وتأكيده عبر واتساب.</p><p>يبحث عنه التجار أيضاً باسم «Eti Gong Ballı Hardallı 34 g»، و«ايتي غونغ جملة»، و«غونغ جملة اسطنبول».</p>",259.7,265,"شيبس, عروض",1,إيتي,eti,غونغ,"Eti Gong Ballı Hardallı 34 g",honey,"18 × 34 غ",18,علبة
simple,BK-B1488E,"إيتي كراكس باتليان بهارات حدة 50 غرام",1,0,visible,"<p>مقرمشات من إيتي (Eti) بطعم النكهة الحارة، وزن القطعة 50 غرام، تُعرض قرب المشروبات لتشجيع الشراء المزدوج. التعبئة: 20 × 50 غ.</p>","<p><strong>إيتي كراكس باتليان بهارات حدة 50 غرام</strong> (<span lang=""tr"">Eti Crax Patlayan Acı Baharatlı 50 g</span>): مقرمشات من إيتي (Eti) بطعم النكهة الحارة، وزن القطعة 50 غرام، تُعرض قرب المشروبات لتشجيع الشراء المزدوج. من منتجات إيتي (Eti)، متوفر عندنا بالجملة لمحلات البقالة والماركت في إسطنبول.</p><h2>تفاصيل البيع بالجملة</h2><ul><li>وحدة البيع: علبة فيها 20 قطعة</li><li>التعبئة: 20 × 50 غ</li><li>القسم: الشيبس والمقرمشات</li><li>العلامة: إيتي · Eti</li></ul><h2>لماذا يطلبه أصحاب المحلات؟</h2><ul><li>تسالي مالحة ترفع قيمة سلة الزبون.</li><li>يزداد طلبها في المساء وأيام المباريات.</li><li>تُعرض بجانب المشروبات الغازية.</li></ul><h2>التوصيل والدفع</h2><p>نوصل إيتي كراكس باتليان بهارات حدة 50 غرام إلى باب محلك أو نرتبه على الرف في كل مناطق إسطنبول، والدفع نقداً عند الاستلام. للطلبات خارج إسطنبول أو خارج تركيا يكون الدفع بتحويل بنكي. تظهر الأسعار بعد فتح حساب جملة وتأكيده عبر واتساب.</p><p>يبحث عنه التجار أيضاً باسم «Eti Crax Patlayan Acı Baharatlı 50 g»، و«ايتي كراكس جملة»، و«كراكس جملة اسطنبول».</p>",401.8,410,"شيبس, عروض",1,إيتي,eti,كراكس,"Eti Crax Patlayan Acı Baharatlı 50 g",spicy,"20 × 50 غ",20,علبة
simple,BK-D4D573,"إيتي كراكس باتليان ليمون حار 50 غرام",1,0,visible,"<p>شيبس ومقرمشات من إيتي (Eti) بنكهة الليمون، وزن القطعة 50 غرام، تسالي مالحة يرتفع طلبها في المساء. التعبئة: 20 × 50 غ.</p>","<p><strong>إيتي كراكس باتليان ليمون حار 50 غرام</strong> (<span lang=""tr"">Eti Crax Patlayan Acı Limonlu 50 g</span>): شيبس ومقرمشات من إيتي (Eti) بنكهة الليمون، وزن القطعة 50 غرام، تسالي مالحة يرتفع طلبها في المساء. من منتجات إيتي (Eti)، متوفر عندنا بالجملة لمحلات البقالة والماركت في إسطنبول.</p><h2>تفاصيل البيع بالجملة</h2><ul><li>وحدة البيع: علبة فيها 20 قطعة</li><li>التعبئة: 20 × 50 غ</li><li>القسم: الشيبس والمقرمشات</li><li>العلامة: إيتي · Eti</li></ul><h2>لماذا يطلبه أصحاب المحلات؟</h2><ul><li>تسالي مالحة ترفع قيمة سلة الزبون.</li><li>يزداد طلبها في المساء وأيام المباريات.</li><li>تُعرض بجانب المشروبات الغازية.</li></ul><h2>التوصيل والدفع</h2><p>نوصل إيتي كراكس باتليان ليمون حار 50 غرام إلى باب محلك أو نرتبه على الرف في كل مناطق إسطنبول، والدفع نقداً عند الاستلام. للطلبات خارج إسطنبول أو خارج تركيا يكون الدفع بتحويل بنكي. تظهر الأسعار بعد فتح حساب جملة وتأكيده عبر واتساب.</p><p>يبحث عنه التجار أيضاً باسم «Eti Crax Patlayan Acı Limonlu 50 g»، و«ايتي كراكس جملة»، و«كراكس جملة اسطنبول».</p>",401.8,410,"شيبس, عروض",1,إيتي,eti,كراكس,"Eti Crax Patlayan Acı Limonlu 50 g",lemon,"20 × 50 غ",20,علبة
simple,BK-C70A75,"إيتي كراكس بهارات 50 غرام",1,0,visible,"<p>مقرمشات من إيتي (Eti) بطعم البهارات، وزن القطعة 50 غرام، تُعرض قرب المشروبات لتشجيع الشراء المزدوج. التعبئة: 20 × 50 غ.</p>","<p><strong>إيتي كراكس بهارات 50 غرام</strong> (<span lang=""tr"">Eti Crax Baharatlı 50 g</span>): مقرمشات من إيتي (Eti) بطعم البهارات، وزن القطعة 50 غرام، تُعرض قرب المشروبات لتشجيع الشراء المزدوج. من منتجات إيتي (Eti)، متوفر عندنا بالجملة لمحلات البقالة والماركت في إسطنبول.</p><h2>تفاصيل البيع بالجملة</h2><ul><li>وحدة البيع: علبة فيها 20 قطعة</li><li>التعبئة: 20 × 50 غ</li><li>القسم: الشيبس والمقرمشات</li><li>العلامة: إيتي · Eti</li></ul><h2>لماذا يطلبه أصحاب المحلات؟</h2><ul><li>تسالي مالحة ترفع قيمة سلة الزبون.</li><li>يزداد طلبها في المساء وأيام المباريات.</li><li>تُعرض بجانب المشروبات الغازية.</li></ul><h2>التوصيل والدفع</h2><p>نوصل إيتي كراكس بهارات 50 غرام إلى باب محلك أو نرتبه على الرف في كل مناطق إسطنبول، والدفع نقداً عند الاستلام. للطلبات خارج إسطنبول أو خارج تركيا يكون الدفع بتحويل بنكي. تظهر الأسعار بعد فتح حساب جملة وتأكيده عبر واتساب.</p><p>يبحث عنه التجار أيضاً باسم «Eti Crax Baharatlı 50 g»، و«ايتي كراكس جملة»، و«كراكس جملة اسطنبول».</p>",240.1,245,"شيبس, عروض",1,إيتي,eti,كراكس,"Eti Crax Baharatlı 50 g",spices,"20 × 50 غ",20,علبة
simple,BK-75C655,"إيتي كراكس جبنة 50 غرام",1,1,visible,"<p>شيبس ومقرمشات من إيتي (Eti) بنكهة الجبنة، وزن القطعة 50 غرام، تسالي مالحة يرتفع طلبها في المساء. التعبئة: 20 × 50 غ.</p>","<p><strong>إيتي كراكس جبنة 50 غرام</strong> (<span lang=""tr"">Eti Crax Peynirli 50 g</span>): شيبس ومقرمشات من إيتي (Eti) بنكهة الجبنة، وزن القطعة 50 غرام، تسالي مالحة يرتفع طلبها في المساء. من منتجات إيتي (Eti)، متوفر عندنا بالجملة لمحلات البقالة والماركت في إسطنبول.</p><h2>تفاصيل البيع بالجملة</h2><ul><li>وحدة البيع: علبة فيها 20 قطعة</li><li>التعبئة: 20 × 50 غ</li><li>القسم: الشيبس والمقرمشات</li><li>العلامة: إيتي · Eti</li></ul><h2>لماذا يطلبه أصحاب المحلات؟</h2><ul><li>تسالي مالحة ترفع قيمة سلة الزبون.</li><li>يزداد طلبها في المساء وأيام المباريات.</li><li>تُعرض بجانب المشروبات الغازية.</li></ul><h2>التوصيل والدفع</h2><p>نوصل إيتي كراكس جبنة 50 غرام إلى باب محلك أو نرتبه على الرف في كل مناطق إسطنبول، والدفع نقداً عند الاستلام. للطلبات خارج إسطنبول أو خارج تركيا يكون الدفع بتحويل بنكي. تظهر الأسعار بعد فتح حساب جملة وتأكيده عبر واتساب.</p><p>يبحث عنه التجار أيضاً باسم «Eti Crax Peynirli 50 g»، و«ايتي كراكس جملة»، و«كراكس جملة اسطنبول».</p>",240.1,245,"شيبس, عروض",1,إيتي,eti,كراكس,"Eti Crax Peynirli 50 g",cheese,"20 × 50 غ",20,علبة
simple,BK-041FFE,"إيتي كراكس حار 50 غرام",1,0,visible,"<p>شيبس ومقرمشات من إيتي (Eti) بنكهة النكهة الحارة، وزن القطعة 50 غرام، تسالي مالحة يرتفع طلبها في المساء. التعبئة: 20 × 50 غ.</p>","<p><strong>إيتي كراكس حار 50 غرام</strong> (<span lang=""tr"">Eti Crax Acılı 50 g</span>): شيبس ومقرمشات من إيتي (Eti) بنكهة النكهة الحارة، وزن القطعة 50 غرام، تسالي مالحة يرتفع طلبها في المساء. من منتجات إيتي (Eti)، متوفر عندنا بالجملة لمحلات البقالة والماركت في إسطنبول.</p><h2>تفاصيل البيع بالجملة</h2><ul><li>وحدة البيع: علبة فيها 20 قطعة</li><li>التعبئة: 20 × 50 غ</li><li>القسم: الشيبس والمقرمشات</li><li>العلامة: إيتي · Eti</li></ul><h2>لماذا يطلبه أصحاب المحلات؟</h2><ul><li>تسالي مالحة ترفع قيمة سلة الزبون.</li><li>يزداد طلبها في المساء وأيام المباريات.</li><li>تُعرض بجانب المشروبات الغازية.</li></ul><h2>التوصيل والدفع</h2><p>نوصل إيتي كراكس حار 50 غرام إلى باب محلك أو نرتبه على الرف في كل مناطق إسطنبول، والدفع نقداً عند الاستلام. للطلبات خارج إسطنبول أو خارج تركيا يكون الدفع بتحويل بنكي. تظهر الأسعار بعد فتح حساب جملة وتأكيده عبر واتساب.</p><p>يبحث عنه التجار أيضاً باسم «Eti Crax Acılı 50 g»، و«ايتي كراكس جملة»، و«كراكس جملة اسطنبول».</p>",240.1,245,"شيبس, عروض",1,إيتي,eti,كراكس,"Eti Crax Acılı 50 g",spicy,"20 × 50 غ",20,علبة
simple,BK-8C5632,"إيتي كرم 50 غرام",1,0,visible,"<p>لوح من إيتي (Eti) بنكهة الشوكولاتة الداكنة، وزن القطعة 50 غرام، مطلوب في البقالات وأكشاك المدارس. التعبئة: 18 × 50 غ.</p>","<p><strong>إيتي كرم 50 غرام</strong> (<span lang=""tr"">Eti Karam Gofret 50 g</span>): لوح من إيتي (Eti) بنكهة الشوكولاتة الداكنة، وزن القطعة 50 غرام، مطلوب في البقالات وأكشاك المدارس. من منتجات إيتي (Eti)، متوفر عندنا بالجملة لمحلات البقالة والماركت في إسطنبول.</p><h2>تفاصيل البيع بالجملة</h2><ul><li>وحدة البيع: علبة فيها 18 قطعة</li><li>التعبئة: 18 × 50 غ</li><li>القسم: الشوكولاتة والويفر</li><li>العلامة: إيتي · Eti</li></ul><h2>لماذا يطلبه أصحاب المحلات؟</h2><ul><li>صنف شراء سريع قرب الكاشير.</li><li>سعر القطعة صغير فيشجع الشراء المتكرر.</li><li>مطلوب لدى الأطفال والشباب.</li></ul><h2>التوصيل والدفع</h2><p>نوصل إيتي كرم 50 غرام إلى باب محلك أو نرتبه على الرف في كل مناطق إسطنبول، والدفع نقداً عند الاستلام. للطلبات خارج إسطنبول أو خارج تركيا يكون الدفع بتحويل بنكي. تظهر الأسعار بعد فتح حساب جملة وتأكيده عبر واتساب.</p><p>يبحث عنه التجار أيضاً باسم «Eti Karam Gofret 50 g»، و«ايتي كارام جملة»، و«كارام جملة اسطنبول».</p>",431.2,440,"شوكولاتة, عروض",1,إيتي,eti,كارام,"Eti Karam Gofret 50 g",dark,"18 × 50 غ",18,علبة
simple,BK-9163E2,"إيتي نيرو 110 غرام",1,0,visible,"<p>بسكويت من إيتي (Eti) بطعم الكاكاو، وزن القطعة 110 غرام، صنف ثابت الطلب على رف البسكويت. التعبئة: 18 × 110 غ.</p>","<p><strong>إيتي نيرو 110 غرام</strong> (<span lang=""tr"">Eti Nero 110 g</span>): بسكويت من إيتي (Eti) بطعم الكاكاو، وزن القطعة 110 غرام، صنف ثابت الطلب على رف البسكويت. من منتجات إيتي (Eti)، متوفر عندنا بالجملة لمحلات البقالة والماركت في إسطنبول.</p><h2>تفاصيل البيع بالجملة</h2><ul><li>وحدة البيع: علبة فيها 18 قطعة</li><li>التعبئة: 18 × 110 غ</li><li>القسم: البسكويت والكوكيز</li><li>العلامة: إيتي · Eti</li></ul><h2>لماذا يطلبه أصحاب المحلات؟</h2><ul><li>من أكثر الأصناف دوراناً في البقالات طوال العام.</li><li>مناسب للضيافة ووقت الشاي والمدارس.</li><li>هامش ربح جيد عند البيع بالقطعة.</li></ul><h2>التوصيل والدفع</h2><p>نوصل إيتي نيرو 110 غرام إلى باب محلك أو نرتبه على الرف في كل مناطق إسطنبول، والدفع نقداً عند الاستلام. للطلبات خارج إسطنبول أو خارج تركيا يكون الدفع بتحويل بنكي. تظهر الأسعار بعد فتح حساب جملة وتأكيده عبر واتساب.</p><p>يبحث عنه التجار أيضاً باسم «Eti Nero 110 g»، و«ايتي نيرو جملة»، و«نيرو جملة اسطنبول».</p>",431.2,440,"بسكويت, عروض",1,إيتي,eti,نيرو,"Eti Nero 110 g",cocoa,"18 × 110 غ",18,علبة
simple,BK-C6427A,"إيتي هوش بيش بندق 40 غرام",1,0,visible,"<p>لوح من إيتي (Eti) بنكهة البندق، وزن القطعة 40 غرام، مطلوب في البقالات وأكشاك المدارس. التعبئة: 24 × 40 غ.</p>","<p><strong>إيتي هوش بيش بندق 40 غرام</strong> (<span lang=""tr"">Eti Hoşbeş Fındıklı 40 g</span>): لوح من إيتي (Eti) بنكهة البندق، وزن القطعة 40 غرام، مطلوب في البقالات وأكشاك المدارس. من منتجات إيتي (Eti)، متوفر عندنا بالجملة لمحلات البقالة والماركت في إسطنبول.</p><h2>تفاصيل البيع بالجملة</h2><ul><li>وحدة البيع: علبة فيها 24 قطعة</li><li>التعبئة: 24 × 40 غ</li><li>القسم: الشوكولاتة والويفر</li><li>العلامة: إيتي · Eti</li></ul><h2>لماذا يطلبه أصحاب المحلات؟</h2><ul><li>صنف شراء سريع قرب الكاشير.</li><li>سعر القطعة صغير فيشجع الشراء المتكرر.</li><li>مطلوب لدى الأطفال والشباب.</li></ul><h2>التوصيل والدفع</h2><p>نوصل إيتي هوش بيش بندق 40 غرام إلى باب محلك أو نرتبه على الرف في كل مناطق إسطنبول، والدفع نقداً عند الاستلام. للطلبات خارج إسطنبول أو خارج تركيا يكون الدفع بتحويل بنكي. تظهر الأسعار بعد فتح حساب جملة وتأكيده عبر واتساب.</p><p>يبحث عنه التجار أيضاً باسم «Eti Hoşbeş Fındıklı 40 g»، و«ايتي هوشبيش جملة»، و«هوشبيش جملة اسطنبول».</p>",382.2,390,"شوكولاتة, عروض",1,إيتي,eti,هوشبيش,"Eti Hoşbeş Fındıklı 40 g",hazelnut,"24 × 40 غ",24,علبة
simple,BK-CCF1A0,"إيتي هوش بيش جوز الهند 40 غرام",1,0,visible,"<p>لوح من إيتي (Eti) بنكهة جوز الهند، وزن القطعة 40 غرام، مطلوب في البقالات وأكشاك المدارس. التعبئة: 24 × 40 غ.</p>","<p><strong>إيتي هوش بيش جوز الهند 40 غرام</strong> (<span lang=""tr"">Eti Hoşbeş Hindistan Cevizli 40 g</span>): لوح من إيتي (Eti) بنكهة جوز الهند، وزن القطعة 40 غرام، مطلوب في البقالات وأكشاك المدارس. من منتجات إيتي (Eti)، متوفر عندنا بالجملة لمحلات البقالة والماركت في إسطنبول.</p><h2>تفاصيل البيع بالجملة</h2><ul><li>وحدة البيع: علبة فيها 24 قطعة</li><li>التعبئة: 24 × 40 غ</li><li>القسم: الشوكولاتة والويفر</li><li>العلامة: إيتي · Eti</li></ul><h2>لماذا يطلبه أصحاب المحلات؟</h2><ul><li>صنف شراء سريع قرب الكاشير.</li><li>سعر القطعة صغير فيشجع الشراء المتكرر.</li><li>مطلوب لدى الأطفال والشباب.</li></ul><h2>التوصيل والدفع</h2><p>نوصل إيتي هوش بيش جوز الهند 40 غرام إلى باب محلك أو نرتبه على الرف في كل مناطق إسطنبول، والدفع نقداً عند الاستلام. للطلبات خارج إسطنبول أو خارج تركيا يكون الدفع بتحويل بنكي. تظهر الأسعار بعد فتح حساب جملة وتأكيده عبر واتساب.</p><p>يبحث عنه التجار أيضاً باسم «Eti Hoşbeş Hindistan Cevizli 40 g»، و«ايتي هوشبيش جملة»، و«هوشبيش جملة اسطنبول».</p>",382.2,390,"شوكولاتة, عروض",1,إيتي,eti,هوشبيش,"Eti Hoşbeş Hindistan Cevizli 40 g",coconut,"24 × 40 غ",24,علبة
simple,BK-E6C810,"إيتي هوش بيش شوكولا 40 غرام",1,0,visible,"<p>لوح من إيتي (Eti) بنكهة الشوكولاتة، وزن القطعة 40 غرام، مطلوب في البقالات وأكشاك المدارس. التعبئة: 24 × 40 غ.</p>","<p><strong>إيتي هوش بيش شوكولا 40 غرام</strong> (<span lang=""tr"">Eti Hoşbeş Çikolatalı 40 g</span>): لوح من إيتي (Eti) بنكهة الشوكولاتة، وزن القطعة 40 غرام، مطلوب في البقالات وأكشاك المدارس. من منتجات إيتي (Eti)، متوفر عندنا بالجملة لمحلات البقالة والماركت في إسطنبول.</p><h2>تفاصيل البيع بالجملة</h2><ul><li>وحدة البيع: علبة فيها 24 قطعة</li><li>التعبئة: 24 × 40 غ</li><li>القسم: الشوكولاتة والويفر</li><li>العلامة: إيتي · Eti</li></ul><h2>لماذا يطلبه أصحاب المحلات؟</h2><ul><li>صنف شراء سريع قرب الكاشير.</li><li>سعر القطعة صغير فيشجع الشراء المتكرر.</li><li>مطلوب لدى الأطفال والشباب.</li></ul><h2>التوصيل والدفع</h2><p>نوصل إيتي هوش بيش شوكولا 40 غرام إلى باب محلك أو نرتبه على الرف في كل مناطق إسطنبول، والدفع نقداً عند الاستلام. للطلبات خارج إسطنبول أو خارج تركيا يكون الدفع بتحويل بنكي. تظهر الأسعار بعد فتح حساب جملة وتأكيده عبر واتساب.</p><p>يبحث عنه التجار أيضاً باسم «Eti Hoşbeş Çikolatalı 40 g»، و«ايتي هوشبيش جملة»، و«هوشبيش جملة اسطنبول».</p>",382.2,390,"شوكولاتة, عروض",1,إيتي,eti,هوشبيش,"Eti Hoşbeş Çikolatalı 40 g",chocolate,"24 × 40 غ",24,علبة
simple,BK-219E6C,"إيتي هوش بيش غوفريت احمر 29 غرام",1,0,visible,"<p>لوح من إيتي (Eti) بنكهة الشوكولاتة، وزن القطعة 29 غرام، مطلوب في البقالات وأكشاك المدارس. التعبئة: 35 × 29 غ.</p>","<p><strong>إيتي هوش بيش غوفريت احمر 29 غرام</strong> (<span lang=""tr"">Eti Hoşbeş Gofret Kırmızı 29 g</span>): لوح من إيتي (Eti) بنكهة الشوكولاتة، وزن القطعة 29 غرام، مطلوب في البقالات وأكشاك المدارس. من منتجات إيتي (Eti)، متوفر عندنا بالجملة لمحلات البقالة والماركت في إسطنبول.</p><h2>تفاصيل البيع بالجملة</h2><ul><li>وحدة البيع: علبة فيها 35 قطعة</li><li>التعبئة: 35 × 29 غ</li><li>القسم: الشوكولاتة والويفر</li><li>العلامة: إيتي · Eti</li></ul><h2>لماذا يطلبه أصحاب المحلات؟</h2><ul><li>صنف شراء سريع قرب الكاشير.</li><li>سعر القطعة صغير فيشجع الشراء المتكرر.</li><li>مطلوب لدى الأطفال والشباب.</li></ul><h2>التوصيل والدفع</h2><p>نوصل إيتي هوش بيش غوفريت احمر 29 غرام إلى باب محلك أو نرتبه على الرف في كل مناطق إسطنبول، والدفع نقداً عند الاستلام. للطلبات خارج إسطنبول أو خارج تركيا يكون الدفع بتحويل بنكي. تظهر الأسعار بعد فتح حساب جملة وتأكيده عبر واتساب.</p><p>يبحث عنه التجار أيضاً باسم «Eti Hoşbeş Gofret Kırmızı 29 g»، و«ايتي هوشبيش ويفر جملة»، و«هوشبيش ويفر جملة اسطنبول».</p>",421.4,430,"شوكولاتة, عروض",1,إيتي,eti,"هوشبيش ويفر","Eti Hoşbeş Gofret Kırmızı 29 g",chocolate,"35 × 29 غ",35,علبة
simple,BK-8EA308,"إيتي هوش بيش غوفريت غولد 29 غرام",1,0,visible,"<p>شوكولاتة وويفر من إيتي (Eti) بطعم الكراميل، وزن القطعة 29 غرام، صنف شراء سريع قرب الكاشير. التعبئة: 35 × 29 غ.</p>","<p><strong>إيتي هوش بيش غوفريت غولد 29 غرام</strong> (<span lang=""tr"">Eti Hoşbeş Gofret Gold 29 g</span>): شوكولاتة وويفر من إيتي (Eti) بطعم الكراميل، وزن القطعة 29 غرام، صنف شراء سريع قرب الكاشير. من منتجات إيتي (Eti)، متوفر عندنا بالجملة لمحلات البقالة والماركت في إسطنبول.</p><h2>تفاصيل البيع بالجملة</h2><ul><li>وحدة البيع: علبة فيها 35 قطعة</li><li>التعبئة: 35 × 29 غ</li><li>القسم: الشوكولاتة والويفر</li><li>العلامة: إيتي · Eti</li></ul><h2>لماذا يطلبه أصحاب المحلات؟</h2><ul><li>صنف شراء سريع قرب الكاشير.</li><li>سعر القطعة صغير فيشجع الشراء المتكرر.</li><li>مطلوب لدى الأطفال والشباب.</li></ul><h2>التوصيل والدفع</h2><p>نوصل إيتي هوش بيش غوفريت غولد 29 غرام إلى باب محلك أو نرتبه على الرف في كل مناطق إسطنبول، والدفع نقداً عند الاستلام. للطلبات خارج إسطنبول أو خارج تركيا يكون الدفع بتحويل بنكي. تظهر الأسعار بعد فتح حساب جملة وتأكيده عبر واتساب.</p><p>يبحث عنه التجار أيضاً باسم «Eti Hoşbeş Gofret Gold 29 g»، و«ايتي هوشبيش ويفر جملة»، و«هوشبيش ويفر جملة اسطنبول».</p>",421.4,430,"شوكولاتة, عروض",1,إيتي,eti,"هوشبيش ويفر","Eti Hoşbeş Gofret Gold 29 g",caramel,"35 × 29 غ",35,علبة
simple,BK-3029C6,"إيتي هوش بيش غوفريت فريز 29 غرام",1,0,visible,"<p>لوح من إيتي (Eti) بنكهة الفراولة، وزن القطعة 29 غرام، مطلوب في البقالات وأكشاك المدارس. التعبئة: 35 × 29 غ.</p>","<p><strong>إيتي هوش بيش غوفريت فريز 29 غرام</strong> (<span lang=""tr"">Eti Hoşbeş Gofret Çilekli 29 g</span>): لوح من إيتي (Eti) بنكهة الفراولة، وزن القطعة 29 غرام، مطلوب في البقالات وأكشاك المدارس. من منتجات إيتي (Eti)، متوفر عندنا بالجملة لمحلات البقالة والماركت في إسطنبول.</p><h2>تفاصيل البيع بالجملة</h2><ul><li>وحدة البيع: علبة فيها 35 قطعة</li><li>التعبئة: 35 × 29 غ</li><li>القسم: الشوكولاتة والويفر</li><li>العلامة: إيتي · Eti</li></ul><h2>لماذا يطلبه أصحاب المحلات؟</h2><ul><li>صنف شراء سريع قرب الكاشير.</li><li>سعر القطعة صغير فيشجع الشراء المتكرر.</li><li>مطلوب لدى الأطفال والشباب.</li></ul><h2>التوصيل والدفع</h2><p>نوصل إيتي هوش بيش غوفريت فريز 29 غرام إلى باب محلك أو نرتبه على الرف في كل مناطق إسطنبول، والدفع نقداً عند الاستلام. للطلبات خارج إسطنبول أو خارج تركيا يكون الدفع بتحويل بنكي. تظهر الأسعار بعد فتح حساب جملة وتأكيده عبر واتساب.</p><p>يبحث عنه التجار أيضاً باسم «Eti Hoşbeş Gofret Çilekli 29 g»، و«ايتي هوشبيش ويفر جملة»، و«هوشبيش ويفر جملة اسطنبول».</p>",421.4,430,"شوكولاتة, عروض",1,إيتي,eti,"هوشبيش ويفر","Eti Hoşbeş Gofret Çilekli 29 g",strawberry,"35 × 29 غ",35,علبة
simple,BK-B9A242,"إيتي هوش بيش فريز 40 غرام",1,0,visible,"<p>لوح من إيتي (Eti) بنكهة الفراولة، وزن القطعة 40 غرام، مطلوب في البقالات وأكشاك المدارس. التعبئة: 24 × 40 غ.</p>","<p><strong>إيتي هوش بيش فريز 40 غرام</strong> (<span lang=""tr"">Eti Hoşbeş Çilekli 40 g</span>): لوح من إيتي (Eti) بنكهة الفراولة، وزن القطعة 40 غرام، مطلوب في البقالات وأكشاك المدارس. من منتجات إيتي (Eti)، متوفر عندنا بالجملة لمحلات البقالة والماركت في إسطنبول.</p><h2>تفاصيل البيع بالجملة</h2><ul><li>وحدة البيع: علبة فيها 24 قطعة</li><li>التعبئة: 24 × 40 غ</li><li>القسم: الشوكولاتة والويفر</li><li>العلامة: إيتي · Eti</li></ul><h2>لماذا يطلبه أصحاب المحلات؟</h2><ul><li>صنف شراء سريع قرب الكاشير.</li><li>سعر القطعة صغير فيشجع الشراء المتكرر.</li><li>مطلوب لدى الأطفال والشباب.</li></ul><h2>التوصيل والدفع</h2><p>نوصل إيتي هوش بيش فريز 40 غرام إلى باب محلك أو نرتبه على الرف في كل مناطق إسطنبول، والدفع نقداً عند الاستلام. للطلبات خارج إسطنبول أو خارج تركيا يكون الدفع بتحويل بنكي. تظهر الأسعار بعد فتح حساب جملة وتأكيده عبر واتساب.</p><p>يبحث عنه التجار أيضاً باسم «Eti Hoşbeş Çilekli 40 g»، و«ايتي هوشبيش جملة»، و«هوشبيش جملة اسطنبول».</p>",382.2,390,"شوكولاتة, عروض",1,إيتي,eti,هوشبيش,"Eti Hoşbeş Çilekli 40 g",strawberry,"24 × 40 غ",24,علبة
simple,BK-671274,"ايللو بوب همبرغر 10 غرام",1,0,visible,"<p>حلوى أطفال من ايللو (Ello) بنكهة الجيلي، وزن القطعة 10 غرام، مناسبة لرف الكاشير والأكشاك. التعبئة: 16 × 10 غ.</p>","<p><strong>ايللو بوب همبرغر 10 غرام</strong> (<span lang=""tr"">Ello Pop Hamburger Şeker 10 g</span>): حلوى أطفال من ايللو (Ello) بنكهة الجيلي، وزن القطعة 10 غرام، مناسبة لرف الكاشير والأكشاك. من منتجات ايللو (Ello)، متوفر عندنا بالجملة لمحلات البقالة والماركت في إسطنبول.</p><h2>تفاصيل البيع بالجملة</h2><ul><li>وحدة البيع: علبة فيها 16 قطعة</li><li>التعبئة: 16 × 10 غ</li><li>القسم: السكاكر والجيلي</li><li>العلامة: ايللو · Ello</li></ul><h2>لماذا يطلبه أصحاب المحلات؟</h2><ul><li>يشتريها الأطفال بالقطعة كل يوم.</li><li>سعر صغير ودوران سريع.</li><li>تجذب الصغار إلى رف الكاشير.</li></ul><h2>التوصيل والدفع</h2><p>نوصل ايللو بوب همبرغر 10 غرام إلى باب محلك أو نرتبه على الرف في كل مناطق إسطنبول، والدفع نقداً عند الاستلام. للطلبات خارج إسطنبول أو خارج تركيا يكون الدفع بتحويل بنكي. تظهر الأسعار بعد فتح حساب جملة وتأكيده عبر واتساب.</p><p>يبحث عنه التجار أيضاً باسم «Ello Pop Hamburger Şeker 10 g»، و«ايللو بوب همبرغر جملة»، و«بوب همبرغر جملة اسطنبول».</p>",,225,سكاكر,1,ايللو,ello,"بوب همبرغر","Ello Pop Hamburger Şeker 10 g",jelly,"16 × 10 غ",16,علبة
simple,BK-106794,"ايللو تويست",1,0,visible,"<p>حلوى أطفال من ايللو (Ello) بنكهة الجيلي، مناسبة لرف الكاشير والأكشاك. التعبئة: 16 قطعة.</p>","<p><strong>ايللو تويست</strong> (<span lang=""tr"">Ello Twist Şeker</span>): حلوى أطفال من ايللو (Ello) بنكهة الجيلي، مناسبة لرف الكاشير والأكشاك. من منتجات ايللو (Ello)، متوفر عندنا بالجملة لمحلات البقالة والماركت في إسطنبول.</p><h2>تفاصيل البيع بالجملة</h2><ul><li>وحدة البيع: علبة فيها 16 قطعة</li><li>التعبئة: 16 قطعة</li><li>القسم: السكاكر والجيلي</li><li>العلامة: ايللو · Ello</li></ul><h2>لماذا يطلبه أصحاب المحلات؟</h2><ul><li>يشتريها الأطفال بالقطعة كل يوم.</li><li>سعر صغير ودوران سريع.</li><li>تجذب الصغار إلى رف الكاشير.</li></ul><h2>التوصيل والدفع</h2><p>نوصل ايللو تويست إلى باب محلك أو نرتبه على الرف في كل مناطق إسطنبول، والدفع نقداً عند الاستلام. للطلبات خارج إسطنبول أو خارج تركيا يكون الدفع بتحويل بنكي. تظهر الأسعار بعد فتح حساب جملة وتأكيده عبر واتساب.</p><p>يبحث عنه التجار أيضاً باسم «Ello Twist Şeker»، و«ايللو تويست جملة»، و«تويست جملة اسطنبول».</p>",,290,سكاكر,1,ايللو,ello,تويست,"Ello Twist Şeker",jelly,"16 قطعة",16,علبة
simple,BK-0C1542,"ايللو جيلي برغر 35 غرام",1,0,visible,"<p>حلوى أطفال من ايللو (Ello) بنكهة الجيلي، وزن القطعة 35 غرام، مناسبة لرف الكاشير والأكشاك. التعبئة: 24 × 35 غ.</p>","<p><strong>ايللو جيلي برغر 35 غرام</strong> (<span lang=""tr"">Ello Jelly Burger 35 g</span>): حلوى أطفال من ايللو (Ello) بنكهة الجيلي، وزن القطعة 35 غرام، مناسبة لرف الكاشير والأكشاك. من منتجات ايللو (Ello)، متوفر عندنا بالجملة لمحلات البقالة والماركت في إسطنبول.</p><h2>تفاصيل البيع بالجملة</h2><ul><li>وحدة البيع: علبة فيها 24 قطعة</li><li>التعبئة: 24 × 35 غ</li><li>القسم: السكاكر والجيلي</li><li>العلامة: ايللو · Ello</li></ul><h2>لماذا يطلبه أصحاب المحلات؟</h2><ul><li>يشتريها الأطفال بالقطعة كل يوم.</li><li>سعر صغير ودوران سريع.</li><li>تجذب الصغار إلى رف الكاشير.</li></ul><h2>التوصيل والدفع</h2><p>نوصل ايللو جيلي برغر 35 غرام إلى باب محلك أو نرتبه على الرف في كل مناطق إسطنبول، والدفع نقداً عند الاستلام. للطلبات خارج إسطنبول أو خارج تركيا يكون الدفع بتحويل بنكي. تظهر الأسعار بعد فتح حساب جملة وتأكيده عبر واتساب.</p><p>يبحث عنه التجار أيضاً باسم «Ello Jelly Burger 35 g»، و«ايللو جيلي برغر جملة»، و«جيلي برغر جملة اسطنبول».</p>",,290,سكاكر,1,ايللو,ello,"جيلي برغر","Ello Jelly Burger 35 g",jelly,"24 × 35 غ",24,علبة
simple,BK-87963E,"باربي سكوتر",1,0,visible,"<p>لعبة أطفال بمفاجأة، تُباع بالقطعة بربح جيد. التعبئة: 12 قطعة.</p>","<p><strong>باربي سكوتر</strong> (<span lang=""tr"">Barbie Scooter Oyuncaklı Şeker</span>): لعبة أطفال بمفاجأة، تُباع بالقطعة بربح جيد. متوفر بالجملة لمحلات البقالة والماركت في إسطنبول.</p><h2>تفاصيل البيع بالجملة</h2><ul><li>وحدة البيع: علبة فيها 12 قطعة</li><li>التعبئة: 12 قطعة</li><li>القسم: الألعاب والمفاجآت</li></ul><h2>لماذا يطلبه أصحاب المحلات؟</h2><ul><li>مفاجأة يحبها الأطفال.</li><li>ربح جيد للقطعة الواحدة.</li><li>تُعرض قرب الكاشير وتجذب العائلات.</li></ul><h2>التوصيل والدفع</h2><p>نوصل باربي سكوتر إلى باب محلك أو نرتبه على الرف في كل مناطق إسطنبول، والدفع نقداً عند الاستلام. للطلبات خارج إسطنبول أو خارج تركيا يكون الدفع بتحويل بنكي. تظهر الأسعار بعد فتح حساب جملة وتأكيده عبر واتساب.</p><p>يبحث عنه التجار أيضاً باسم «Barbie Scooter Oyuncaklı Şeker»، و«باربي جملة اسطنبول».</p>",,180,ألعاب,1,,,باربي,"Barbie Scooter Oyuncaklı Şeker",mixed,"12 قطعة",12,علبة
simple,BK-B3E807,"باي اوغلو دبي بي بندق 40 غرام",1,0,visible,"<p>كيك من باي اوغلو (Beyoğlu) بنكهة البندق، وزن القطعة 40 غرام، من الأصناف التي يطلبها الأطفال والطلاب كل يوم. التعبئة: 24 × 40 غ.</p>","<p><strong>باي اوغلو دبي بي بندق 40 غرام</strong> (<span lang=""tr"">Beyoğlu Dubai Bi Fındıklı 40 g</span>): كيك من باي اوغلو (Beyoğlu) بنكهة البندق، وزن القطعة 40 غرام، من الأصناف التي يطلبها الأطفال والطلاب كل يوم. من منتجات باي اوغلو (Beyoğlu)، متوفر عندنا بالجملة لمحلات البقالة والماركت في إسطنبول.</p><h2>تفاصيل البيع بالجملة</h2><ul><li>وحدة البيع: علبة فيها 24 قطعة</li><li>التعبئة: 24 × 40 غ</li><li>القسم: الكيك والرول</li><li>العلامة: باي اوغلو · Beyoğlu</li></ul><h2>لماذا يطلبه أصحاب المحلات؟</h2><ul><li>وجبة خفيفة مشبعة يطلبها الطلاب والعمال يومياً.</li><li>مغلّف فردياً ومناسب للبيع بالقطعة بجانب المشروبات.</li><li>يُعرض على الرف دون تبريد.</li></ul><h2>التوصيل والدفع</h2><p>نوصل باي اوغلو دبي بي بندق 40 غرام إلى باب محلك أو نرتبه على الرف في كل مناطق إسطنبول، والدفع نقداً عند الاستلام. للطلبات خارج إسطنبول أو خارج تركيا يكون الدفع بتحويل بنكي. تظهر الأسعار بعد فتح حساب جملة وتأكيده عبر واتساب.</p><p>يبحث عنه التجار أيضاً باسم «Beyoğlu Dubai Bi Fındıklı 40 g»، و«باي اوغلو دبي بي جملة»، و«دبي بي جملة اسطنبول».</p>",,200,كيك,1,"باي اوغلو",beyoglu,"دبي بي","Beyoğlu Dubai Bi Fındıklı 40 g",hazelnut,"24 × 40 غ",24,علبة
simple,BK-EB229F,"باي اوغلو دبي بي جوز هند 40 غرام",1,0,visible,"<p>كيك مغلّف فردياً من باي اوغلو (Beyoğlu) بنكهة جوز الهند، وزن القطعة 40 غرام، يباع بسرعة في البقالات والمقاصف. التعبئة: 24 × 40 غ.</p>","<p><strong>باي اوغلو دبي بي جوز هند 40 غرام</strong> (<span lang=""tr"">Beyoğlu Dubai Bi Hindistan Cevizli 40 g</span>): كيك مغلّف فردياً من باي اوغلو (Beyoğlu) بنكهة جوز الهند، وزن القطعة 40 غرام، يباع بسرعة في البقالات والمقاصف. من منتجات باي اوغلو (Beyoğlu)، متوفر عندنا بالجملة لمحلات البقالة والماركت في إسطنبول.</p><h2>تفاصيل البيع بالجملة</h2><ul><li>وحدة البيع: علبة فيها 24 قطعة</li><li>التعبئة: 24 × 40 غ</li><li>القسم: الكيك والرول</li><li>العلامة: باي اوغلو · Beyoğlu</li></ul><h2>لماذا يطلبه أصحاب المحلات؟</h2><ul><li>وجبة خفيفة مشبعة يطلبها الطلاب والعمال يومياً.</li><li>مغلّف فردياً ومناسب للبيع بالقطعة بجانب المشروبات.</li><li>يُعرض على الرف دون تبريد.</li></ul><h2>التوصيل والدفع</h2><p>نوصل باي اوغلو دبي بي جوز هند 40 غرام إلى باب محلك أو نرتبه على الرف في كل مناطق إسطنبول، والدفع نقداً عند الاستلام. للطلبات خارج إسطنبول أو خارج تركيا يكون الدفع بتحويل بنكي. تظهر الأسعار بعد فتح حساب جملة وتأكيده عبر واتساب.</p><p>يبحث عنه التجار أيضاً باسم «Beyoğlu Dubai Bi Hindistan Cevizli 40 g»، و«باي اوغلو دبي بي جملة»، و«دبي بي جملة اسطنبول».</p>",,200,كيك,1,"باي اوغلو",beyoglu,"دبي بي","Beyoğlu Dubai Bi Hindistan Cevizli 40 g",coconut,"24 × 40 غ",24,علبة
simple,BK-920357,"باي اوغلو دبي بي فريز 40 غرام",1,0,visible,"<p>كيك مغلّف فردياً من باي اوغلو (Beyoğlu) بنكهة الفراولة، وزن القطعة 40 غرام، يباع بسرعة في البقالات والمقاصف. التعبئة: 24 × 40 غ.</p>","<p><strong>باي اوغلو دبي بي فريز 40 غرام</strong> (<span lang=""tr"">Beyoğlu Dubai Bi Çilekli 40 g</span>): كيك مغلّف فردياً من باي اوغلو (Beyoğlu) بنكهة الفراولة، وزن القطعة 40 غرام، يباع بسرعة في البقالات والمقاصف. من منتجات باي اوغلو (Beyoğlu)، متوفر عندنا بالجملة لمحلات البقالة والماركت في إسطنبول.</p><h2>تفاصيل البيع بالجملة</h2><ul><li>وحدة البيع: علبة فيها 24 قطعة</li><li>التعبئة: 24 × 40 غ</li><li>القسم: الكيك والرول</li><li>العلامة: باي اوغلو · Beyoğlu</li></ul><h2>لماذا يطلبه أصحاب المحلات؟</h2><ul><li>وجبة خفيفة مشبعة يطلبها الطلاب والعمال يومياً.</li><li>مغلّف فردياً ومناسب للبيع بالقطعة بجانب المشروبات.</li><li>يُعرض على الرف دون تبريد.</li></ul><h2>التوصيل والدفع</h2><p>نوصل باي اوغلو دبي بي فريز 40 غرام إلى باب محلك أو نرتبه على الرف في كل مناطق إسطنبول، والدفع نقداً عند الاستلام. للطلبات خارج إسطنبول أو خارج تركيا يكون الدفع بتحويل بنكي. تظهر الأسعار بعد فتح حساب جملة وتأكيده عبر واتساب.</p><p>يبحث عنه التجار أيضاً باسم «Beyoğlu Dubai Bi Çilekli 40 g»، و«باي اوغلو دبي بي جملة»، و«دبي بي جملة اسطنبول».</p>",,200,كيك,1,"باي اوغلو",beyoglu,"دبي بي","Beyoğlu Dubai Bi Çilekli 40 g",strawberry,"24 × 40 غ",24,علبة
simple,BK-28E17C,"باي اوغلو دبي بي فستق 40 غرام",1,0,visible,"<p>كيك من باي اوغلو (Beyoğlu) بنكهة الفستق، وزن القطعة 40 غرام، من الأصناف التي يطلبها الأطفال والطلاب كل يوم. التعبئة: 24 × 40 غ.</p>","<p><strong>باي اوغلو دبي بي فستق 40 غرام</strong> (<span lang=""tr"">Beyoğlu Dubai Bi Antep Fıstıklı 40 g</span>): كيك من باي اوغلو (Beyoğlu) بنكهة الفستق، وزن القطعة 40 غرام، من الأصناف التي يطلبها الأطفال والطلاب كل يوم. من منتجات باي اوغلو (Beyoğlu)، متوفر عندنا بالجملة لمحلات البقالة والماركت في إسطنبول.</p><h2>تفاصيل البيع بالجملة</h2><ul><li>وحدة البيع: علبة فيها 24 قطعة</li><li>التعبئة: 24 × 40 غ</li><li>القسم: الكيك والرول</li><li>العلامة: باي اوغلو · Beyoğlu</li></ul><h2>لماذا يطلبه أصحاب المحلات؟</h2><ul><li>وجبة خفيفة مشبعة يطلبها الطلاب والعمال يومياً.</li><li>مغلّف فردياً ومناسب للبيع بالقطعة بجانب المشروبات.</li><li>يُعرض على الرف دون تبريد.</li></ul><h2>التوصيل والدفع</h2><p>نوصل باي اوغلو دبي بي فستق 40 غرام إلى باب محلك أو نرتبه على الرف في كل مناطق إسطنبول، والدفع نقداً عند الاستلام. للطلبات خارج إسطنبول أو خارج تركيا يكون الدفع بتحويل بنكي. تظهر الأسعار بعد فتح حساب جملة وتأكيده عبر واتساب.</p><p>يبحث عنه التجار أيضاً باسم «Beyoğlu Dubai Bi Antep Fıstıklı 40 g»، و«باي اوغلو دبي بي جملة»، و«دبي بي جملة اسطنبول».</p>",,200,كيك,1,"باي اوغلو",beyoglu,"دبي بي","Beyoğlu Dubai Bi Antep Fıstıklı 40 g",pistachio,"24 × 40 غ",24,علبة
simple,BK-30B66C,"بيبيتو ستيك شور بطيخ 30 غرام",1,0,visible,"<p>حلوى أطفال من بيبيتو (Bebeto) بنكهة البطيخ، وزن القطعة 30 غرام، مناسبة لرف الكاشير والأكشاك. التعبئة: 24 × 30 غ.</p>","<p><strong>بيبيتو ستيك شور بطيخ 30 غرام</strong> (<span lang=""tr"">Bebeto Sour Stick Karpuz 30 g</span>): حلوى أطفال من بيبيتو (Bebeto) بنكهة البطيخ، وزن القطعة 30 غرام، مناسبة لرف الكاشير والأكشاك. من منتجات بيبيتو (Bebeto)، متوفر عندنا بالجملة لمحلات البقالة والماركت في إسطنبول.</p><h2>تفاصيل البيع بالجملة</h2><ul><li>وحدة البيع: علبة فيها 24 قطعة</li><li>التعبئة: 24 × 30 غ</li><li>القسم: السكاكر والجيلي</li><li>العلامة: بيبيتو · Bebeto</li></ul><h2>لماذا يطلبه أصحاب المحلات؟</h2><ul><li>يشتريها الأطفال بالقطعة كل يوم.</li><li>سعر صغير ودوران سريع.</li><li>تجذب الصغار إلى رف الكاشير.</li></ul><h2>التوصيل والدفع</h2><p>نوصل بيبيتو ستيك شور بطيخ 30 غرام إلى باب محلك أو نرتبه على الرف في كل مناطق إسطنبول، والدفع نقداً عند الاستلام. للطلبات خارج إسطنبول أو خارج تركيا يكون الدفع بتحويل بنكي. تظهر الأسعار بعد فتح حساب جملة وتأكيده عبر واتساب.</p><p>يبحث عنه التجار أيضاً باسم «Bebeto Sour Stick Karpuz 30 g»، و«بيبيتو سور ستيك جملة»، و«سور ستيك جملة اسطنبول».</p>",,120,سكاكر,1,بيبيتو,bebeto,"سور ستيك","Bebeto Sour Stick Karpuz 30 g",watermelon,"24 × 30 غ",24,علبة
simple,BK-14FD03,"بخاخ فرويت",1,0,visible,"<p>سكاكر بطعم الفواكه، يحبها الأطفال وتُباع بالقطعة بسعر صغير. التعبئة: 24 قطعة.</p>","<p><strong>بخاخ فرويت</strong> (<span lang=""tr"">Fruit Sprey Şeker</span>): سكاكر بطعم الفواكه، يحبها الأطفال وتُباع بالقطعة بسعر صغير. متوفر بالجملة لمحلات البقالة والماركت في إسطنبول.</p><h2>تفاصيل البيع بالجملة</h2><ul><li>وحدة البيع: علبة فيها 24 قطعة</li><li>التعبئة: 24 قطعة</li><li>القسم: السكاكر والجيلي</li></ul><h2>لماذا يطلبه أصحاب المحلات؟</h2><ul><li>يشتريها الأطفال بالقطعة كل يوم.</li><li>سعر صغير ودوران سريع.</li><li>تجذب الصغار إلى رف الكاشير.</li></ul><h2>التوصيل والدفع</h2><p>نوصل بخاخ فرويت إلى باب محلك أو نرتبه على الرف في كل مناطق إسطنبول، والدفع نقداً عند الاستلام. للطلبات خارج إسطنبول أو خارج تركيا يكون الدفع بتحويل بنكي. تظهر الأسعار بعد فتح حساب جملة وتأكيده عبر واتساب.</p><p>يبحث عنه التجار أيضاً باسم «Fruit Sprey Şeker»، و«بخاخ فواكه جملة اسطنبول».</p>",,225,سكاكر,1,,,"بخاخ فواكه","Fruit Sprey Şeker",fruit,"24 قطعة",24,علبة
simple,BK-D5F319,"بسكويت مغطس تو ون تو 35 غرام",1,0,visible,"<p>بسكويت بنكهة الشوكولاتة، وزن القطعة 35 غرام، من الأصناف سريعة الدوران في الماركت. التعبئة: 24 × 35 غ.</p>","<p><strong>بسكويت مغطس تو ون تو 35 غرام</strong> (<span lang=""tr"">Two One Two Kaplamalı Bisküvi 35 g</span>): بسكويت بنكهة الشوكولاتة، وزن القطعة 35 غرام، من الأصناف سريعة الدوران في الماركت. متوفر بالجملة لمحلات البقالة والماركت في إسطنبول.</p><h2>تفاصيل البيع بالجملة</h2><ul><li>وحدة البيع: علبة فيها 24 قطعة</li><li>التعبئة: 24 × 35 غ</li><li>القسم: البسكويت والكوكيز</li></ul><h2>لماذا يطلبه أصحاب المحلات؟</h2><ul><li>من أكثر الأصناف دوراناً في البقالات طوال العام.</li><li>مناسب للضيافة ووقت الشاي والمدارس.</li><li>هامش ربح جيد عند البيع بالقطعة.</li></ul><h2>التوصيل والدفع</h2><p>نوصل بسكويت مغطس تو ون تو 35 غرام إلى باب محلك أو نرتبه على الرف في كل مناطق إسطنبول، والدفع نقداً عند الاستلام. للطلبات خارج إسطنبول أو خارج تركيا يكون الدفع بتحويل بنكي. تظهر الأسعار بعد فتح حساب جملة وتأكيده عبر واتساب.</p><p>يبحث عنه التجار أيضاً باسم «Two One Two Kaplamalı Bisküvi 35 g»، و«بسكويت مغطس جملة اسطنبول».</p>",,100,بسكويت,1,,,"بسكويت مغطس","Two One Two Kaplamalı Bisküvi 35 g",chocolate,"24 × 35 غ",24,علبة
simple,BK-EB95F9,"بوانتي جوز هند 25 غرام",1,0,visible,"<p>شوكولاتة وويفر بطعم جوز الهند، وزن القطعة 25 غرام، صنف شراء سريع قرب الكاشير. التعبئة: 24 × 25 غ.</p>","<p><strong>بوانتي جوز هند 25 غرام</strong> (<span lang=""tr"">Pointe Hindistan Cevizli Bar 25 g</span>): شوكولاتة وويفر بطعم جوز الهند، وزن القطعة 25 غرام، صنف شراء سريع قرب الكاشير. متوفر بالجملة لمحلات البقالة والماركت في إسطنبول.</p><h2>تفاصيل البيع بالجملة</h2><ul><li>وحدة البيع: علبة فيها 24 قطعة</li><li>التعبئة: 24 × 25 غ</li><li>القسم: الشوكولاتة والويفر</li></ul><h2>لماذا يطلبه أصحاب المحلات؟</h2><ul><li>صنف شراء سريع قرب الكاشير.</li><li>سعر القطعة صغير فيشجع الشراء المتكرر.</li><li>مطلوب لدى الأطفال والشباب.</li></ul><h2>التوصيل والدفع</h2><p>نوصل بوانتي جوز هند 25 غرام إلى باب محلك أو نرتبه على الرف في كل مناطق إسطنبول، والدفع نقداً عند الاستلام. للطلبات خارج إسطنبول أو خارج تركيا يكون الدفع بتحويل بنكي. تظهر الأسعار بعد فتح حساب جملة وتأكيده عبر واتساب.</p><p>يبحث عنه التجار أيضاً باسم «Pointe Hindistan Cevizli Bar 25 g»، و«بوانتي جملة اسطنبول».</p>",,100,شوكولاتة,1,,,بوانتي,"Pointe Hindistan Cevizli Bar 25 g",coconut,"24 × 25 غ",24,علبة
simple,BK-A653F8,"بوانتي جوز هند 50 غرام",1,0,visible,"<p>لوح بنكهة جوز الهند، وزن القطعة 50 غرام، مطلوب في البقالات وأكشاك المدارس. التعبئة: 24 × 50 غ.</p>","<p><strong>بوانتي جوز هند 50 غرام</strong> (<span lang=""tr"">Pointe Hindistan Cevizli Bar 50 g</span>): لوح بنكهة جوز الهند، وزن القطعة 50 غرام، مطلوب في البقالات وأكشاك المدارس. متوفر بالجملة لمحلات البقالة والماركت في إسطنبول.</p><h2>تفاصيل البيع بالجملة</h2><ul><li>وحدة البيع: علبة فيها 24 قطعة</li><li>التعبئة: 24 × 50 غ</li><li>القسم: الشوكولاتة والويفر</li></ul><h2>لماذا يطلبه أصحاب المحلات؟</h2><ul><li>صنف شراء سريع قرب الكاشير.</li><li>سعر القطعة صغير فيشجع الشراء المتكرر.</li><li>مطلوب لدى الأطفال والشباب.</li></ul><h2>التوصيل والدفع</h2><p>نوصل بوانتي جوز هند 50 غرام إلى باب محلك أو نرتبه على الرف في كل مناطق إسطنبول، والدفع نقداً عند الاستلام. للطلبات خارج إسطنبول أو خارج تركيا يكون الدفع بتحويل بنكي. تظهر الأسعار بعد فتح حساب جملة وتأكيده عبر واتساب.</p><p>يبحث عنه التجار أيضاً باسم «Pointe Hindistan Cevizli Bar 50 g»، و«بوانتي جملة اسطنبول».</p>",,175,شوكولاتة,1,,,بوانتي,"Pointe Hindistan Cevizli Bar 50 g",coconut,"24 × 50 غ",24,علبة
simple,BK-ACB98B,"بوبو برغر ستيك",1,0,visible,"<p>سكاكر بطعم الجيلي، يحبها الأطفال وتُباع بالقطعة بسعر صغير. التعبئة: 24 قطعة.</p>","<p><strong>بوبو برغر ستيك</strong> (<span lang=""tr"">Bobo Burger Stick Şeker</span>): سكاكر بطعم الجيلي، يحبها الأطفال وتُباع بالقطعة بسعر صغير. متوفر بالجملة لمحلات البقالة والماركت في إسطنبول.</p><h2>تفاصيل البيع بالجملة</h2><ul><li>وحدة البيع: علبة فيها 24 قطعة</li><li>التعبئة: 24 قطعة</li><li>القسم: السكاكر والجيلي</li></ul><h2>لماذا يطلبه أصحاب المحلات؟</h2><ul><li>يشتريها الأطفال بالقطعة كل يوم.</li><li>سعر صغير ودوران سريع.</li><li>تجذب الصغار إلى رف الكاشير.</li></ul><h2>التوصيل والدفع</h2><p>نوصل بوبو برغر ستيك إلى باب محلك أو نرتبه على الرف في كل مناطق إسطنبول، والدفع نقداً عند الاستلام. للطلبات خارج إسطنبول أو خارج تركيا يكون الدفع بتحويل بنكي. تظهر الأسعار بعد فتح حساب جملة وتأكيده عبر واتساب.</p><p>يبحث عنه التجار أيضاً باسم «Bobo Burger Stick Şeker»، و«برغر ستيك جملة اسطنبول».</p>",,280,سكاكر,1,,,"برغر ستيك","Bobo Burger Stick Şeker",jelly,"24 قطعة",24,علبة
simple,BK-94C450,"بونجو لوبيكس كيك محشي كراميل 40 غرام",1,0,visible,"<p>كيك مغلّف فردياً من بونجو (Bonucci) بنكهة الكراميل، وزن القطعة 40 غرام، يباع بسرعة في البقالات والمقاصف. التعبئة: 24 × 40 غ.</p>","<p><strong>بونجو لوبيكس كيك محشي كراميل 40 غرام</strong> (<span lang=""tr"">Bonucci Lubex Karamel Dolgulu Kek 40 g</span>): كيك مغلّف فردياً من بونجو (Bonucci) بنكهة الكراميل، وزن القطعة 40 غرام، يباع بسرعة في البقالات والمقاصف. من منتجات بونجو (Bonucci)، متوفر عندنا بالجملة لمحلات البقالة والماركت في إسطنبول.</p><h2>تفاصيل البيع بالجملة</h2><ul><li>وحدة البيع: علبة فيها 24 قطعة</li><li>التعبئة: 24 × 40 غ</li><li>القسم: الكيك والرول</li><li>العلامة: بونجو · Bonucci</li></ul><h2>لماذا يطلبه أصحاب المحلات؟</h2><ul><li>وجبة خفيفة مشبعة يطلبها الطلاب والعمال يومياً.</li><li>مغلّف فردياً ومناسب للبيع بالقطعة بجانب المشروبات.</li><li>يُعرض على الرف دون تبريد.</li></ul><h2>التوصيل والدفع</h2><p>نوصل بونجو لوبيكس كيك محشي كراميل 40 غرام إلى باب محلك أو نرتبه على الرف في كل مناطق إسطنبول، والدفع نقداً عند الاستلام. للطلبات خارج إسطنبول أو خارج تركيا يكون الدفع بتحويل بنكي. تظهر الأسعار بعد فتح حساب جملة وتأكيده عبر واتساب.</p><p>يبحث عنه التجار أيضاً باسم «Bonucci Lubex Karamel Dolgulu Kek 40 g»، و«بونوتشي لوبيكس جملة»، و«لوبيكس جملة اسطنبول».</p>",,185,كيك,1,بونجو,bonucci,لوبيكس,"Bonucci Lubex Karamel Dolgulu Kek 40 g",caramel,"24 × 40 غ",24,علبة
simple,BK-437CF3,"إيتي بورشاك كريمالي حليب 100 غرام",1,0,visible,"<p>بسكويت من إيتي (Eti) بنكهة الحليب، وزن القطعة 100 غرام، من الأصناف سريعة الدوران في الماركت. التعبئة: 12 × 100 غ.</p>","<p><strong>إيتي بورشاك كريمالي حليب 100 غرام</strong> (<span lang=""tr"">Eti Burçak Kremalı Sütlü 100 g</span>): بسكويت من إيتي (Eti) بنكهة الحليب، وزن القطعة 100 غرام، من الأصناف سريعة الدوران في الماركت. من منتجات إيتي (Eti)، متوفر عندنا بالجملة لمحلات البقالة والماركت في إسطنبول.</p><h2>تفاصيل البيع بالجملة</h2><ul><li>وحدة البيع: علبة فيها 12 قطعة</li><li>التعبئة: 12 × 100 غ</li><li>القسم: البسكويت والكوكيز</li><li>العلامة: إيتي · Eti</li></ul><h2>لماذا يطلبه أصحاب المحلات؟</h2><ul><li>من أكثر الأصناف دوراناً في البقالات طوال العام.</li><li>مناسب للضيافة ووقت الشاي والمدارس.</li><li>هامش ربح جيد عند البيع بالقطعة.</li></ul><h2>التوصيل والدفع</h2><p>نوصل إيتي بورشاك كريمالي حليب 100 غرام إلى باب محلك أو نرتبه على الرف في كل مناطق إسطنبول، والدفع نقداً عند الاستلام. للطلبات خارج إسطنبول أو خارج تركيا يكون الدفع بتحويل بنكي. تظهر الأسعار بعد فتح حساب جملة وتأكيده عبر واتساب.</p><p>يبحث عنه التجار أيضاً باسم «Eti Burçak Kremalı Sütlü 100 g»، و«ايتي بورشاك كريمالي جملة»، و«بورشاك كريمالي جملة اسطنبول».</p>",240.1,245,"بسكويت, عروض",1,إيتي,eti,"بورشاك كريمالي","Eti Burçak Kremalı Sütlü 100 g",milk,"12 × 100 غ",12,علبة
simple,BK-C43B98,"بونجو بالو توت 50 غرام",1,0,visible,"<p>قطعة كيك طرية من بونجو (Bonucci) بطعم التوت، وزن القطعة 50 غرام، مناسبة لرف الكيك قرب الكاشير. التعبئة: 24 × 50 غ.</p>","<p><strong>بونجو بالو توت 50 غرام</strong> (<span lang=""tr"">Bonucci Palo Frambuazlı Kek 50 g</span>): قطعة كيك طرية من بونجو (Bonucci) بطعم التوت، وزن القطعة 50 غرام، مناسبة لرف الكيك قرب الكاشير. من منتجات بونجو (Bonucci)، متوفر عندنا بالجملة لمحلات البقالة والماركت في إسطنبول.</p><h2>تفاصيل البيع بالجملة</h2><ul><li>وحدة البيع: علبة فيها 24 قطعة</li><li>التعبئة: 24 × 50 غ</li><li>القسم: الكيك والرول</li><li>العلامة: بونجو · Bonucci</li></ul><h2>لماذا يطلبه أصحاب المحلات؟</h2><ul><li>وجبة خفيفة مشبعة يطلبها الطلاب والعمال يومياً.</li><li>مغلّف فردياً ومناسب للبيع بالقطعة بجانب المشروبات.</li><li>يُعرض على الرف دون تبريد.</li></ul><h2>التوصيل والدفع</h2><p>نوصل بونجو بالو توت 50 غرام إلى باب محلك أو نرتبه على الرف في كل مناطق إسطنبول، والدفع نقداً عند الاستلام. للطلبات خارج إسطنبول أو خارج تركيا يكون الدفع بتحويل بنكي. تظهر الأسعار بعد فتح حساب جملة وتأكيده عبر واتساب.</p><p>يبحث عنه التجار أيضاً باسم «Bonucci Palo Frambuazlı Kek 50 g»، و«بونوتشي بالو جملة»، و«بالو جملة اسطنبول».</p>",,195,كيك,1,بونجو,bonucci,بالو,"Bonucci Palo Frambuazlı Kek 50 g",raspberry,"24 × 50 غ",24,علبة
simple,BK-904052,"بونجو بالو كراميل 50 غرام",1,0,visible,"<p>كيك من بونجو (Bonucci) بنكهة الكراميل، وزن القطعة 50 غرام، من الأصناف التي يطلبها الأطفال والطلاب كل يوم. التعبئة: 24 × 50 غ.</p>","<p><strong>بونجو بالو كراميل 50 غرام</strong> (<span lang=""tr"">Bonucci Palo Karamelli Kek 50 g</span>): كيك من بونجو (Bonucci) بنكهة الكراميل، وزن القطعة 50 غرام، من الأصناف التي يطلبها الأطفال والطلاب كل يوم. من منتجات بونجو (Bonucci)، متوفر عندنا بالجملة لمحلات البقالة والماركت في إسطنبول.</p><h2>تفاصيل البيع بالجملة</h2><ul><li>وحدة البيع: علبة فيها 24 قطعة</li><li>التعبئة: 24 × 50 غ</li><li>القسم: الكيك والرول</li><li>العلامة: بونجو · Bonucci</li></ul><h2>لماذا يطلبه أصحاب المحلات؟</h2><ul><li>وجبة خفيفة مشبعة يطلبها الطلاب والعمال يومياً.</li><li>مغلّف فردياً ومناسب للبيع بالقطعة بجانب المشروبات.</li><li>يُعرض على الرف دون تبريد.</li></ul><h2>التوصيل والدفع</h2><p>نوصل بونجو بالو كراميل 50 غرام إلى باب محلك أو نرتبه على الرف في كل مناطق إسطنبول، والدفع نقداً عند الاستلام. للطلبات خارج إسطنبول أو خارج تركيا يكون الدفع بتحويل بنكي. تظهر الأسعار بعد فتح حساب جملة وتأكيده عبر واتساب.</p><p>يبحث عنه التجار أيضاً باسم «Bonucci Palo Karamelli Kek 50 g»، و«بونوتشي بالو جملة»، و«بالو جملة اسطنبول».</p>",,195,كيك,1,بونجو,bonucci,بالو,"Bonucci Palo Karamelli Kek 50 g",caramel,"24 × 50 غ",24,علبة
simple,BK-923C0D,"بونجو بيان كريمالي 55 غرام",1,0,visible,"<p>قطعة كيك طرية من بونجو (Bonucci) بطعم الحليب، وزن القطعة 55 غرام، مناسبة لرف الكيك قرب الكاشير. التعبئة: 24 × 55 غ.</p>","<p><strong>بونجو بيان كريمالي 55 غرام</strong> (<span lang=""tr"">Bonucci Bian Kremalı Kek 55 g</span>): قطعة كيك طرية من بونجو (Bonucci) بطعم الحليب، وزن القطعة 55 غرام، مناسبة لرف الكيك قرب الكاشير. من منتجات بونجو (Bonucci)، متوفر عندنا بالجملة لمحلات البقالة والماركت في إسطنبول.</p><h2>تفاصيل البيع بالجملة</h2><ul><li>وحدة البيع: علبة فيها 24 قطعة</li><li>التعبئة: 24 × 55 غ</li><li>القسم: الكيك والرول</li><li>العلامة: بونجو · Bonucci</li></ul><h2>لماذا يطلبه أصحاب المحلات؟</h2><ul><li>وجبة خفيفة مشبعة يطلبها الطلاب والعمال يومياً.</li><li>مغلّف فردياً ومناسب للبيع بالقطعة بجانب المشروبات.</li><li>يُعرض على الرف دون تبريد.</li></ul><h2>التوصيل والدفع</h2><p>نوصل بونجو بيان كريمالي 55 غرام إلى باب محلك أو نرتبه على الرف في كل مناطق إسطنبول، والدفع نقداً عند الاستلام. للطلبات خارج إسطنبول أو خارج تركيا يكون الدفع بتحويل بنكي. تظهر الأسعار بعد فتح حساب جملة وتأكيده عبر واتساب.</p><p>يبحث عنه التجار أيضاً باسم «Bonucci Bian Kremalı Kek 55 g»، و«بونوتشي بيان جملة»، و«بيان جملة اسطنبول».</p>",,185,كيك,1,بونجو,bonucci,بيان,"Bonucci Bian Kremalı Kek 55 g",milk,"24 × 55 غ",24,علبة
simple,BK-83EC80,"بونجو بيستاه فستق 40 غرام",1,1,visible,"<p>قطعة كيك طرية من بونجو (Bonucci) بطعم الفستق، وزن القطعة 40 غرام، مناسبة لرف الكيك قرب الكاشير. التعبئة: 24 × 40 غ.</p>","<p><strong>بونجو بيستاه فستق 40 غرام</strong> (<span lang=""tr"">Bonucci Pistah Antep Fıstıklı Kek 40 g</span>): قطعة كيك طرية من بونجو (Bonucci) بطعم الفستق، وزن القطعة 40 غرام، مناسبة لرف الكيك قرب الكاشير. من منتجات بونجو (Bonucci)، متوفر عندنا بالجملة لمحلات البقالة والماركت في إسطنبول.</p><h2>تفاصيل البيع بالجملة</h2><ul><li>وحدة البيع: علبة فيها 24 قطعة</li><li>التعبئة: 24 × 40 غ</li><li>القسم: الكيك والرول</li><li>العلامة: بونجو · Bonucci</li></ul><h2>لماذا يطلبه أصحاب المحلات؟</h2><ul><li>وجبة خفيفة مشبعة يطلبها الطلاب والعمال يومياً.</li><li>مغلّف فردياً ومناسب للبيع بالقطعة بجانب المشروبات.</li><li>يُعرض على الرف دون تبريد.</li></ul><h2>التوصيل والدفع</h2><p>نوصل بونجو بيستاه فستق 40 غرام إلى باب محلك أو نرتبه على الرف في كل مناطق إسطنبول، والدفع نقداً عند الاستلام. للطلبات خارج إسطنبول أو خارج تركيا يكون الدفع بتحويل بنكي. تظهر الأسعار بعد فتح حساب جملة وتأكيده عبر واتساب.</p><p>يبحث عنه التجار أيضاً باسم «Bonucci Pistah Antep Fıstıklı Kek 40 g»، و«بونوتشي بيستاه جملة»، و«بيستاه جملة اسطنبول».</p>",,185,كيك,1,بونجو,bonucci,بيستاه,"Bonucci Pistah Antep Fıstıklı Kek 40 g",pistachio,"24 × 40 غ",24,علبة
simple,BK-9B618C,"بونجو دولسي رول احمر 50 غرام",1,1,visible,"<p>كيك من بونجو (Bonucci) بنكهة الفراولة، وزن القطعة 50 غرام، من الأصناف التي يطلبها الأطفال والطلاب كل يوم. التعبئة: 24 × 50 غ.</p>","<p><strong>بونجو دولسي رول احمر 50 غرام</strong> (<span lang=""tr"">Bonucci Dolce Rol Kırmızı 50 g</span>): كيك من بونجو (Bonucci) بنكهة الفراولة، وزن القطعة 50 غرام، من الأصناف التي يطلبها الأطفال والطلاب كل يوم. من منتجات بونجو (Bonucci)، متوفر عندنا بالجملة لمحلات البقالة والماركت في إسطنبول.</p><h2>تفاصيل البيع بالجملة</h2><ul><li>وحدة البيع: علبة فيها 24 قطعة</li><li>التعبئة: 24 × 50 غ</li><li>القسم: الكيك والرول</li><li>العلامة: بونجو · Bonucci</li></ul><h2>لماذا يطلبه أصحاب المحلات؟</h2><ul><li>وجبة خفيفة مشبعة يطلبها الطلاب والعمال يومياً.</li><li>مغلّف فردياً ومناسب للبيع بالقطعة بجانب المشروبات.</li><li>يُعرض على الرف دون تبريد.</li></ul><h2>التوصيل والدفع</h2><p>نوصل بونجو دولسي رول احمر 50 غرام إلى باب محلك أو نرتبه على الرف في كل مناطق إسطنبول، والدفع نقداً عند الاستلام. للطلبات خارج إسطنبول أو خارج تركيا يكون الدفع بتحويل بنكي. تظهر الأسعار بعد فتح حساب جملة وتأكيده عبر واتساب.</p><p>يبحث عنه التجار أيضاً باسم «Bonucci Dolce Rol Kırmızı 50 g»، و«بونوتشي دولسي رول جملة»، و«دولسي رول جملة اسطنبول».</p>",,220,كيك,1,بونجو,bonucci,"دولسي رول","Bonucci Dolce Rol Kırmızı 50 g",strawberry,"24 × 50 غ",24,علبة
simple,BK-C97679,"بونجو دولسي رول ازرق 50 غرام",1,0,visible,"<p>كيك مغلّف فردياً من بونجو (Bonucci) بنكهة الحليب، وزن القطعة 50 غرام، يباع بسرعة في البقالات والمقاصف. التعبئة: 24 × 50 غ.</p>","<p><strong>بونجو دولسي رول ازرق 50 غرام</strong> (<span lang=""tr"">Bonucci Dolce Rol Mavi 50 g</span>): كيك مغلّف فردياً من بونجو (Bonucci) بنكهة الحليب، وزن القطعة 50 غرام، يباع بسرعة في البقالات والمقاصف. من منتجات بونجو (Bonucci)، متوفر عندنا بالجملة لمحلات البقالة والماركت في إسطنبول.</p><h2>تفاصيل البيع بالجملة</h2><ul><li>وحدة البيع: علبة فيها 24 قطعة</li><li>التعبئة: 24 × 50 غ</li><li>القسم: الكيك والرول</li><li>العلامة: بونجو · Bonucci</li></ul><h2>لماذا يطلبه أصحاب المحلات؟</h2><ul><li>وجبة خفيفة مشبعة يطلبها الطلاب والعمال يومياً.</li><li>مغلّف فردياً ومناسب للبيع بالقطعة بجانب المشروبات.</li><li>يُعرض على الرف دون تبريد.</li></ul><h2>التوصيل والدفع</h2><p>نوصل بونجو دولسي رول ازرق 50 غرام إلى باب محلك أو نرتبه على الرف في كل مناطق إسطنبول، والدفع نقداً عند الاستلام. للطلبات خارج إسطنبول أو خارج تركيا يكون الدفع بتحويل بنكي. تظهر الأسعار بعد فتح حساب جملة وتأكيده عبر واتساب.</p><p>يبحث عنه التجار أيضاً باسم «Bonucci Dolce Rol Mavi 50 g»، و«بونوتشي دولسي رول جملة»، و«دولسي رول جملة اسطنبول».</p>",,220,كيك,1,بونجو,bonucci,"دولسي رول","Bonucci Dolce Rol Mavi 50 g",milk,"24 × 50 غ",24,علبة
simple,BK-7F7C6A,"بونجو دولسي رول زهري 50 غرام",1,0,visible,"<p>كيك مغلّف فردياً من بونجو (Bonucci) بنكهة التوت، وزن القطعة 50 غرام، يباع بسرعة في البقالات والمقاصف. التعبئة: 24 × 50 غ.</p>","<p><strong>بونجو دولسي رول زهري 50 غرام</strong> (<span lang=""tr"">Bonucci Dolce Rol Pembe 50 g</span>): كيك مغلّف فردياً من بونجو (Bonucci) بنكهة التوت، وزن القطعة 50 غرام، يباع بسرعة في البقالات والمقاصف. من منتجات بونجو (Bonucci)، متوفر عندنا بالجملة لمحلات البقالة والماركت في إسطنبول.</p><h2>تفاصيل البيع بالجملة</h2><ul><li>وحدة البيع: علبة فيها 24 قطعة</li><li>التعبئة: 24 × 50 غ</li><li>القسم: الكيك والرول</li><li>العلامة: بونجو · Bonucci</li></ul><h2>لماذا يطلبه أصحاب المحلات؟</h2><ul><li>وجبة خفيفة مشبعة يطلبها الطلاب والعمال يومياً.</li><li>مغلّف فردياً ومناسب للبيع بالقطعة بجانب المشروبات.</li><li>يُعرض على الرف دون تبريد.</li></ul><h2>التوصيل والدفع</h2><p>نوصل بونجو دولسي رول زهري 50 غرام إلى باب محلك أو نرتبه على الرف في كل مناطق إسطنبول، والدفع نقداً عند الاستلام. للطلبات خارج إسطنبول أو خارج تركيا يكون الدفع بتحويل بنكي. تظهر الأسعار بعد فتح حساب جملة وتأكيده عبر واتساب.</p><p>يبحث عنه التجار أيضاً باسم «Bonucci Dolce Rol Pembe 50 g»، و«بونوتشي دولسي رول جملة»، و«دولسي رول جملة اسطنبول».</p>",,220,كيك,1,بونجو,bonucci,"دولسي رول","Bonucci Dolce Rol Pembe 50 g",raspberry,"24 × 50 غ",24,علبة
simple,BK-931F3E,"بونجو ديلوكس ازرق 22 غرام",1,0,visible,"<p>كيك مغلّف فردياً من بونجو (Bonucci) بنكهة الحليب، وزن القطعة 22 غرام، يباع بسرعة في البقالات والمقاصف. التعبئة: 24 × 22 غ.</p>","<p><strong>بونجو ديلوكس ازرق 22 غرام</strong> (<span lang=""tr"">Bonucci Deluxe Mavi 22 g</span>): كيك مغلّف فردياً من بونجو (Bonucci) بنكهة الحليب، وزن القطعة 22 غرام، يباع بسرعة في البقالات والمقاصف. من منتجات بونجو (Bonucci)، متوفر عندنا بالجملة لمحلات البقالة والماركت في إسطنبول.</p><h2>تفاصيل البيع بالجملة</h2><ul><li>وحدة البيع: علبة فيها 24 قطعة</li><li>التعبئة: 24 × 22 غ</li><li>القسم: الكيك والرول</li><li>العلامة: بونجو · Bonucci</li></ul><h2>لماذا يطلبه أصحاب المحلات؟</h2><ul><li>وجبة خفيفة مشبعة يطلبها الطلاب والعمال يومياً.</li><li>مغلّف فردياً ومناسب للبيع بالقطعة بجانب المشروبات.</li><li>يُعرض على الرف دون تبريد.</li></ul><h2>التوصيل والدفع</h2><p>نوصل بونجو ديلوكس ازرق 22 غرام إلى باب محلك أو نرتبه على الرف في كل مناطق إسطنبول، والدفع نقداً عند الاستلام. للطلبات خارج إسطنبول أو خارج تركيا يكون الدفع بتحويل بنكي. تظهر الأسعار بعد فتح حساب جملة وتأكيده عبر واتساب.</p><p>يبحث عنه التجار أيضاً باسم «Bonucci Deluxe Mavi 22 g»، و«بونوتشي ديلوكس جملة»، و«ديلوكس جملة اسطنبول».</p>",,85,كيك,1,بونجو,bonucci,ديلوكس,"Bonucci Deluxe Mavi 22 g",milk,"24 × 22 غ",24,علبة
simple,BK-AB6DCE,"بونجو ساندويش كيك 23 غرام",1,0,visible,"<p>كيك مغلّف فردياً من بونجو (Bonucci) بنكهة الشوكولاتة، وزن القطعة 23 غرام، يباع بسرعة في البقالات والمقاصف. التعبئة: 24 × 23 غ.</p>","<p><strong>بونجو ساندويش كيك 23 غرام</strong> (<span lang=""tr"">Bonucci Sandviç Kek 23 g</span>): كيك مغلّف فردياً من بونجو (Bonucci) بنكهة الشوكولاتة، وزن القطعة 23 غرام، يباع بسرعة في البقالات والمقاصف. من منتجات بونجو (Bonucci)، متوفر عندنا بالجملة لمحلات البقالة والماركت في إسطنبول.</p><h2>تفاصيل البيع بالجملة</h2><ul><li>وحدة البيع: علبة فيها 24 قطعة</li><li>التعبئة: 24 × 23 غ</li><li>القسم: الكيك والرول</li><li>العلامة: بونجو · Bonucci</li></ul><h2>لماذا يطلبه أصحاب المحلات؟</h2><ul><li>وجبة خفيفة مشبعة يطلبها الطلاب والعمال يومياً.</li><li>مغلّف فردياً ومناسب للبيع بالقطعة بجانب المشروبات.</li><li>يُعرض على الرف دون تبريد.</li></ul><h2>التوصيل والدفع</h2><p>نوصل بونجو ساندويش كيك 23 غرام إلى باب محلك أو نرتبه على الرف في كل مناطق إسطنبول، والدفع نقداً عند الاستلام. للطلبات خارج إسطنبول أو خارج تركيا يكون الدفع بتحويل بنكي. تظهر الأسعار بعد فتح حساب جملة وتأكيده عبر واتساب.</p><p>يبحث عنه التجار أيضاً باسم «Bonucci Sandviç Kek 23 g»، و«بونوتشي ساندويش كيك جملة»، و«ساندويش كيك جملة اسطنبول».</p>",,115,كيك,1,بونجو,bonucci,"ساندويش كيك","Bonucci Sandviç Kek 23 g",chocolate,"24 × 23 غ",24,علبة
simple,BK-CFDC63,"بونجو سوفليه شوكولا 40 غرام",1,0,visible,"<p>قطعة كيك طرية من بونجو (Bonucci) بطعم الشوكولاتة، وزن القطعة 40 غرام، مناسبة لرف الكيك قرب الكاشير. التعبئة: 24 × 40 غ.</p>","<p><strong>بونجو سوفليه شوكولا 40 غرام</strong> (<span lang=""tr"">Bonucci Sufle Çikolatalı 40 g</span>): قطعة كيك طرية من بونجو (Bonucci) بطعم الشوكولاتة، وزن القطعة 40 غرام، مناسبة لرف الكيك قرب الكاشير. من منتجات بونجو (Bonucci)، متوفر عندنا بالجملة لمحلات البقالة والماركت في إسطنبول.</p><h2>تفاصيل البيع بالجملة</h2><ul><li>وحدة البيع: علبة فيها 24 قطعة</li><li>التعبئة: 24 × 40 غ</li><li>القسم: الكيك والرول</li><li>العلامة: بونجو · Bonucci</li></ul><h2>لماذا يطلبه أصحاب المحلات؟</h2><ul><li>وجبة خفيفة مشبعة يطلبها الطلاب والعمال يومياً.</li><li>مغلّف فردياً ومناسب للبيع بالقطعة بجانب المشروبات.</li><li>يُعرض على الرف دون تبريد.</li></ul><h2>التوصيل والدفع</h2><p>نوصل بونجو سوفليه شوكولا 40 غرام إلى باب محلك أو نرتبه على الرف في كل مناطق إسطنبول، والدفع نقداً عند الاستلام. للطلبات خارج إسطنبول أو خارج تركيا يكون الدفع بتحويل بنكي. تظهر الأسعار بعد فتح حساب جملة وتأكيده عبر واتساب.</p><p>يبحث عنه التجار أيضاً باسم «Bonucci Sufle Çikolatalı 40 g»، و«بونوتشي سوفليه جملة»، و«سوفليه جملة اسطنبول».</p>",,185,كيك,1,بونجو,bonucci,سوفليه,"Bonucci Sufle Çikolatalı 40 g",chocolate,"24 × 40 غ",24,علبة
simple,BK-EE656A,"بونجو سيكريت فريز 40 غرام",1,0,visible,"<p>قطعة كيك طرية من بونجو (Bonucci) بطعم الفراولة، وزن القطعة 40 غرام، مناسبة لرف الكيك قرب الكاشير. التعبئة: 24 × 40 غ.</p>","<p><strong>بونجو سيكريت فريز 40 غرام</strong> (<span lang=""tr"">Bonucci Secret Çilekli Kek 40 g</span>): قطعة كيك طرية من بونجو (Bonucci) بطعم الفراولة، وزن القطعة 40 غرام، مناسبة لرف الكيك قرب الكاشير. من منتجات بونجو (Bonucci)، متوفر عندنا بالجملة لمحلات البقالة والماركت في إسطنبول.</p><h2>تفاصيل البيع بالجملة</h2><ul><li>وحدة البيع: علبة فيها 24 قطعة</li><li>التعبئة: 24 × 40 غ</li><li>القسم: الكيك والرول</li><li>العلامة: بونجو · Bonucci</li></ul><h2>لماذا يطلبه أصحاب المحلات؟</h2><ul><li>وجبة خفيفة مشبعة يطلبها الطلاب والعمال يومياً.</li><li>مغلّف فردياً ومناسب للبيع بالقطعة بجانب المشروبات.</li><li>يُعرض على الرف دون تبريد.</li></ul><h2>التوصيل والدفع</h2><p>نوصل بونجو سيكريت فريز 40 غرام إلى باب محلك أو نرتبه على الرف في كل مناطق إسطنبول، والدفع نقداً عند الاستلام. للطلبات خارج إسطنبول أو خارج تركيا يكون الدفع بتحويل بنكي. تظهر الأسعار بعد فتح حساب جملة وتأكيده عبر واتساب.</p><p>يبحث عنه التجار أيضاً باسم «Bonucci Secret Çilekli Kek 40 g»، و«بونوتشي سيكريت جملة»، و«سيكريت جملة اسطنبول».</p>",,185,كيك,1,بونجو,bonucci,سيكريت,"Bonucci Secret Çilekli Kek 40 g",strawberry,"24 × 40 غ",24,علبة
simple,BK-88D65F,"بونجو سيكريت كرز 40 غرام",1,0,visible,"<p>كيك من بونجو (Bonucci) بنكهة الكرز، وزن القطعة 40 غرام، من الأصناف التي يطلبها الأطفال والطلاب كل يوم. التعبئة: 24 × 40 غ.</p>","<p><strong>بونجو سيكريت كرز 40 غرام</strong> (<span lang=""tr"">Bonucci Secret Vişneli Kek 40 g</span>): كيك من بونجو (Bonucci) بنكهة الكرز، وزن القطعة 40 غرام، من الأصناف التي يطلبها الأطفال والطلاب كل يوم. من منتجات بونجو (Bonucci)، متوفر عندنا بالجملة لمحلات البقالة والماركت في إسطنبول.</p><h2>تفاصيل البيع بالجملة</h2><ul><li>وحدة البيع: علبة فيها 24 قطعة</li><li>التعبئة: 24 × 40 غ</li><li>القسم: الكيك والرول</li><li>العلامة: بونجو · Bonucci</li></ul><h2>لماذا يطلبه أصحاب المحلات؟</h2><ul><li>وجبة خفيفة مشبعة يطلبها الطلاب والعمال يومياً.</li><li>مغلّف فردياً ومناسب للبيع بالقطعة بجانب المشروبات.</li><li>يُعرض على الرف دون تبريد.</li></ul><h2>التوصيل والدفع</h2><p>نوصل بونجو سيكريت كرز 40 غرام إلى باب محلك أو نرتبه على الرف في كل مناطق إسطنبول، والدفع نقداً عند الاستلام. للطلبات خارج إسطنبول أو خارج تركيا يكون الدفع بتحويل بنكي. تظهر الأسعار بعد فتح حساب جملة وتأكيده عبر واتساب.</p><p>يبحث عنه التجار أيضاً باسم «Bonucci Secret Vişneli Kek 40 g»، و«بونوتشي سيكريت جملة»، و«سيكريت جملة اسطنبول».</p>",,185,كيك,1,بونجو,bonucci,سيكريت,"Bonucci Secret Vişneli Kek 40 g",cherry,"24 × 40 غ",24,علبة
simple,BK-0EF0D0,"بونجو شوكيكس حليب 40 غرام",1,0,visible,"<p>قطعة كيك طرية من بونجو (Bonucci) بطعم الحليب، وزن القطعة 40 غرام، مناسبة لرف الكيك قرب الكاشير. التعبئة: 24 × 40 غ.</p>","<p><strong>بونجو شوكيكس حليب 40 غرام</strong> (<span lang=""tr"">Bonucci Chocix Sütlü Kek 40 g</span>): قطعة كيك طرية من بونجو (Bonucci) بطعم الحليب، وزن القطعة 40 غرام، مناسبة لرف الكيك قرب الكاشير. من منتجات بونجو (Bonucci)، متوفر عندنا بالجملة لمحلات البقالة والماركت في إسطنبول.</p><h2>تفاصيل البيع بالجملة</h2><ul><li>وحدة البيع: علبة فيها 24 قطعة</li><li>التعبئة: 24 × 40 غ</li><li>القسم: الكيك والرول</li><li>العلامة: بونجو · Bonucci</li></ul><h2>لماذا يطلبه أصحاب المحلات؟</h2><ul><li>وجبة خفيفة مشبعة يطلبها الطلاب والعمال يومياً.</li><li>مغلّف فردياً ومناسب للبيع بالقطعة بجانب المشروبات.</li><li>يُعرض على الرف دون تبريد.</li></ul><h2>التوصيل والدفع</h2><p>نوصل بونجو شوكيكس حليب 40 غرام إلى باب محلك أو نرتبه على الرف في كل مناطق إسطنبول، والدفع نقداً عند الاستلام. للطلبات خارج إسطنبول أو خارج تركيا يكون الدفع بتحويل بنكي. تظهر الأسعار بعد فتح حساب جملة وتأكيده عبر واتساب.</p><p>يبحث عنه التجار أيضاً باسم «Bonucci Chocix Sütlü Kek 40 g»، و«بونوتشي شوكيكس جملة»، و«شوكيكس جملة اسطنبول».</p>",,185,كيك,1,بونجو,bonucci,شوكيكس,"Bonucci Chocix Sütlü Kek 40 g",milk,"24 × 40 غ",24,علبة
simple,BK-DEE4DD,"بونجو شوكيكس شوكولا 40 غرام",1,1,visible,"<p>قطعة كيك طرية من بونجو (Bonucci) بطعم الشوكولاتة، وزن القطعة 40 غرام، مناسبة لرف الكيك قرب الكاشير. التعبئة: 24 × 40 غ.</p>","<p><strong>بونجو شوكيكس شوكولا 40 غرام</strong> (<span lang=""tr"">Bonucci Chocix Çikolatalı Kek 40 g</span>): قطعة كيك طرية من بونجو (Bonucci) بطعم الشوكولاتة، وزن القطعة 40 غرام، مناسبة لرف الكيك قرب الكاشير. من منتجات بونجو (Bonucci)، متوفر عندنا بالجملة لمحلات البقالة والماركت في إسطنبول.</p><h2>تفاصيل البيع بالجملة</h2><ul><li>وحدة البيع: علبة فيها 24 قطعة</li><li>التعبئة: 24 × 40 غ</li><li>القسم: الكيك والرول</li><li>العلامة: بونجو · Bonucci</li></ul><h2>لماذا يطلبه أصحاب المحلات؟</h2><ul><li>وجبة خفيفة مشبعة يطلبها الطلاب والعمال يومياً.</li><li>مغلّف فردياً ومناسب للبيع بالقطعة بجانب المشروبات.</li><li>يُعرض على الرف دون تبريد.</li></ul><h2>التوصيل والدفع</h2><p>نوصل بونجو شوكيكس شوكولا 40 غرام إلى باب محلك أو نرتبه على الرف في كل مناطق إسطنبول، والدفع نقداً عند الاستلام. للطلبات خارج إسطنبول أو خارج تركيا يكون الدفع بتحويل بنكي. تظهر الأسعار بعد فتح حساب جملة وتأكيده عبر واتساب.</p><p>يبحث عنه التجار أيضاً باسم «Bonucci Chocix Çikolatalı Kek 40 g»، و«بونوتشي شوكيكس جملة»، و«شوكيكس جملة اسطنبول».</p>",,185,كيك,1,بونجو,bonucci,شوكيكس,"Bonucci Chocix Çikolatalı Kek 40 g",chocolate,"24 × 40 غ",24,علبة
simple,BK-6C6873,"بونجو لوبيكس بندق 40 غرام",1,0,visible,"<p>قطعة كيك طرية من بونجو (Bonucci) بطعم البندق، وزن القطعة 40 غرام، مناسبة لرف الكيك قرب الكاشير. التعبئة: 24 × 40 غ.</p>","<p><strong>بونجو لوبيكس بندق 40 غرام</strong> (<span lang=""tr"">Bonucci Lubex Fındıklı Kek 40 g</span>): قطعة كيك طرية من بونجو (Bonucci) بطعم البندق، وزن القطعة 40 غرام، مناسبة لرف الكيك قرب الكاشير. من منتجات بونجو (Bonucci)، متوفر عندنا بالجملة لمحلات البقالة والماركت في إسطنبول.</p><h2>تفاصيل البيع بالجملة</h2><ul><li>وحدة البيع: علبة فيها 24 قطعة</li><li>التعبئة: 24 × 40 غ</li><li>القسم: الكيك والرول</li><li>العلامة: بونجو · Bonucci</li></ul><h2>لماذا يطلبه أصحاب المحلات؟</h2><ul><li>وجبة خفيفة مشبعة يطلبها الطلاب والعمال يومياً.</li><li>مغلّف فردياً ومناسب للبيع بالقطعة بجانب المشروبات.</li><li>يُعرض على الرف دون تبريد.</li></ul><h2>التوصيل والدفع</h2><p>نوصل بونجو لوبيكس بندق 40 غرام إلى باب محلك أو نرتبه على الرف في كل مناطق إسطنبول، والدفع نقداً عند الاستلام. للطلبات خارج إسطنبول أو خارج تركيا يكون الدفع بتحويل بنكي. تظهر الأسعار بعد فتح حساب جملة وتأكيده عبر واتساب.</p><p>يبحث عنه التجار أيضاً باسم «Bonucci Lubex Fındıklı Kek 40 g»، و«بونوتشي لوبيكس جملة»، و«لوبيكس جملة اسطنبول».</p>",,200,كيك,1,بونجو,bonucci,لوبيكس,"Bonucci Lubex Fındıklı Kek 40 g",hazelnut,"24 × 40 غ",24,علبة
simple,BK-28C2B3,"بونجو لوبيكس دبي 40 غرام",1,0,visible,"<p>قطعة كيك طرية من بونجو (Bonucci) بطعم الفستق والكنافة، وزن القطعة 40 غرام، مناسبة لرف الكيك قرب الكاشير. التعبئة: 24 × 40 غ.</p>","<p><strong>بونجو لوبيكس دبي 40 غرام</strong> (<span lang=""tr"">Bonucci Lubex Dubai Kek 40 g</span>): قطعة كيك طرية من بونجو (Bonucci) بطعم الفستق والكنافة، وزن القطعة 40 غرام، مناسبة لرف الكيك قرب الكاشير. من منتجات بونجو (Bonucci)، متوفر عندنا بالجملة لمحلات البقالة والماركت في إسطنبول.</p><h2>تفاصيل البيع بالجملة</h2><ul><li>وحدة البيع: علبة فيها 24 قطعة</li><li>التعبئة: 24 × 40 غ</li><li>القسم: الكيك والرول</li><li>العلامة: بونجو · Bonucci</li></ul><h2>لماذا يطلبه أصحاب المحلات؟</h2><ul><li>وجبة خفيفة مشبعة يطلبها الطلاب والعمال يومياً.</li><li>مغلّف فردياً ومناسب للبيع بالقطعة بجانب المشروبات.</li><li>يُعرض على الرف دون تبريد.</li></ul><h2>التوصيل والدفع</h2><p>نوصل بونجو لوبيكس دبي 40 غرام إلى باب محلك أو نرتبه على الرف في كل مناطق إسطنبول، والدفع نقداً عند الاستلام. للطلبات خارج إسطنبول أو خارج تركيا يكون الدفع بتحويل بنكي. تظهر الأسعار بعد فتح حساب جملة وتأكيده عبر واتساب.</p><p>يبحث عنه التجار أيضاً باسم «Bonucci Lubex Dubai Kek 40 g»، و«بونوتشي لوبيكس جملة»، و«لوبيكس جملة اسطنبول».</p>",,200,كيك,1,بونجو,bonucci,لوبيكس,"Bonucci Lubex Dubai Kek 40 g",kunafa,"24 × 40 غ",24,علبة
simple,BK-4AAE80,"بونجو لوبيكس رول نكهة موز 35 غرام",1,0,visible,"<p>قطعة كيك طرية من بونجو (Bonucci) بطعم الموز، وزن القطعة 35 غرام، مناسبة لرف الكيك قرب الكاشير. التعبئة: 24 × 35 غ.</p>","<p><strong>بونجو لوبيكس رول نكهة موز 35 غرام</strong> (<span lang=""tr"">Bonucci Lubex Rulo Muzlu 35 g</span>): قطعة كيك طرية من بونجو (Bonucci) بطعم الموز، وزن القطعة 35 غرام، مناسبة لرف الكيك قرب الكاشير. من منتجات بونجو (Bonucci)، متوفر عندنا بالجملة لمحلات البقالة والماركت في إسطنبول.</p><h2>تفاصيل البيع بالجملة</h2><ul><li>وحدة البيع: علبة فيها 24 قطعة</li><li>التعبئة: 24 × 35 غ</li><li>القسم: الكيك والرول</li><li>العلامة: بونجو · Bonucci</li></ul><h2>لماذا يطلبه أصحاب المحلات؟</h2><ul><li>وجبة خفيفة مشبعة يطلبها الطلاب والعمال يومياً.</li><li>مغلّف فردياً ومناسب للبيع بالقطعة بجانب المشروبات.</li><li>يُعرض على الرف دون تبريد.</li></ul><h2>التوصيل والدفع</h2><p>نوصل بونجو لوبيكس رول نكهة موز 35 غرام إلى باب محلك أو نرتبه على الرف في كل مناطق إسطنبول، والدفع نقداً عند الاستلام. للطلبات خارج إسطنبول أو خارج تركيا يكون الدفع بتحويل بنكي. تظهر الأسعار بعد فتح حساب جملة وتأكيده عبر واتساب.</p><p>يبحث عنه التجار أيضاً باسم «Bonucci Lubex Rulo Muzlu 35 g»، و«بونوتشي لوبيكس رول جملة»، و«لوبيكس رول جملة اسطنبول».</p>",,185,كيك,1,بونجو,bonucci,"لوبيكس رول","Bonucci Lubex Rulo Muzlu 35 g",banana,"24 × 35 غ",24,علبة
simple,BK-B1E319,"بونجو لوسي سوفليه كاكاو 40 غرام",1,0,visible,"<p>قطعة كيك طرية من بونجو (Bonucci) بطعم الكاكاو، وزن القطعة 40 غرام، مناسبة لرف الكيك قرب الكاشير. التعبئة: 24 × 40 غ.</p>","<p><strong>بونجو لوسي سوفليه كاكاو 40 غرام</strong> (<span lang=""tr"">Bonucci Lucy Sufle Kakaolu 40 g</span>): قطعة كيك طرية من بونجو (Bonucci) بطعم الكاكاو، وزن القطعة 40 غرام، مناسبة لرف الكيك قرب الكاشير. من منتجات بونجو (Bonucci)، متوفر عندنا بالجملة لمحلات البقالة والماركت في إسطنبول.</p><h2>تفاصيل البيع بالجملة</h2><ul><li>وحدة البيع: علبة فيها 24 قطعة</li><li>التعبئة: 24 × 40 غ</li><li>القسم: الكيك والرول</li><li>العلامة: بونجو · Bonucci</li></ul><h2>لماذا يطلبه أصحاب المحلات؟</h2><ul><li>وجبة خفيفة مشبعة يطلبها الطلاب والعمال يومياً.</li><li>مغلّف فردياً ومناسب للبيع بالقطعة بجانب المشروبات.</li><li>يُعرض على الرف دون تبريد.</li></ul><h2>التوصيل والدفع</h2><p>نوصل بونجو لوسي سوفليه كاكاو 40 غرام إلى باب محلك أو نرتبه على الرف في كل مناطق إسطنبول، والدفع نقداً عند الاستلام. للطلبات خارج إسطنبول أو خارج تركيا يكون الدفع بتحويل بنكي. تظهر الأسعار بعد فتح حساب جملة وتأكيده عبر واتساب.</p><p>يبحث عنه التجار أيضاً باسم «Bonucci Lucy Sufle Kakaolu 40 g»، و«بونوتشي لوسي جملة»، و«لوسي جملة اسطنبول».</p>",,195,كيك,1,بونجو,bonucci,لوسي,"Bonucci Lucy Sufle Kakaolu 40 g",cocoa,"24 × 40 غ",24,علبة
simple,BK-FEBE60,"بونجو لوسي موزاييك 50 غرام",1,0,visible,"<p>قطعة كيك طرية من بونجو (Bonucci) بطعم الموزاييك، وزن القطعة 50 غرام، مناسبة لرف الكيك قرب الكاشير. التعبئة: 24 × 50 غ.</p>","<p><strong>بونجو لوسي موزاييك 50 غرام</strong> (<span lang=""tr"">Bonucci Lucy Mozaik Kek 50 g</span>): قطعة كيك طرية من بونجو (Bonucci) بطعم الموزاييك، وزن القطعة 50 غرام، مناسبة لرف الكيك قرب الكاشير. من منتجات بونجو (Bonucci)، متوفر عندنا بالجملة لمحلات البقالة والماركت في إسطنبول.</p><h2>تفاصيل البيع بالجملة</h2><ul><li>وحدة البيع: علبة فيها 24 قطعة</li><li>التعبئة: 24 × 50 غ</li><li>القسم: الكيك والرول</li><li>العلامة: بونجو · Bonucci</li></ul><h2>لماذا يطلبه أصحاب المحلات؟</h2><ul><li>وجبة خفيفة مشبعة يطلبها الطلاب والعمال يومياً.</li><li>مغلّف فردياً ومناسب للبيع بالقطعة بجانب المشروبات.</li><li>يُعرض على الرف دون تبريد.</li></ul><h2>التوصيل والدفع</h2><p>نوصل بونجو لوسي موزاييك 50 غرام إلى باب محلك أو نرتبه على الرف في كل مناطق إسطنبول، والدفع نقداً عند الاستلام. للطلبات خارج إسطنبول أو خارج تركيا يكون الدفع بتحويل بنكي. تظهر الأسعار بعد فتح حساب جملة وتأكيده عبر واتساب.</p><p>يبحث عنه التجار أيضاً باسم «Bonucci Lucy Mozaik Kek 50 g»، و«بونوتشي لوسي جملة»، و«لوسي جملة اسطنبول».</p>",,185,كيك,1,بونجو,bonucci,لوسي,"Bonucci Lucy Mozaik Kek 50 g",mosaic,"24 × 50 غ",24,علبة
simple,BK-8DBA62,"بيبي بالون حبل",1,0,visible,"<p>لعبة أطفال بمفاجأة، تُباع بالقطعة بربح جيد. التعبئة: 100 قطعة.</p>","<p><strong>بيبي بالون حبل</strong> (<span lang=""tr"">Baby Balon İpli (100 adet)</span>): لعبة أطفال بمفاجأة، تُباع بالقطعة بربح جيد. متوفر بالجملة لمحلات البقالة والماركت في إسطنبول.</p><h2>تفاصيل البيع بالجملة</h2><ul><li>وحدة البيع: كيس فيها 100 قطعة</li><li>التعبئة: 100 قطعة</li><li>القسم: الألعاب والمفاجآت</li></ul><h2>لماذا يطلبه أصحاب المحلات؟</h2><ul><li>مفاجأة يحبها الأطفال.</li><li>ربح جيد للقطعة الواحدة.</li><li>تُعرض قرب الكاشير وتجذب العائلات.</li></ul><h2>التوصيل والدفع</h2><p>نوصل بيبي بالون حبل إلى باب محلك أو نرتبه على الرف في كل مناطق إسطنبول، والدفع نقداً عند الاستلام. للطلبات خارج إسطنبول أو خارج تركيا يكون الدفع بتحويل بنكي. تظهر الأسعار بعد فتح حساب جملة وتأكيده عبر واتساب.</p><p>يبحث عنه التجار أيضاً باسم «Baby Balon İpli (100 adet)»، و«بالون جملة اسطنبول».</p>",,240,ألعاب,1,,,بالون,"Baby Balon İpli (100 adet)",mixed,"100 قطعة",100,كيس
simple,BK-817B5C,"بيبيتو سور ستيك كولا 30 غرام",1,0,visible,"<p>سكاكر من بيبيتو (Bebeto) بطعم الكولا، وزن القطعة 30 غرام، يحبها الأطفال وتُباع بالقطعة بسعر صغير. التعبئة: 24 × 30 غ.</p>","<p><strong>بيبيتو سور ستيك كولا 30 غرام</strong> (<span lang=""tr"">Bebeto Sour Stick Kola 30 g</span>): سكاكر من بيبيتو (Bebeto) بطعم الكولا، وزن القطعة 30 غرام، يحبها الأطفال وتُباع بالقطعة بسعر صغير. من منتجات بيبيتو (Bebeto)، متوفر عندنا بالجملة لمحلات البقالة والماركت في إسطنبول.</p><h2>تفاصيل البيع بالجملة</h2><ul><li>وحدة البيع: علبة فيها 24 قطعة</li><li>التعبئة: 24 × 30 غ</li><li>القسم: السكاكر والجيلي</li><li>العلامة: بيبيتو · Bebeto</li></ul><h2>لماذا يطلبه أصحاب المحلات؟</h2><ul><li>يشتريها الأطفال بالقطعة كل يوم.</li><li>سعر صغير ودوران سريع.</li><li>تجذب الصغار إلى رف الكاشير.</li></ul><h2>التوصيل والدفع</h2><p>نوصل بيبيتو سور ستيك كولا 30 غرام إلى باب محلك أو نرتبه على الرف في كل مناطق إسطنبول، والدفع نقداً عند الاستلام. للطلبات خارج إسطنبول أو خارج تركيا يكون الدفع بتحويل بنكي. تظهر الأسعار بعد فتح حساب جملة وتأكيده عبر واتساب.</p><p>يبحث عنه التجار أيضاً باسم «Bebeto Sour Stick Kola 30 g»، و«بيبيتو سور ستيك جملة»، و«سور ستيك جملة اسطنبول».</p>",,125,سكاكر,1,بيبيتو,bebeto,"سور ستيك","Bebeto Sour Stick Kola 30 g",cola,"24 × 30 غ",24,علبة
simple,BK-697FCA,"بيرميت بسكويت 20 غرام",1,0,visible,"<p>بسكويت بطعمه الكلاسيكي، وزن القطعة 20 غرام، صنف ثابت الطلب على رف البسكويت. التعبئة: 24 × 20 غ.</p>","<p><strong>بيرميت بسكويت 20 غرام</strong> (<span lang=""tr"">Permit Bisküvi 20 g</span>): بسكويت بطعمه الكلاسيكي، وزن القطعة 20 غرام، صنف ثابت الطلب على رف البسكويت. متوفر بالجملة لمحلات البقالة والماركت في إسطنبول.</p><h2>تفاصيل البيع بالجملة</h2><ul><li>وحدة البيع: علبة فيها 24 قطعة</li><li>التعبئة: 24 × 20 غ</li><li>القسم: البسكويت والكوكيز</li></ul><h2>لماذا يطلبه أصحاب المحلات؟</h2><ul><li>من أكثر الأصناف دوراناً في البقالات طوال العام.</li><li>مناسب للضيافة ووقت الشاي والمدارس.</li><li>هامش ربح جيد عند البيع بالقطعة.</li></ul><h2>التوصيل والدفع</h2><p>نوصل بيرميت بسكويت 20 غرام إلى باب محلك أو نرتبه على الرف في كل مناطق إسطنبول، والدفع نقداً عند الاستلام. للطلبات خارج إسطنبول أو خارج تركيا يكون الدفع بتحويل بنكي. تظهر الأسعار بعد فتح حساب جملة وتأكيده عبر واتساب.</p><p>يبحث عنه التجار أيضاً باسم «Permit Bisküvi 20 g»، و«بيرميت جملة اسطنبول».</p>",,185,بسكويت,1,,,بيرميت,"Permit Bisküvi 20 g",plain,"24 × 20 غ",24,علبة
simple,BK-0F9835,"بيسكوميل 22 غرام",1,0,visible,"<p>بسكويت مقرمش بطعمه الكلاسيكي، وزن القطعة 22 غرام، يناسب الضيافة والشاي ووجبات المدرسة. التعبئة: 24 × 22 غ.</p>","<p><strong>بيسكوميل 22 غرام</strong> (<span lang=""tr"">Biscomil Bisküvi 22 g</span>): بسكويت مقرمش بطعمه الكلاسيكي، وزن القطعة 22 غرام، يناسب الضيافة والشاي ووجبات المدرسة. متوفر بالجملة لمحلات البقالة والماركت في إسطنبول.</p><h2>تفاصيل البيع بالجملة</h2><ul><li>وحدة البيع: علبة فيها 24 قطعة</li><li>التعبئة: 24 × 22 غ</li><li>القسم: البسكويت والكوكيز</li></ul><h2>لماذا يطلبه أصحاب المحلات؟</h2><ul><li>من أكثر الأصناف دوراناً في البقالات طوال العام.</li><li>مناسب للضيافة ووقت الشاي والمدارس.</li><li>هامش ربح جيد عند البيع بالقطعة.</li></ul><h2>التوصيل والدفع</h2><p>نوصل بيسكوميل 22 غرام إلى باب محلك أو نرتبه على الرف في كل مناطق إسطنبول، والدفع نقداً عند الاستلام. للطلبات خارج إسطنبول أو خارج تركيا يكون الدفع بتحويل بنكي. تظهر الأسعار بعد فتح حساب جملة وتأكيده عبر واتساب.</p><p>يبحث عنه التجار أيضاً باسم «Biscomil Bisküvi 22 g»، و«بيسكوميل جملة اسطنبول».</p>",,85,بسكويت,1,,,بيسكوميل,"Biscomil Bisküvi 22 g",plain,"24 × 22 غ",24,علبة
simple,BK-87D92E,"بيض شوكولا حيوانات 25 غرام",1,0,visible,"<p>منتج أطفال بمفاجأة، وزن القطعة 25 غرام، يجذب الصغار على رف الكاشير. التعبئة: 24 × 25 غ.</p>","<p><strong>بيض شوكولا حيوانات 25 غرام</strong> (<span lang=""tr"">Hayvanlı Sürpriz Çikolata Yumurta 25 g</span>): منتج أطفال بمفاجأة، وزن القطعة 25 غرام، يجذب الصغار على رف الكاشير. متوفر بالجملة لمحلات البقالة والماركت في إسطنبول.</p><h2>تفاصيل البيع بالجملة</h2><ul><li>وحدة البيع: علبة فيها 24 قطعة</li><li>التعبئة: 24 × 25 غ</li><li>القسم: الألعاب والمفاجآت</li></ul><h2>لماذا يطلبه أصحاب المحلات؟</h2><ul><li>مفاجأة يحبها الأطفال.</li><li>ربح جيد للقطعة الواحدة.</li><li>تُعرض قرب الكاشير وتجذب العائلات.</li></ul><h2>التوصيل والدفع</h2><p>نوصل بيض شوكولا حيوانات 25 غرام إلى باب محلك أو نرتبه على الرف في كل مناطق إسطنبول، والدفع نقداً عند الاستلام. للطلبات خارج إسطنبول أو خارج تركيا يكون الدفع بتحويل بنكي. تظهر الأسعار بعد فتح حساب جملة وتأكيده عبر واتساب.</p><p>يبحث عنه التجار أيضاً باسم «Hayvanlı Sürpriz Çikolata Yumurta 25 g»، و«بيض شوكولا جملة اسطنبول».</p>",,190,ألعاب,1,,,"بيض شوكولا","Hayvanlı Sürpriz Çikolata Yumurta 25 g",chocolate,"24 × 25 غ",24,علبة
simple,BK-A9DBD4,"بيض فواكه مارشميللو",1,0,visible,"<p>حلوى أطفال بنكهة المارشميللو، مناسبة لرف الكاشير والأكشاك. التعبئة: 64 قطعة.</p>","<p><strong>بيض فواكه مارشميللو</strong> (<span lang=""tr"">Meyve Yumurta Marshmallow</span>): حلوى أطفال بنكهة المارشميللو، مناسبة لرف الكاشير والأكشاك. متوفر بالجملة لمحلات البقالة والماركت في إسطنبول.</p><h2>تفاصيل البيع بالجملة</h2><ul><li>وحدة البيع: علبة فيها 64 قطعة</li><li>التعبئة: 64 قطعة</li><li>القسم: السكاكر والجيلي</li></ul><h2>لماذا يطلبه أصحاب المحلات؟</h2><ul><li>يشتريها الأطفال بالقطعة كل يوم.</li><li>سعر صغير ودوران سريع.</li><li>تجذب الصغار إلى رف الكاشير.</li></ul><h2>التوصيل والدفع</h2><p>نوصل بيض فواكه مارشميللو إلى باب محلك أو نرتبه على الرف في كل مناطق إسطنبول، والدفع نقداً عند الاستلام. للطلبات خارج إسطنبول أو خارج تركيا يكون الدفع بتحويل بنكي. تظهر الأسعار بعد فتح حساب جملة وتأكيده عبر واتساب.</p><p>يبحث عنه التجار أيضاً باسم «Meyve Yumurta Marshmallow»، و«مارشميلو جملة اسطنبول».</p>",,280,سكاكر,1,,,مارشميلو,"Meyve Yumurta Marshmallow",marshmallow,"64 قطعة",64,علبة
simple,BK-FF4F41,"بيضة ديناصور 25 غرام",1,0,visible,"<p>لعبة أطفال بمفاجأة، وزن القطعة 25 غرام، تُباع بالقطعة بربح جيد. التعبئة: 24 × 25 غ.</p>","<p><strong>بيضة ديناصور 25 غرام</strong> (<span lang=""tr"">Dinozor Sürpriz Yumurta 25 g</span>): لعبة أطفال بمفاجأة، وزن القطعة 25 غرام، تُباع بالقطعة بربح جيد. متوفر بالجملة لمحلات البقالة والماركت في إسطنبول.</p><h2>تفاصيل البيع بالجملة</h2><ul><li>وحدة البيع: علبة فيها 24 قطعة</li><li>التعبئة: 24 × 25 غ</li><li>القسم: الألعاب والمفاجآت</li></ul><h2>لماذا يطلبه أصحاب المحلات؟</h2><ul><li>مفاجأة يحبها الأطفال.</li><li>ربح جيد للقطعة الواحدة.</li><li>تُعرض قرب الكاشير وتجذب العائلات.</li></ul><h2>التوصيل والدفع</h2><p>نوصل بيضة ديناصور 25 غرام إلى باب محلك أو نرتبه على الرف في كل مناطق إسطنبول، والدفع نقداً عند الاستلام. للطلبات خارج إسطنبول أو خارج تركيا يكون الدفع بتحويل بنكي. تظهر الأسعار بعد فتح حساب جملة وتأكيده عبر واتساب.</p><p>يبحث عنه التجار أيضاً باسم «Dinozor Sürpriz Yumurta 25 g»، و«بيضة ديناصور جملة اسطنبول».</p>",,190,ألعاب,1,,,"بيضة ديناصور","Dinozor Sürpriz Yumurta 25 g",chocolate,"24 × 25 غ",24,علبة
simple,BK-F5458D,"بيضة لعبة جي جي 20 غرام",1,0,visible,"<p>لعبة أطفال بمفاجأة، وزن القطعة 20 غرام، تُباع بالقطعة بربح جيد. التعبئة: 24 × 20 غ.</p>","<p><strong>بيضة لعبة جي جي 20 غرام</strong> (<span lang=""tr"">GiGi Oyuncaklı Yumurta 20 g</span>): لعبة أطفال بمفاجأة، وزن القطعة 20 غرام، تُباع بالقطعة بربح جيد. متوفر بالجملة لمحلات البقالة والماركت في إسطنبول.</p><h2>تفاصيل البيع بالجملة</h2><ul><li>وحدة البيع: علبة فيها 24 قطعة</li><li>التعبئة: 24 × 20 غ</li><li>القسم: الألعاب والمفاجآت</li></ul><h2>لماذا يطلبه أصحاب المحلات؟</h2><ul><li>مفاجأة يحبها الأطفال.</li><li>ربح جيد للقطعة الواحدة.</li><li>تُعرض قرب الكاشير وتجذب العائلات.</li></ul><h2>التوصيل والدفع</h2><p>نوصل بيضة لعبة جي جي 20 غرام إلى باب محلك أو نرتبه على الرف في كل مناطق إسطنبول، والدفع نقداً عند الاستلام. للطلبات خارج إسطنبول أو خارج تركيا يكون الدفع بتحويل بنكي. تظهر الأسعار بعد فتح حساب جملة وتأكيده عبر واتساب.</p><p>يبحث عنه التجار أيضاً باسم «GiGi Oyuncaklı Yumurta 20 g»، و«بيضة جي جي جملة اسطنبول».</p>",,200,ألعاب,1,,,"بيضة جي جي","GiGi Oyuncaklı Yumurta 20 g",chocolate,"24 × 20 غ",24,علبة
simple,BK-EC2CF3,"بيضة لولي ازرق",1,0,visible,"<p>منتج أطفال بمفاجأة، يجذب الصغار على رف الكاشير. التعبئة: 24 قطعة.</p>","<p><strong>بيضة لولي ازرق</strong> (<span lang=""tr"">Lolly Sürpriz Yumurta Mavi</span>): منتج أطفال بمفاجأة، يجذب الصغار على رف الكاشير. متوفر بالجملة لمحلات البقالة والماركت في إسطنبول.</p><h2>تفاصيل البيع بالجملة</h2><ul><li>وحدة البيع: علبة فيها 24 قطعة</li><li>التعبئة: 24 قطعة</li><li>القسم: الألعاب والمفاجآت</li></ul><h2>لماذا يطلبه أصحاب المحلات؟</h2><ul><li>مفاجأة يحبها الأطفال.</li><li>ربح جيد للقطعة الواحدة.</li><li>تُعرض قرب الكاشير وتجذب العائلات.</li></ul><h2>التوصيل والدفع</h2><p>نوصل بيضة لولي ازرق إلى باب محلك أو نرتبه على الرف في كل مناطق إسطنبول، والدفع نقداً عند الاستلام. للطلبات خارج إسطنبول أو خارج تركيا يكون الدفع بتحويل بنكي. تظهر الأسعار بعد فتح حساب جملة وتأكيده عبر واتساب.</p><p>يبحث عنه التجار أيضاً باسم «Lolly Sürpriz Yumurta Mavi»، و«بيضة لولي جملة اسطنبول».</p>",,220,ألعاب,1,,,"بيضة لولي","Lolly Sürpriz Yumurta Mavi",mixed,"24 قطعة",24,علبة
simple,BK-82A69E,"بيضة لولي زهري بلاستيك 10 غرام",1,0,visible,"<p>منتج أطفال بمفاجأة، وزن القطعة 10 غرام، يجذب الصغار على رف الكاشير. التعبئة: 24 × 10 غ.</p>","<p><strong>بيضة لولي زهري بلاستيك 10 غرام</strong> (<span lang=""tr"">Lolly Sürpriz Yumurta Pembe Plastik 10 g</span>): منتج أطفال بمفاجأة، وزن القطعة 10 غرام، يجذب الصغار على رف الكاشير. متوفر بالجملة لمحلات البقالة والماركت في إسطنبول.</p><h2>تفاصيل البيع بالجملة</h2><ul><li>وحدة البيع: علبة فيها 24 قطعة</li><li>التعبئة: 24 × 10 غ</li><li>القسم: الألعاب والمفاجآت</li></ul><h2>لماذا يطلبه أصحاب المحلات؟</h2><ul><li>مفاجأة يحبها الأطفال.</li><li>ربح جيد للقطعة الواحدة.</li><li>تُعرض قرب الكاشير وتجذب العائلات.</li></ul><h2>التوصيل والدفع</h2><p>نوصل بيضة لولي زهري بلاستيك 10 غرام إلى باب محلك أو نرتبه على الرف في كل مناطق إسطنبول، والدفع نقداً عند الاستلام. للطلبات خارج إسطنبول أو خارج تركيا يكون الدفع بتحويل بنكي. تظهر الأسعار بعد فتح حساب جملة وتأكيده عبر واتساب.</p><p>يبحث عنه التجار أيضاً باسم «Lolly Sürpriz Yumurta Pembe Plastik 10 g»، و«بيضة لولي جملة اسطنبول».</p>",,215,ألعاب,1,,,"بيضة لولي","Lolly Sürpriz Yumurta Pembe Plastik 10 g",mixed,"24 × 10 غ",24,علبة
simple,BK-AD6D5D,"بيضة ماجيك جوي ازرق بلاستيك 10 غرام",1,0,visible,"<p>منتج أطفال بمفاجأة، وزن القطعة 10 غرام، يجذب الصغار على رف الكاشير. التعبئة: 24 × 10 غ.</p>","<p><strong>بيضة ماجيك جوي ازرق بلاستيك 10 غرام</strong> (<span lang=""tr"">Magic Joy Sürpriz Yumurta Mavi Plastik 10 g</span>): منتج أطفال بمفاجأة، وزن القطعة 10 غرام، يجذب الصغار على رف الكاشير. متوفر بالجملة لمحلات البقالة والماركت في إسطنبول.</p><h2>تفاصيل البيع بالجملة</h2><ul><li>وحدة البيع: علبة فيها 24 قطعة</li><li>التعبئة: 24 × 10 غ</li><li>القسم: الألعاب والمفاجآت</li></ul><h2>لماذا يطلبه أصحاب المحلات؟</h2><ul><li>مفاجأة يحبها الأطفال.</li><li>ربح جيد للقطعة الواحدة.</li><li>تُعرض قرب الكاشير وتجذب العائلات.</li></ul><h2>التوصيل والدفع</h2><p>نوصل بيضة ماجيك جوي ازرق بلاستيك 10 غرام إلى باب محلك أو نرتبه على الرف في كل مناطق إسطنبول، والدفع نقداً عند الاستلام. للطلبات خارج إسطنبول أو خارج تركيا يكون الدفع بتحويل بنكي. تظهر الأسعار بعد فتح حساب جملة وتأكيده عبر واتساب.</p><p>يبحث عنه التجار أيضاً باسم «Magic Joy Sürpriz Yumurta Mavi Plastik 10 g»، و«ماجيك جوي جملة اسطنبول».</p>",,215,ألعاب,1,,,"ماجيك جوي","Magic Joy Sürpriz Yumurta Mavi Plastik 10 g",mixed,"24 × 10 غ",24,علبة
simple,BK-B117C0,"بيضة ماجيك جوي ازرق فاتح بلاستيك 10 غرام",1,0,visible,"<p>لعبة أطفال بمفاجأة، وزن القطعة 10 غرام، تُباع بالقطعة بربح جيد. التعبئة: 24 × 10 غ.</p>","<p><strong>بيضة ماجيك جوي ازرق فاتح بلاستيك 10 غرام</strong> (<span lang=""tr"">Magic Joy Sürpriz Yumurta Açık Mavi Plastik 10 g</span>): لعبة أطفال بمفاجأة، وزن القطعة 10 غرام، تُباع بالقطعة بربح جيد. متوفر بالجملة لمحلات البقالة والماركت في إسطنبول.</p><h2>تفاصيل البيع بالجملة</h2><ul><li>وحدة البيع: علبة فيها 24 قطعة</li><li>التعبئة: 24 × 10 غ</li><li>القسم: الألعاب والمفاجآت</li></ul><h2>لماذا يطلبه أصحاب المحلات؟</h2><ul><li>مفاجأة يحبها الأطفال.</li><li>ربح جيد للقطعة الواحدة.</li><li>تُعرض قرب الكاشير وتجذب العائلات.</li></ul><h2>التوصيل والدفع</h2><p>نوصل بيضة ماجيك جوي ازرق فاتح بلاستيك 10 غرام إلى باب محلك أو نرتبه على الرف في كل مناطق إسطنبول، والدفع نقداً عند الاستلام. للطلبات خارج إسطنبول أو خارج تركيا يكون الدفع بتحويل بنكي. تظهر الأسعار بعد فتح حساب جملة وتأكيده عبر واتساب.</p><p>يبحث عنه التجار أيضاً باسم «Magic Joy Sürpriz Yumurta Açık Mavi Plastik 10 g»، و«ماجيك جوي جملة اسطنبول».</p>",,215,ألعاب,1,,,"ماجيك جوي","Magic Joy Sürpriz Yumurta Açık Mavi Plastik 10 g",mixed,"24 × 10 غ",24,علبة
simple,BK-BE779E,"بيضة ماجيك جوي زهري بلاستيك 10 غرام",1,0,visible,"<p>منتج أطفال بمفاجأة، وزن القطعة 10 غرام، يجذب الصغار على رف الكاشير. التعبئة: 24 × 10 غ.</p>","<p><strong>بيضة ماجيك جوي زهري بلاستيك 10 غرام</strong> (<span lang=""tr"">Magic Joy Sürpriz Yumurta Pembe Plastik 10 g</span>): منتج أطفال بمفاجأة، وزن القطعة 10 غرام، يجذب الصغار على رف الكاشير. متوفر بالجملة لمحلات البقالة والماركت في إسطنبول.</p><h2>تفاصيل البيع بالجملة</h2><ul><li>وحدة البيع: علبة فيها 24 قطعة</li><li>التعبئة: 24 × 10 غ</li><li>القسم: الألعاب والمفاجآت</li></ul><h2>لماذا يطلبه أصحاب المحلات؟</h2><ul><li>مفاجأة يحبها الأطفال.</li><li>ربح جيد للقطعة الواحدة.</li><li>تُعرض قرب الكاشير وتجذب العائلات.</li></ul><h2>التوصيل والدفع</h2><p>نوصل بيضة ماجيك جوي زهري بلاستيك 10 غرام إلى باب محلك أو نرتبه على الرف في كل مناطق إسطنبول، والدفع نقداً عند الاستلام. للطلبات خارج إسطنبول أو خارج تركيا يكون الدفع بتحويل بنكي. تظهر الأسعار بعد فتح حساب جملة وتأكيده عبر واتساب.</p><p>يبحث عنه التجار أيضاً باسم «Magic Joy Sürpriz Yumurta Pembe Plastik 10 g»، و«ماجيك جوي جملة اسطنبول».</p>",,215,ألعاب,1,,,"ماجيك جوي","Magic Joy Sürpriz Yumurta Pembe Plastik 10 g",mixed,"24 × 10 غ",24,علبة
simple,BK-48EE1A,"بيضة يايو شوكولا 30 غرام",1,0,visible,"<p>لعبة أطفال بمفاجأة، وزن القطعة 30 غرام، تُباع بالقطعة بربح جيد. التعبئة: 24 × 30 غ.</p>","<p><strong>بيضة يايو شوكولا 30 غرام</strong> (<span lang=""tr"">Yayo Çikolata Yumurta 30 g</span>): لعبة أطفال بمفاجأة، وزن القطعة 30 غرام، تُباع بالقطعة بربح جيد. متوفر بالجملة لمحلات البقالة والماركت في إسطنبول.</p><h2>تفاصيل البيع بالجملة</h2><ul><li>وحدة البيع: علبة فيها 24 قطعة</li><li>التعبئة: 24 × 30 غ</li><li>القسم: الألعاب والمفاجآت</li></ul><h2>لماذا يطلبه أصحاب المحلات؟</h2><ul><li>مفاجأة يحبها الأطفال.</li><li>ربح جيد للقطعة الواحدة.</li><li>تُعرض قرب الكاشير وتجذب العائلات.</li></ul><h2>التوصيل والدفع</h2><p>نوصل بيضة يايو شوكولا 30 غرام إلى باب محلك أو نرتبه على الرف في كل مناطق إسطنبول، والدفع نقداً عند الاستلام. للطلبات خارج إسطنبول أو خارج تركيا يكون الدفع بتحويل بنكي. تظهر الأسعار بعد فتح حساب جملة وتأكيده عبر واتساب.</p><p>يبحث عنه التجار أيضاً باسم «Yayo Çikolata Yumurta 30 g»، و«بيضة يايو جملة اسطنبول».</p>",,190,ألعاب,1,,,"بيضة يايو","Yayo Çikolata Yumurta 30 g",chocolate,"24 × 30 غ",24,علبة
simple,BK-4A305E,"بيضة يونيكورن 25 غرام",1,0,visible,"<p>لعبة أطفال بمفاجأة، وزن القطعة 25 غرام، تُباع بالقطعة بربح جيد. التعبئة: 24 × 25 غ.</p>","<p><strong>بيضة يونيكورن 25 غرام</strong> (<span lang=""tr"">Unicorn Sürpriz Yumurta 25 g</span>): لعبة أطفال بمفاجأة، وزن القطعة 25 غرام، تُباع بالقطعة بربح جيد. متوفر بالجملة لمحلات البقالة والماركت في إسطنبول.</p><h2>تفاصيل البيع بالجملة</h2><ul><li>وحدة البيع: علبة فيها 24 قطعة</li><li>التعبئة: 24 × 25 غ</li><li>القسم: الألعاب والمفاجآت</li></ul><h2>لماذا يطلبه أصحاب المحلات؟</h2><ul><li>مفاجأة يحبها الأطفال.</li><li>ربح جيد للقطعة الواحدة.</li><li>تُعرض قرب الكاشير وتجذب العائلات.</li></ul><h2>التوصيل والدفع</h2><p>نوصل بيضة يونيكورن 25 غرام إلى باب محلك أو نرتبه على الرف في كل مناطق إسطنبول، والدفع نقداً عند الاستلام. للطلبات خارج إسطنبول أو خارج تركيا يكون الدفع بتحويل بنكي. تظهر الأسعار بعد فتح حساب جملة وتأكيده عبر واتساب.</p><p>يبحث عنه التجار أيضاً باسم «Unicorn Sürpriz Yumurta 25 g»، و«بيضة يونيكورن جملة اسطنبول».</p>",,190,ألعاب,1,,,"بيضة يونيكورن","Unicorn Sürpriz Yumurta 25 g",chocolate,"24 × 25 غ",24,علبة
simple,BK-FA8797,"بيفا ايفسانا 18 غرام",1,0,visible,"<p>بسكويت مقرمش من بيفا (Bifa) بطعمه الكلاسيكي، وزن القطعة 18 غرام، يناسب الضيافة والشاي ووجبات المدرسة. التعبئة: 24 × 18 غ.</p>","<p><strong>بيفا ايفسانا 18 غرام</strong> (<span lang=""tr"">Bifa Efsane Bisküvi 18 g</span>): بسكويت مقرمش من بيفا (Bifa) بطعمه الكلاسيكي، وزن القطعة 18 غرام، يناسب الضيافة والشاي ووجبات المدرسة. من منتجات بيفا (Bifa)، متوفر عندنا بالجملة لمحلات البقالة والماركت في إسطنبول.</p><h2>تفاصيل البيع بالجملة</h2><ul><li>وحدة البيع: علبة فيها 24 قطعة</li><li>التعبئة: 24 × 18 غ</li><li>القسم: البسكويت والكوكيز</li><li>العلامة: بيفا · Bifa</li></ul><h2>لماذا يطلبه أصحاب المحلات؟</h2><ul><li>من أكثر الأصناف دوراناً في البقالات طوال العام.</li><li>مناسب للضيافة ووقت الشاي والمدارس.</li><li>هامش ربح جيد عند البيع بالقطعة.</li></ul><h2>التوصيل والدفع</h2><p>نوصل بيفا ايفسانا 18 غرام إلى باب محلك أو نرتبه على الرف في كل مناطق إسطنبول، والدفع نقداً عند الاستلام. للطلبات خارج إسطنبول أو خارج تركيا يكون الدفع بتحويل بنكي. تظهر الأسعار بعد فتح حساب جملة وتأكيده عبر واتساب.</p><p>يبحث عنه التجار أيضاً باسم «Bifa Efsane Bisküvi 18 g»، و«بيفا إفسانة جملة»، و«إفسانة جملة اسطنبول».</p>",,115,بسكويت,1,بيفا,bifa,إفسانة,"Bifa Efsane Bisküvi 18 g",plain,"24 × 18 غ",24,علبة
simple,BK-CFC2B9,"بيفا شيكو باي 25 غرام",1,0,visible,"<p>قطعة كيك طرية من بيفا (Bifa) بطعم الشوكولاتة، وزن القطعة 25 غرام، مناسبة لرف الكيك قرب الكاشير. التعبئة: 24 × 25 غ.</p>","<p><strong>بيفا شيكو باي 25 غرام</strong> (<span lang=""tr"">Bifa Çikopay 25 g</span>): قطعة كيك طرية من بيفا (Bifa) بطعم الشوكولاتة، وزن القطعة 25 غرام، مناسبة لرف الكيك قرب الكاشير. من منتجات بيفا (Bifa)، متوفر عندنا بالجملة لمحلات البقالة والماركت في إسطنبول.</p><h2>تفاصيل البيع بالجملة</h2><ul><li>وحدة البيع: علبة فيها 24 قطعة</li><li>التعبئة: 24 × 25 غ</li><li>القسم: الكيك والرول</li><li>العلامة: بيفا · Bifa</li></ul><h2>لماذا يطلبه أصحاب المحلات؟</h2><ul><li>وجبة خفيفة مشبعة يطلبها الطلاب والعمال يومياً.</li><li>مغلّف فردياً ومناسب للبيع بالقطعة بجانب المشروبات.</li><li>يُعرض على الرف دون تبريد.</li></ul><h2>التوصيل والدفع</h2><p>نوصل بيفا شيكو باي 25 غرام إلى باب محلك أو نرتبه على الرف في كل مناطق إسطنبول، والدفع نقداً عند الاستلام. للطلبات خارج إسطنبول أو خارج تركيا يكون الدفع بتحويل بنكي. تظهر الأسعار بعد فتح حساب جملة وتأكيده عبر واتساب.</p><p>يبحث عنه التجار أيضاً باسم «Bifa Çikopay 25 g»، و«بيفا شيكو باي جملة»، و«شيكو باي جملة اسطنبول».</p>",,190,كيك,1,بيفا,bifa,"شيكو باي","Bifa Çikopay 25 g",chocolate,"24 × 25 غ",24,علبة
simple,BK-E27A9E,"بيفا كيكس دبي 45 غرام",1,0,visible,"<p>كيك من بيفا (Bifa) بنكهة الفستق والكنافة، وزن القطعة 45 غرام، من الأصناف التي يطلبها الأطفال والطلاب كل يوم. التعبئة: 24 × 45 غ.</p>","<p><strong>بيفا كيكس دبي 45 غرام</strong> (<span lang=""tr"">Bifa Keks Dubai 45 g</span>): كيك من بيفا (Bifa) بنكهة الفستق والكنافة، وزن القطعة 45 غرام، من الأصناف التي يطلبها الأطفال والطلاب كل يوم. من منتجات بيفا (Bifa)، متوفر عندنا بالجملة لمحلات البقالة والماركت في إسطنبول.</p><h2>تفاصيل البيع بالجملة</h2><ul><li>وحدة البيع: علبة فيها 24 قطعة</li><li>التعبئة: 24 × 45 غ</li><li>القسم: الكيك والرول</li><li>العلامة: بيفا · Bifa</li></ul><h2>لماذا يطلبه أصحاب المحلات؟</h2><ul><li>وجبة خفيفة مشبعة يطلبها الطلاب والعمال يومياً.</li><li>مغلّف فردياً ومناسب للبيع بالقطعة بجانب المشروبات.</li><li>يُعرض على الرف دون تبريد.</li></ul><h2>التوصيل والدفع</h2><p>نوصل بيفا كيكس دبي 45 غرام إلى باب محلك أو نرتبه على الرف في كل مناطق إسطنبول، والدفع نقداً عند الاستلام. للطلبات خارج إسطنبول أو خارج تركيا يكون الدفع بتحويل بنكي. تظهر الأسعار بعد فتح حساب جملة وتأكيده عبر واتساب.</p><p>يبحث عنه التجار أيضاً باسم «Bifa Keks Dubai 45 g»، و«بيفا كيكس دبي جملة»، و«كيكس دبي جملة اسطنبول».</p>",,210,كيك,1,بيفا,bifa,"كيكس دبي","Bifa Keks Dubai 45 g",kunafa,"24 × 45 غ",24,علبة
simple,BK-1590BC,"بيفا نيكس 41 غرام",1,0,visible,"<p>ويفر وشوكولاتة من بيفا (Bifa) بنكهة الشوكولاتة، وزن القطعة 41 غرام، هامش جيد ودوران سريع. التعبئة: 24 × 41 غ.</p>","<p><strong>بيفا نيكس 41 غرام</strong> (<span lang=""tr"">Bifa Nix 41 g</span>): ويفر وشوكولاتة من بيفا (Bifa) بنكهة الشوكولاتة، وزن القطعة 41 غرام، هامش جيد ودوران سريع. من منتجات بيفا (Bifa)، متوفر عندنا بالجملة لمحلات البقالة والماركت في إسطنبول.</p><h2>تفاصيل البيع بالجملة</h2><ul><li>وحدة البيع: علبة فيها 24 قطعة</li><li>التعبئة: 24 × 41 غ</li><li>القسم: الشوكولاتة والويفر</li><li>العلامة: بيفا · Bifa</li></ul><h2>لماذا يطلبه أصحاب المحلات؟</h2><ul><li>صنف شراء سريع قرب الكاشير.</li><li>سعر القطعة صغير فيشجع الشراء المتكرر.</li><li>مطلوب لدى الأطفال والشباب.</li></ul><h2>التوصيل والدفع</h2><p>نوصل بيفا نيكس 41 غرام إلى باب محلك أو نرتبه على الرف في كل مناطق إسطنبول، والدفع نقداً عند الاستلام. للطلبات خارج إسطنبول أو خارج تركيا يكون الدفع بتحويل بنكي. تظهر الأسعار بعد فتح حساب جملة وتأكيده عبر واتساب.</p><p>يبحث عنه التجار أيضاً باسم «Bifa Nix 41 g»، و«بيفا نيكس جملة»، و«نيكس جملة اسطنبول».</p>",,220,شوكولاتة,1,بيفا,bifa,نيكس,"Bifa Nix 41 g",chocolate,"24 × 41 غ",24,علبة
simple,BK-601BAE,"تاديلا غوفريت سادو 21 غرام",1,0,visible,"<p>شوكولاتة وويفر من تاديلا (Tadelle) بطعم البندق، وزن القطعة 21 غرام، صنف شراء سريع قرب الكاشير. التعبئة: 28 × 21 غ.</p>","<p><strong>تاديلا غوفريت سادو 21 غرام</strong> (<span lang=""tr"">Tadelle Sade Gofret 21 g</span>): شوكولاتة وويفر من تاديلا (Tadelle) بطعم البندق، وزن القطعة 21 غرام، صنف شراء سريع قرب الكاشير. من منتجات تاديلا (Tadelle)، متوفر عندنا بالجملة لمحلات البقالة والماركت في إسطنبول.</p><h2>تفاصيل البيع بالجملة</h2><ul><li>وحدة البيع: علبة فيها 28 قطعة</li><li>التعبئة: 28 × 21 غ</li><li>القسم: الشوكولاتة والويفر</li><li>العلامة: تاديلا · Tadelle</li></ul><h2>لماذا يطلبه أصحاب المحلات؟</h2><ul><li>صنف شراء سريع قرب الكاشير.</li><li>سعر القطعة صغير فيشجع الشراء المتكرر.</li><li>مطلوب لدى الأطفال والشباب.</li></ul><h2>التوصيل والدفع</h2><p>نوصل تاديلا غوفريت سادو 21 غرام إلى باب محلك أو نرتبه على الرف في كل مناطق إسطنبول، والدفع نقداً عند الاستلام. للطلبات خارج إسطنبول أو خارج تركيا يكون الدفع بتحويل بنكي. تظهر الأسعار بعد فتح حساب جملة وتأكيده عبر واتساب.</p><p>يبحث عنه التجار أيضاً باسم «Tadelle Sade Gofret 21 g»، و«تاديلا غوفريت جملة»، و«غوفريت جملة اسطنبول».</p>",,210,شوكولاتة,1,تاديلا,tadelle,غوفريت,"Tadelle Sade Gofret 21 g",hazelnut,"28 × 21 غ",28,علبة
simple,BK-44B100,"تاميرا اورينو بسكويت 50 غرام",1,0,visible,"<p>بسكويت مقرمش من تاميرا (Tamira) بنكهة الكاكاو، وزن القطعة 50 غرام، يناسب الضيافة والشاي ووجبات المدرسة. التعبئة: 24 × 50 غ.</p>","<p><strong>تاميرا اورينو بسكويت 50 غرام</strong> (<span lang=""tr"">Tamira Oreno Bisküvi 50 g</span>): بسكويت مقرمش من تاميرا (Tamira) بنكهة الكاكاو، وزن القطعة 50 غرام، يناسب الضيافة والشاي ووجبات المدرسة. من منتجات تاميرا (Tamira)، متوفر عندنا بالجملة لمحلات البقالة والماركت في إسطنبول.</p><h2>تفاصيل البيع بالجملة</h2><ul><li>وحدة البيع: علبة فيها 24 قطعة</li><li>التعبئة: 24 × 50 غ</li><li>القسم: البسكويت والكوكيز</li><li>العلامة: تاميرا · Tamira</li></ul><h2>لماذا يطلبه أصحاب المحلات؟</h2><ul><li>من أكثر الأصناف دوراناً في البقالات طوال العام.</li><li>مناسب للضيافة ووقت الشاي والمدارس.</li><li>هامش ربح جيد عند البيع بالقطعة.</li></ul><h2>التوصيل والدفع</h2><p>نوصل تاميرا اورينو بسكويت 50 غرام إلى باب محلك أو نرتبه على الرف في كل مناطق إسطنبول، والدفع نقداً عند الاستلام. للطلبات خارج إسطنبول أو خارج تركيا يكون الدفع بتحويل بنكي. تظهر الأسعار بعد فتح حساب جملة وتأكيده عبر واتساب.</p><p>يبحث عنه التجار أيضاً باسم «Tamira Oreno Bisküvi 50 g»، و«تاميرا أورينو جملة»، و«أورينو جملة اسطنبول».</p>",,155,بسكويت,1,تاميرا,tamira,أورينو,"Tamira Oreno Bisküvi 50 g",cocoa,"24 × 50 غ",24,علبة
simple,BK-856000,"تاميرا بسكويت التمر 30 غرام",1,0,visible,"<p>بسكويت من تاميرا (Tamira) بطعم التمر، وزن القطعة 30 غرام، صنف ثابت الطلب على رف البسكويت. التعبئة: 24 × 30 غ.</p>","<p><strong>تاميرا بسكويت التمر 30 غرام</strong> (<span lang=""tr"">Tamira Hurmalı Bisküvi 30 g</span>): بسكويت من تاميرا (Tamira) بطعم التمر، وزن القطعة 30 غرام، صنف ثابت الطلب على رف البسكويت. من منتجات تاميرا (Tamira)، متوفر عندنا بالجملة لمحلات البقالة والماركت في إسطنبول.</p><h2>تفاصيل البيع بالجملة</h2><ul><li>وحدة البيع: علبة فيها 24 قطعة</li><li>التعبئة: 24 × 30 غ</li><li>القسم: البسكويت والكوكيز</li><li>العلامة: تاميرا · Tamira</li></ul><h2>لماذا يطلبه أصحاب المحلات؟</h2><ul><li>من أكثر الأصناف دوراناً في البقالات طوال العام.</li><li>مناسب للضيافة ووقت الشاي والمدارس.</li><li>هامش ربح جيد عند البيع بالقطعة.</li></ul><h2>التوصيل والدفع</h2><p>نوصل تاميرا بسكويت التمر 30 غرام إلى باب محلك أو نرتبه على الرف في كل مناطق إسطنبول، والدفع نقداً عند الاستلام. للطلبات خارج إسطنبول أو خارج تركيا يكون الدفع بتحويل بنكي. تظهر الأسعار بعد فتح حساب جملة وتأكيده عبر واتساب.</p><p>يبحث عنه التجار أيضاً باسم «Tamira Hurmalı Bisküvi 30 g»، و«تاميرا بسكويت التمر جملة»، و«بسكويت التمر جملة اسطنبول».</p>",,100,بسكويت,1,تاميرا,tamira,"بسكويت التمر","Tamira Hurmalı Bisküvi 30 g",date,"24 × 30 غ",24,علبة
simple,BK-C36460,"تاميرا بسكويت التمر 54 غرام",1,0,visible,"<p>بسكويت مقرمش من تاميرا (Tamira) بنكهة التمر، وزن القطعة 54 غرام، يناسب الضيافة والشاي ووجبات المدرسة. التعبئة: 24 × 54 غ.</p>","<p><strong>تاميرا بسكويت التمر 54 غرام</strong> (<span lang=""tr"">Tamira Hurmalı Bisküvi 54 g</span>): بسكويت مقرمش من تاميرا (Tamira) بنكهة التمر، وزن القطعة 54 غرام، يناسب الضيافة والشاي ووجبات المدرسة. من منتجات تاميرا (Tamira)، متوفر عندنا بالجملة لمحلات البقالة والماركت في إسطنبول.</p><h2>تفاصيل البيع بالجملة</h2><ul><li>وحدة البيع: علبة فيها 24 قطعة</li><li>التعبئة: 24 × 54 غ</li><li>القسم: البسكويت والكوكيز</li><li>العلامة: تاميرا · Tamira</li></ul><h2>لماذا يطلبه أصحاب المحلات؟</h2><ul><li>من أكثر الأصناف دوراناً في البقالات طوال العام.</li><li>مناسب للضيافة ووقت الشاي والمدارس.</li><li>هامش ربح جيد عند البيع بالقطعة.</li></ul><h2>التوصيل والدفع</h2><p>نوصل تاميرا بسكويت التمر 54 غرام إلى باب محلك أو نرتبه على الرف في كل مناطق إسطنبول، والدفع نقداً عند الاستلام. للطلبات خارج إسطنبول أو خارج تركيا يكون الدفع بتحويل بنكي. تظهر الأسعار بعد فتح حساب جملة وتأكيده عبر واتساب.</p><p>يبحث عنه التجار أيضاً باسم «Tamira Hurmalı Bisküvi 54 g»، و«تاميرا بسكويت التمر جملة»، و«بسكويت التمر جملة اسطنبول».</p>",,250,بسكويت,1,تاميرا,tamira,"بسكويت التمر","Tamira Hurmalı Bisküvi 54 g",date,"24 × 54 غ",24,علبة
simple,BK-461FCC,"تايلوت 500 مل",1,0,visible,"<p>مشروب تايلوت بعبوة 500 مل، يكمل رف المشروبات في البقالة. التعبئة: 12 × 500 مل.</p>","<p><strong>تايلوت 500 مل</strong> (<span lang=""tr"">Taylot İçecek 500 ml</span>): مشروب تايلوت بعبوة 500 مل، يكمل رف المشروبات في البقالة. متوفر بالجملة لمحلات البقالة والماركت في إسطنبول.</p><h2>تفاصيل البيع بالجملة</h2><ul><li>وحدة البيع: علبة فيها 12 قطعة</li><li>التعبئة: 12 × 500 مل</li><li>القسم: العصائر والشاي</li></ul><h2>لماذا يطلبه أصحاب المحلات؟</h2><ul><li>تكمل رف المشروبات.</li><li>يطلبها الزبائن مع الكيك والبسكويت.</li><li>عبوات مناسبة للبيع بالقطعة.</li></ul><h2>التوصيل والدفع</h2><p>نوصل تايلوت 500 مل إلى باب محلك أو نرتبه على الرف في كل مناطق إسطنبول، والدفع نقداً عند الاستلام. للطلبات خارج إسطنبول أو خارج تركيا يكون الدفع بتحويل بنكي. تظهر الأسعار بعد فتح حساب جملة وتأكيده عبر واتساب.</p><p>يبحث عنه التجار أيضاً باسم «Taylot İçecek 500 ml»، و«تايلوت جملة اسطنبول».</p>",,440,مشروبات,1,,,تايلوت,"Taylot İçecek 500 ml",fruit,"12 × 500 مل",12,علبة
simple,BK-89BEBF,"الوان توداي كروسان جبنة 40 غرام",1,0,visible,"<p>كيك مغلّف فردياً من الوان (Elvan) بنكهة الجبنة، وزن القطعة 40 غرام، يباع بسرعة في البقالات والمقاصف. التعبئة: 20 × 40 غ.</p>","<p><strong>الوان توداي كروسان جبنة 40 غرام</strong> (<span lang=""tr"">Elvan Today Kruvasan Peynirli 40 g</span>): كيك مغلّف فردياً من الوان (Elvan) بنكهة الجبنة، وزن القطعة 40 غرام، يباع بسرعة في البقالات والمقاصف. من منتجات الوان (Elvan)، متوفر عندنا بالجملة لمحلات البقالة والماركت في إسطنبول.</p><h2>تفاصيل البيع بالجملة</h2><ul><li>وحدة البيع: علبة فيها 20 قطعة</li><li>التعبئة: 20 × 40 غ</li><li>القسم: الكيك والرول</li><li>العلامة: الوان · Elvan</li></ul><h2>لماذا يطلبه أصحاب المحلات؟</h2><ul><li>وجبة خفيفة مشبعة يطلبها الطلاب والعمال يومياً.</li><li>مغلّف فردياً ومناسب للبيع بالقطعة بجانب المشروبات.</li><li>يُعرض على الرف دون تبريد.</li></ul><h2>التوصيل والدفع</h2><p>نوصل الوان توداي كروسان جبنة 40 غرام إلى باب محلك أو نرتبه على الرف في كل مناطق إسطنبول، والدفع نقداً عند الاستلام. للطلبات خارج إسطنبول أو خارج تركيا يكون الدفع بتحويل بنكي. تظهر الأسعار بعد فتح حساب جملة وتأكيده عبر واتساب.</p><p>يبحث عنه التجار أيضاً باسم «Elvan Today Kruvasan Peynirli 40 g»، و«الوان توداي كروسان جملة»، و«توداي كروسان جملة اسطنبول».</p>",,165,كيك,1,الوان,elvan,"توداي كروسان","Elvan Today Kruvasan Peynirli 40 g",cheese,"20 × 40 غ",20,علبة
simple,BK-383A7A,"توي جوي جيلي ستيك فريز 25 غرام",1,0,visible,"<p>حلوى أطفال بنكهة الفراولة، وزن القطعة 25 غرام، مناسبة لرف الكاشير والأكشاك. التعبئة: 24 × 25 غ.</p>","<p><strong>توي جوي جيلي ستيك فريز 25 غرام</strong> (<span lang=""tr"">Toy Joy Jelly Stick Çilekli 25 g</span>): حلوى أطفال بنكهة الفراولة، وزن القطعة 25 غرام، مناسبة لرف الكاشير والأكشاك. متوفر بالجملة لمحلات البقالة والماركت في إسطنبول.</p><h2>تفاصيل البيع بالجملة</h2><ul><li>وحدة البيع: علبة فيها 24 قطعة</li><li>التعبئة: 24 × 25 غ</li><li>القسم: السكاكر والجيلي</li></ul><h2>لماذا يطلبه أصحاب المحلات؟</h2><ul><li>يشتريها الأطفال بالقطعة كل يوم.</li><li>سعر صغير ودوران سريع.</li><li>تجذب الصغار إلى رف الكاشير.</li></ul><h2>التوصيل والدفع</h2><p>نوصل توي جوي جيلي ستيك فريز 25 غرام إلى باب محلك أو نرتبه على الرف في كل مناطق إسطنبول، والدفع نقداً عند الاستلام. للطلبات خارج إسطنبول أو خارج تركيا يكون الدفع بتحويل بنكي. تظهر الأسعار بعد فتح حساب جملة وتأكيده عبر واتساب.</p><p>يبحث عنه التجار أيضاً باسم «Toy Joy Jelly Stick Çilekli 25 g»، و«جيلي ستيك جملة اسطنبول».</p>",,120,سكاكر,1,,,"جيلي ستيك","Toy Joy Jelly Stick Çilekli 25 g",strawberry,"24 × 25 غ",24,علبة
simple,BK-558E6C,"جانم برتقال 200 مل",1,0,visible,"<p>منتج من جانم (Canım) بنكهة البرتقال، وزن القطعة 200 مل، مطلوب في البقالات والمكاتب. التعبئة: 20 × 200 مل.</p>","<p><strong>جانم برتقال 200 مل</strong> (<span lang=""tr"">Canım Portakal Meyve Suyu 200 ml</span>): منتج من جانم (Canım) بنكهة البرتقال، وزن القطعة 200 مل، مطلوب في البقالات والمكاتب. من منتجات جانم (Canım)، متوفر عندنا بالجملة لمحلات البقالة والماركت في إسطنبول.</p><h2>تفاصيل البيع بالجملة</h2><ul><li>وحدة البيع: طرد فيها 20 قطعة</li><li>التعبئة: 20 × 200 مل</li><li>القسم: العصائر والشاي</li><li>العلامة: جانم · Canım</li></ul><h2>لماذا يطلبه أصحاب المحلات؟</h2><ul><li>تكمل رف المشروبات.</li><li>يطلبها الزبائن مع الكيك والبسكويت.</li><li>عبوات مناسبة للبيع بالقطعة.</li></ul><h2>التوصيل والدفع</h2><p>نوصل جانم برتقال 200 مل إلى باب محلك أو نرتبه على الرف في كل مناطق إسطنبول، والدفع نقداً عند الاستلام. للطلبات خارج إسطنبول أو خارج تركيا يكون الدفع بتحويل بنكي. تظهر الأسعار بعد فتح حساب جملة وتأكيده عبر واتساب.</p><p>يبحث عنه التجار أيضاً باسم «Canım Portakal Meyve Suyu 200 ml»، و«جانم عصير جانم جملة»، و«عصير جانم جملة اسطنبول».</p>",,210,مشروبات,1,جانم,canim,"عصير جانم","Canım Portakal Meyve Suyu 200 ml",orange,"20 × 200 مل",20,طرد
simple,BK-9F2261,"جانم توت 200 مل",1,0,visible,"<p>منتج من جانم (Canım) بنكهة التوت، وزن القطعة 200 مل، مطلوب في البقالات والمكاتب. التعبئة: 20 × 200 مل.</p>","<p><strong>جانم توت 200 مل</strong> (<span lang=""tr"">Canım Frambuaz Meyve Suyu 200 ml</span>): منتج من جانم (Canım) بنكهة التوت، وزن القطعة 200 مل، مطلوب في البقالات والمكاتب. من منتجات جانم (Canım)، متوفر عندنا بالجملة لمحلات البقالة والماركت في إسطنبول.</p><h2>تفاصيل البيع بالجملة</h2><ul><li>وحدة البيع: طرد فيها 20 قطعة</li><li>التعبئة: 20 × 200 مل</li><li>القسم: العصائر والشاي</li><li>العلامة: جانم · Canım</li></ul><h2>لماذا يطلبه أصحاب المحلات؟</h2><ul><li>تكمل رف المشروبات.</li><li>يطلبها الزبائن مع الكيك والبسكويت.</li><li>عبوات مناسبة للبيع بالقطعة.</li></ul><h2>التوصيل والدفع</h2><p>نوصل جانم توت 200 مل إلى باب محلك أو نرتبه على الرف في كل مناطق إسطنبول، والدفع نقداً عند الاستلام. للطلبات خارج إسطنبول أو خارج تركيا يكون الدفع بتحويل بنكي. تظهر الأسعار بعد فتح حساب جملة وتأكيده عبر واتساب.</p><p>يبحث عنه التجار أيضاً باسم «Canım Frambuaz Meyve Suyu 200 ml»، و«جانم عصير جانم جملة»، و«عصير جانم جملة اسطنبول».</p>",,220,مشروبات,1,جانم,canim,"عصير جانم","Canım Frambuaz Meyve Suyu 200 ml",raspberry,"20 × 200 مل",20,طرد
simple,BK-E92832,"جانم كرز 200 مل",1,0,visible,"<p>منتج من جانم (Canım) بنكهة الكرز، وزن القطعة 200 مل، مطلوب في البقالات والمكاتب. التعبئة: 20 × 200 مل.</p>","<p><strong>جانم كرز 200 مل</strong> (<span lang=""tr"">Canım Vişne Meyve Suyu 200 ml</span>): منتج من جانم (Canım) بنكهة الكرز، وزن القطعة 200 مل، مطلوب في البقالات والمكاتب. من منتجات جانم (Canım)، متوفر عندنا بالجملة لمحلات البقالة والماركت في إسطنبول.</p><h2>تفاصيل البيع بالجملة</h2><ul><li>وحدة البيع: طرد فيها 20 قطعة</li><li>التعبئة: 20 × 200 مل</li><li>القسم: العصائر والشاي</li><li>العلامة: جانم · Canım</li></ul><h2>لماذا يطلبه أصحاب المحلات؟</h2><ul><li>تكمل رف المشروبات.</li><li>يطلبها الزبائن مع الكيك والبسكويت.</li><li>عبوات مناسبة للبيع بالقطعة.</li></ul><h2>التوصيل والدفع</h2><p>نوصل جانم كرز 200 مل إلى باب محلك أو نرتبه على الرف في كل مناطق إسطنبول، والدفع نقداً عند الاستلام. للطلبات خارج إسطنبول أو خارج تركيا يكون الدفع بتحويل بنكي. تظهر الأسعار بعد فتح حساب جملة وتأكيده عبر واتساب.</p><p>يبحث عنه التجار أيضاً باسم «Canım Vişne Meyve Suyu 200 ml»، و«جانم عصير جانم جملة»، و«عصير جانم جملة اسطنبول».</p>",,210,مشروبات,1,جانم,canim,"عصير جانم","Canım Vişne Meyve Suyu 200 ml",cherry,"20 × 200 مل",20,طرد
simple,BK-1C1056,"جوكس مينيز احمر 10 غرام",1,0,visible,"<p>سكاكر من جوكس (Jox) بطعم الفراولة، وزن القطعة 10 غرام، يحبها الأطفال وتُباع بالقطعة بسعر صغير. التعبئة: 24 × 10 غ.</p>","<p><strong>جوكس مينيز احمر 10 غرام</strong> (<span lang=""tr"">Jox Minis Kırmızı 10 g</span>): سكاكر من جوكس (Jox) بطعم الفراولة، وزن القطعة 10 غرام، يحبها الأطفال وتُباع بالقطعة بسعر صغير. من منتجات جوكس (Jox)، متوفر عندنا بالجملة لمحلات البقالة والماركت في إسطنبول.</p><h2>تفاصيل البيع بالجملة</h2><ul><li>وحدة البيع: علبة فيها 24 قطعة</li><li>التعبئة: 24 × 10 غ</li><li>القسم: السكاكر والجيلي</li><li>العلامة: جوكس · Jox</li></ul><h2>لماذا يطلبه أصحاب المحلات؟</h2><ul><li>يشتريها الأطفال بالقطعة كل يوم.</li><li>سعر صغير ودوران سريع.</li><li>تجذب الصغار إلى رف الكاشير.</li></ul><h2>التوصيل والدفع</h2><p>نوصل جوكس مينيز احمر 10 غرام إلى باب محلك أو نرتبه على الرف في كل مناطق إسطنبول، والدفع نقداً عند الاستلام. للطلبات خارج إسطنبول أو خارج تركيا يكون الدفع بتحويل بنكي. تظهر الأسعار بعد فتح حساب جملة وتأكيده عبر واتساب.</p><p>يبحث عنه التجار أيضاً باسم «Jox Minis Kırmızı 10 g»، و«جوكس مينيز جملة»، و«مينيز جملة اسطنبول».</p>",,85,سكاكر,1,جوكس,jox,مينيز,"Jox Minis Kırmızı 10 g",strawberry,"24 × 10 غ",24,علبة
simple,BK-A0A646,"جوكس مينيز ازرق 10 غرام",1,0,visible,"<p>سكاكر من جوكس (Jox) بطعم النعناع، وزن القطعة 10 غرام، يحبها الأطفال وتُباع بالقطعة بسعر صغير. التعبئة: 24 × 10 غ.</p>","<p><strong>جوكس مينيز ازرق 10 غرام</strong> (<span lang=""tr"">Jox Minis Mavi 10 g</span>): سكاكر من جوكس (Jox) بطعم النعناع، وزن القطعة 10 غرام، يحبها الأطفال وتُباع بالقطعة بسعر صغير. من منتجات جوكس (Jox)، متوفر عندنا بالجملة لمحلات البقالة والماركت في إسطنبول.</p><h2>تفاصيل البيع بالجملة</h2><ul><li>وحدة البيع: علبة فيها 24 قطعة</li><li>التعبئة: 24 × 10 غ</li><li>القسم: السكاكر والجيلي</li><li>العلامة: جوكس · Jox</li></ul><h2>لماذا يطلبه أصحاب المحلات؟</h2><ul><li>يشتريها الأطفال بالقطعة كل يوم.</li><li>سعر صغير ودوران سريع.</li><li>تجذب الصغار إلى رف الكاشير.</li></ul><h2>التوصيل والدفع</h2><p>نوصل جوكس مينيز ازرق 10 غرام إلى باب محلك أو نرتبه على الرف في كل مناطق إسطنبول، والدفع نقداً عند الاستلام. للطلبات خارج إسطنبول أو خارج تركيا يكون الدفع بتحويل بنكي. تظهر الأسعار بعد فتح حساب جملة وتأكيده عبر واتساب.</p><p>يبحث عنه التجار أيضاً باسم «Jox Minis Mavi 10 g»، و«جوكس مينيز جملة»، و«مينيز جملة اسطنبول».</p>",,85,سكاكر,1,جوكس,jox,مينيز,"Jox Minis Mavi 10 g",mint,"24 × 10 غ",24,علبة
simple,BK-41DAB4,"جوكس مينيز بنفسجي 10 غرام",1,0,visible,"<p>سكاكر من جوكس (Jox) بطعم التوت، وزن القطعة 10 غرام، يحبها الأطفال وتُباع بالقطعة بسعر صغير. التعبئة: 24 × 10 غ.</p>","<p><strong>جوكس مينيز بنفسجي 10 غرام</strong> (<span lang=""tr"">Jox Minis Mor 10 g</span>): سكاكر من جوكس (Jox) بطعم التوت، وزن القطعة 10 غرام، يحبها الأطفال وتُباع بالقطعة بسعر صغير. من منتجات جوكس (Jox)، متوفر عندنا بالجملة لمحلات البقالة والماركت في إسطنبول.</p><h2>تفاصيل البيع بالجملة</h2><ul><li>وحدة البيع: علبة فيها 24 قطعة</li><li>التعبئة: 24 × 10 غ</li><li>القسم: السكاكر والجيلي</li><li>العلامة: جوكس · Jox</li></ul><h2>لماذا يطلبه أصحاب المحلات؟</h2><ul><li>يشتريها الأطفال بالقطعة كل يوم.</li><li>سعر صغير ودوران سريع.</li><li>تجذب الصغار إلى رف الكاشير.</li></ul><h2>التوصيل والدفع</h2><p>نوصل جوكس مينيز بنفسجي 10 غرام إلى باب محلك أو نرتبه على الرف في كل مناطق إسطنبول، والدفع نقداً عند الاستلام. للطلبات خارج إسطنبول أو خارج تركيا يكون الدفع بتحويل بنكي. تظهر الأسعار بعد فتح حساب جملة وتأكيده عبر واتساب.</p><p>يبحث عنه التجار أيضاً باسم «Jox Minis Mor 10 g»، و«جوكس مينيز جملة»، و«مينيز جملة اسطنبول».</p>",,85,سكاكر,1,جوكس,jox,مينيز,"Jox Minis Mor 10 g",raspberry,"24 × 10 غ",24,علبة
simple,BK-3337F7,"جوكس مينيز زهري 10 غرام",1,0,visible,"<p>سكاكر من جوكس (Jox) بطعم الفراولة، وزن القطعة 10 غرام، يحبها الأطفال وتُباع بالقطعة بسعر صغير. التعبئة: 24 × 10 غ.</p>","<p><strong>جوكس مينيز زهري 10 غرام</strong> (<span lang=""tr"">Jox Minis Pembe 10 g</span>): سكاكر من جوكس (Jox) بطعم الفراولة، وزن القطعة 10 غرام، يحبها الأطفال وتُباع بالقطعة بسعر صغير. من منتجات جوكس (Jox)، متوفر عندنا بالجملة لمحلات البقالة والماركت في إسطنبول.</p><h2>تفاصيل البيع بالجملة</h2><ul><li>وحدة البيع: علبة فيها 24 قطعة</li><li>التعبئة: 24 × 10 غ</li><li>القسم: السكاكر والجيلي</li><li>العلامة: جوكس · Jox</li></ul><h2>لماذا يطلبه أصحاب المحلات؟</h2><ul><li>يشتريها الأطفال بالقطعة كل يوم.</li><li>سعر صغير ودوران سريع.</li><li>تجذب الصغار إلى رف الكاشير.</li></ul><h2>التوصيل والدفع</h2><p>نوصل جوكس مينيز زهري 10 غرام إلى باب محلك أو نرتبه على الرف في كل مناطق إسطنبول، والدفع نقداً عند الاستلام. للطلبات خارج إسطنبول أو خارج تركيا يكون الدفع بتحويل بنكي. تظهر الأسعار بعد فتح حساب جملة وتأكيده عبر واتساب.</p><p>يبحث عنه التجار أيضاً باسم «Jox Minis Pembe 10 g»، و«جوكس مينيز جملة»، و«مينيز جملة اسطنبول».</p>",,85,سكاكر,1,جوكس,jox,مينيز,"Jox Minis Pembe 10 g",strawberry,"24 × 10 غ",24,علبة
simple,BK-07D409,"جيلوبي تمساح 20 غرام",1,0,visible,"<p>حلوى أطفال من جيلوبي (Jelopi) بنكهة الجيلي، وزن القطعة 20 غرام، مناسبة لرف الكاشير والأكشاك. التعبئة: 24 × 20 غ.</p>","<p><strong>جيلوبي تمساح 20 غرام</strong> (<span lang=""tr"">Jelopi Timsah Jelibon 20 g</span>): حلوى أطفال من جيلوبي (Jelopi) بنكهة الجيلي، وزن القطعة 20 غرام، مناسبة لرف الكاشير والأكشاك. من منتجات جيلوبي (Jelopi)، متوفر عندنا بالجملة لمحلات البقالة والماركت في إسطنبول.</p><h2>تفاصيل البيع بالجملة</h2><ul><li>وحدة البيع: علبة فيها 24 قطعة</li><li>التعبئة: 24 × 20 غ</li><li>القسم: السكاكر والجيلي</li><li>العلامة: جيلوبي · Jelopi</li></ul><h2>لماذا يطلبه أصحاب المحلات؟</h2><ul><li>يشتريها الأطفال بالقطعة كل يوم.</li><li>سعر صغير ودوران سريع.</li><li>تجذب الصغار إلى رف الكاشير.</li></ul><h2>التوصيل والدفع</h2><p>نوصل جيلوبي تمساح 20 غرام إلى باب محلك أو نرتبه على الرف في كل مناطق إسطنبول، والدفع نقداً عند الاستلام. للطلبات خارج إسطنبول أو خارج تركيا يكون الدفع بتحويل بنكي. تظهر الأسعار بعد فتح حساب جملة وتأكيده عبر واتساب.</p><p>يبحث عنه التجار أيضاً باسم «Jelopi Timsah Jelibon 20 g»، و«جيلوبي جيلي جملة»، و«جيلي جملة اسطنبول».</p>",,110,سكاكر,1,جيلوبي,jelopi,جيلي,"Jelopi Timsah Jelibon 20 g",jelly,"24 × 20 غ",24,علبة
simple,BK-383C53,"جيلوبي دولفين 20 غرام",1,0,visible,"<p>حلوى أطفال من جيلوبي (Jelopi) بنكهة الجيلي، وزن القطعة 20 غرام، مناسبة لرف الكاشير والأكشاك. التعبئة: 24 × 20 غ.</p>","<p><strong>جيلوبي دولفين 20 غرام</strong> (<span lang=""tr"">Jelopi Yunus Jelibon 20 g</span>): حلوى أطفال من جيلوبي (Jelopi) بنكهة الجيلي، وزن القطعة 20 غرام، مناسبة لرف الكاشير والأكشاك. من منتجات جيلوبي (Jelopi)، متوفر عندنا بالجملة لمحلات البقالة والماركت في إسطنبول.</p><h2>تفاصيل البيع بالجملة</h2><ul><li>وحدة البيع: علبة فيها 24 قطعة</li><li>التعبئة: 24 × 20 غ</li><li>القسم: السكاكر والجيلي</li><li>العلامة: جيلوبي · Jelopi</li></ul><h2>لماذا يطلبه أصحاب المحلات؟</h2><ul><li>يشتريها الأطفال بالقطعة كل يوم.</li><li>سعر صغير ودوران سريع.</li><li>تجذب الصغار إلى رف الكاشير.</li></ul><h2>التوصيل والدفع</h2><p>نوصل جيلوبي دولفين 20 غرام إلى باب محلك أو نرتبه على الرف في كل مناطق إسطنبول، والدفع نقداً عند الاستلام. للطلبات خارج إسطنبول أو خارج تركيا يكون الدفع بتحويل بنكي. تظهر الأسعار بعد فتح حساب جملة وتأكيده عبر واتساب.</p><p>يبحث عنه التجار أيضاً باسم «Jelopi Yunus Jelibon 20 g»، و«جيلوبي جيلي جملة»، و«جيلي جملة اسطنبول».</p>",,110,سكاكر,1,جيلوبي,jelopi,جيلي,"Jelopi Yunus Jelibon 20 g",jelly,"24 × 20 غ",24,علبة
simple,BK-54BC82,"جيلوبي علبة بلاستيك 1500 غرام",1,0,visible,"<p>حلوى أطفال من جيلوبي (Jelopi) بنكهة الجيلي، وزن القطعة 1500 غرام، مناسبة لرف الكاشير والأكشاك. التعبئة: 1500 غ.</p>","<p><strong>جيلوبي علبة بلاستيك 1500 غرام</strong> (<span lang=""tr"">Jelopi Jelibon Plastik Kutu 1500 g</span>): حلوى أطفال من جيلوبي (Jelopi) بنكهة الجيلي، وزن القطعة 1500 غرام، مناسبة لرف الكاشير والأكشاك. من منتجات جيلوبي (Jelopi)، متوفر عندنا بالجملة لمحلات البقالة والماركت في إسطنبول.</p><h2>تفاصيل البيع بالجملة</h2><ul><li>وحدة البيع: علبة</li><li>التعبئة: 1500 غ</li><li>القسم: السكاكر والجيلي</li><li>العلامة: جيلوبي · Jelopi</li></ul><h2>لماذا يطلبه أصحاب المحلات؟</h2><ul><li>يشتريها الأطفال بالقطعة كل يوم.</li><li>سعر صغير ودوران سريع.</li><li>تجذب الصغار إلى رف الكاشير.</li></ul><h2>التوصيل والدفع</h2><p>نوصل جيلوبي علبة بلاستيك 1500 غرام إلى باب محلك أو نرتبه على الرف في كل مناطق إسطنبول، والدفع نقداً عند الاستلام. للطلبات خارج إسطنبول أو خارج تركيا يكون الدفع بتحويل بنكي. تظهر الأسعار بعد فتح حساب جملة وتأكيده عبر واتساب.</p><p>يبحث عنه التجار أيضاً باسم «Jelopi Jelibon Plastik Kutu 1500 g»، و«جيلوبي جيلي جملة»، و«جيلي جملة اسطنبول».</p>",,200,سكاكر,1,جيلوبي,jelopi,جيلي,"Jelopi Jelibon Plastik Kutu 1500 g",jelly,"1500 غ",0,علبة
simple,BK-CF2125,"جيلوبي كولا 20 غرام",1,0,visible,"<p>سكاكر من جيلوبي (Jelopi) بطعم الكولا، وزن القطعة 20 غرام، يحبها الأطفال وتُباع بالقطعة بسعر صغير. التعبئة: 24 × 20 غ.</p>","<p><strong>جيلوبي كولا 20 غرام</strong> (<span lang=""tr"">Jelopi Kola Jelibon 20 g</span>): سكاكر من جيلوبي (Jelopi) بطعم الكولا، وزن القطعة 20 غرام، يحبها الأطفال وتُباع بالقطعة بسعر صغير. من منتجات جيلوبي (Jelopi)، متوفر عندنا بالجملة لمحلات البقالة والماركت في إسطنبول.</p><h2>تفاصيل البيع بالجملة</h2><ul><li>وحدة البيع: علبة فيها 24 قطعة</li><li>التعبئة: 24 × 20 غ</li><li>القسم: السكاكر والجيلي</li><li>العلامة: جيلوبي · Jelopi</li></ul><h2>لماذا يطلبه أصحاب المحلات؟</h2><ul><li>يشتريها الأطفال بالقطعة كل يوم.</li><li>سعر صغير ودوران سريع.</li><li>تجذب الصغار إلى رف الكاشير.</li></ul><h2>التوصيل والدفع</h2><p>نوصل جيلوبي كولا 20 غرام إلى باب محلك أو نرتبه على الرف في كل مناطق إسطنبول، والدفع نقداً عند الاستلام. للطلبات خارج إسطنبول أو خارج تركيا يكون الدفع بتحويل بنكي. تظهر الأسعار بعد فتح حساب جملة وتأكيده عبر واتساب.</p><p>يبحث عنه التجار أيضاً باسم «Jelopi Kola Jelibon 20 g»، و«جيلوبي جيلي جملة»، و«جيلي جملة اسطنبول».</p>",,110,سكاكر,1,جيلوبي,jelopi,جيلي,"Jelopi Kola Jelibon 20 g",cola,"24 × 20 غ",24,علبة
simple,BK-023504,"جيلوبي ميتر شيكر مشكلة 15 غرام",1,0,visible,"<p>سكاكر من جيلوبي (Jelopi) بطعم الجيلي، وزن القطعة 15 غرام، يحبها الأطفال وتُباع بالقطعة بسعر صغير. التعبئة: 72 × 15 غ.</p>","<p><strong>جيلوبي ميتر شيكر مشكلة 15 غرام</strong> (<span lang=""tr"">Jelopi Metre Şeker Karışık 15 g</span>): سكاكر من جيلوبي (Jelopi) بطعم الجيلي، وزن القطعة 15 غرام، يحبها الأطفال وتُباع بالقطعة بسعر صغير. من منتجات جيلوبي (Jelopi)، متوفر عندنا بالجملة لمحلات البقالة والماركت في إسطنبول.</p><h2>تفاصيل البيع بالجملة</h2><ul><li>وحدة البيع: علبة فيها 72 قطعة</li><li>التعبئة: 72 × 15 غ</li><li>القسم: السكاكر والجيلي</li><li>العلامة: جيلوبي · Jelopi</li></ul><h2>لماذا يطلبه أصحاب المحلات؟</h2><ul><li>يشتريها الأطفال بالقطعة كل يوم.</li><li>سعر صغير ودوران سريع.</li><li>تجذب الصغار إلى رف الكاشير.</li></ul><h2>التوصيل والدفع</h2><p>نوصل جيلوبي ميتر شيكر مشكلة 15 غرام إلى باب محلك أو نرتبه على الرف في كل مناطق إسطنبول، والدفع نقداً عند الاستلام. للطلبات خارج إسطنبول أو خارج تركيا يكون الدفع بتحويل بنكي. تظهر الأسعار بعد فتح حساب جملة وتأكيده عبر واتساب.</p><p>يبحث عنه التجار أيضاً باسم «Jelopi Metre Şeker Karışık 15 g»، و«جيلوبي جيلي متر جملة»، و«جيلي متر جملة اسطنبول».</p>",,180,سكاكر,1,جيلوبي,jelopi,"جيلي متر","Jelopi Metre Şeker Karışık 15 g",jelly,"72 × 15 غ",72,علبة
simple,BK-5A9B03,"الوان توداي سويس رول كراميل 30 غرام",1,0,visible,"<p>كيك مغلّف فردياً من الوان (Elvan) بنكهة الكراميل، وزن القطعة 30 غرام، يباع بسرعة في البقالات والمقاصف. التعبئة: 24 × 30 غ.</p>","<p><strong>الوان توداي سويس رول كراميل 30 غرام</strong> (<span lang=""tr"">Elvan Today Swiss Roll Karamelli 30 g</span>): كيك مغلّف فردياً من الوان (Elvan) بنكهة الكراميل، وزن القطعة 30 غرام، يباع بسرعة في البقالات والمقاصف. من منتجات الوان (Elvan)، متوفر عندنا بالجملة لمحلات البقالة والماركت في إسطنبول.</p><h2>تفاصيل البيع بالجملة</h2><ul><li>وحدة البيع: علبة فيها 24 قطعة</li><li>التعبئة: 24 × 30 غ</li><li>القسم: الكيك والرول</li><li>العلامة: الوان · Elvan</li></ul><h2>لماذا يطلبه أصحاب المحلات؟</h2><ul><li>وجبة خفيفة مشبعة يطلبها الطلاب والعمال يومياً.</li><li>مغلّف فردياً ومناسب للبيع بالقطعة بجانب المشروبات.</li><li>يُعرض على الرف دون تبريد.</li></ul><h2>التوصيل والدفع</h2><p>نوصل الوان توداي سويس رول كراميل 30 غرام إلى باب محلك أو نرتبه على الرف في كل مناطق إسطنبول، والدفع نقداً عند الاستلام. للطلبات خارج إسطنبول أو خارج تركيا يكون الدفع بتحويل بنكي. تظهر الأسعار بعد فتح حساب جملة وتأكيده عبر واتساب.</p><p>يبحث عنه التجار أيضاً باسم «Elvan Today Swiss Roll Karamelli 30 g»، و«الوان توداي سويس رول جملة»، و«توداي سويس رول جملة اسطنبول».</p>",,195,كيك,1,الوان,elvan,"توداي سويس رول","Elvan Today Swiss Roll Karamelli 30 g",caramel,"24 × 30 غ",24,علبة
simple,BK-76D9A3,"ديبو كورنيت 20 غرام",1,0,visible,"<p>حلوى أطفال من ديبو (Dipo) بنكهة الفواكه، وزن القطعة 20 غرام، مناسبة لرف الكاشير والأكشاك. التعبئة: 24 × 20 غ.</p>","<p><strong>ديبو كورنيت 20 غرام</strong> (<span lang=""tr"">Dipo Kornet Şeker 20 g</span>): حلوى أطفال من ديبو (Dipo) بنكهة الفواكه، وزن القطعة 20 غرام، مناسبة لرف الكاشير والأكشاك. من منتجات ديبو (Dipo)، متوفر عندنا بالجملة لمحلات البقالة والماركت في إسطنبول.</p><h2>تفاصيل البيع بالجملة</h2><ul><li>وحدة البيع: علبة فيها 24 قطعة</li><li>التعبئة: 24 × 20 غ</li><li>القسم: السكاكر والجيلي</li><li>العلامة: ديبو · Dipo</li></ul><h2>لماذا يطلبه أصحاب المحلات؟</h2><ul><li>يشتريها الأطفال بالقطعة كل يوم.</li><li>سعر صغير ودوران سريع.</li><li>تجذب الصغار إلى رف الكاشير.</li></ul><h2>التوصيل والدفع</h2><p>نوصل ديبو كورنيت 20 غرام إلى باب محلك أو نرتبه على الرف في كل مناطق إسطنبول، والدفع نقداً عند الاستلام. للطلبات خارج إسطنبول أو خارج تركيا يكون الدفع بتحويل بنكي. تظهر الأسعار بعد فتح حساب جملة وتأكيده عبر واتساب.</p><p>يبحث عنه التجار أيضاً باسم «Dipo Kornet Şeker 20 g»، و«ديبو كورنيت جملة»، و«كورنيت جملة اسطنبول».</p>",,165,سكاكر,1,ديبو,dipo,كورنيت,"Dipo Kornet Şeker 20 g",fruit,"24 × 20 غ",24,علبة
simple,BK-7450E4,"ديبو ميكس كوين",1,0,visible,"<p>سكاكر من ديبو (Dipo) بألوان متنوعة، يحبها الأطفال وتُباع بالقطعة بسعر صغير. التعبئة: 100 قطعة.</p>","<p><strong>ديبو ميكس كوين</strong> (<span lang=""tr"">Dipo Mix Coin Şeker (100 adet)</span>): سكاكر من ديبو (Dipo) بألوان متنوعة، يحبها الأطفال وتُباع بالقطعة بسعر صغير. من منتجات ديبو (Dipo)، متوفر عندنا بالجملة لمحلات البقالة والماركت في إسطنبول.</p><h2>تفاصيل البيع بالجملة</h2><ul><li>وحدة البيع: علبة فيها 100 قطعة</li><li>التعبئة: 100 قطعة</li><li>القسم: السكاكر والجيلي</li><li>العلامة: ديبو · Dipo</li></ul><h2>لماذا يطلبه أصحاب المحلات؟</h2><ul><li>يشتريها الأطفال بالقطعة كل يوم.</li><li>سعر صغير ودوران سريع.</li><li>تجذب الصغار إلى رف الكاشير.</li></ul><h2>التوصيل والدفع</h2><p>نوصل ديبو ميكس كوين إلى باب محلك أو نرتبه على الرف في كل مناطق إسطنبول، والدفع نقداً عند الاستلام. للطلبات خارج إسطنبول أو خارج تركيا يكون الدفع بتحويل بنكي. تظهر الأسعار بعد فتح حساب جملة وتأكيده عبر واتساب.</p><p>يبحث عنه التجار أيضاً باسم «Dipo Mix Coin Şeker (100 adet)»، و«ديبو ميكس كوين جملة»، و«ميكس كوين جملة اسطنبول».</p>",,160,سكاكر,1,ديبو,dipo,"ميكس كوين","Dipo Mix Coin Şeker (100 adet)",mixed,"100 قطعة",100,علبة
simple,BK-472E9B,"دينغو معمول التمر 25 غرام",1,0,visible,"<p>بسكويت بطعم التمر، وزن القطعة 25 غرام، صنف ثابت الطلب على رف البسكويت. التعبئة: 16 × 25 غ.</p>","<p><strong>دينغو معمول التمر 25 غرام</strong> (<span lang=""tr"">Dingo Hurmalı Mamul 25 g</span>): بسكويت بطعم التمر، وزن القطعة 25 غرام، صنف ثابت الطلب على رف البسكويت. متوفر بالجملة لمحلات البقالة والماركت في إسطنبول.</p><h2>تفاصيل البيع بالجملة</h2><ul><li>وحدة البيع: علبة فيها 16 قطعة</li><li>التعبئة: 16 × 25 غ</li><li>القسم: البسكويت والكوكيز</li></ul><h2>لماذا يطلبه أصحاب المحلات؟</h2><ul><li>من أكثر الأصناف دوراناً في البقالات طوال العام.</li><li>مناسب للضيافة ووقت الشاي والمدارس.</li><li>هامش ربح جيد عند البيع بالقطعة.</li></ul><h2>التوصيل والدفع</h2><p>نوصل دينغو معمول التمر 25 غرام إلى باب محلك أو نرتبه على الرف في كل مناطق إسطنبول، والدفع نقداً عند الاستلام. للطلبات خارج إسطنبول أو خارج تركيا يكون الدفع بتحويل بنكي. تظهر الأسعار بعد فتح حساب جملة وتأكيده عبر واتساب.</p><p>يبحث عنه التجار أيضاً باسم «Dingo Hurmalı Mamul 25 g»، و«معمول التمر جملة اسطنبول».</p>",,45,بسكويت,1,,,"معمول التمر","Dingo Hurmalı Mamul 25 g",date,"16 × 25 غ",16,علبة
simple,BK-752DAE,"سادات جيلوبي برغر 20 غرام",1,0,visible,"<p>حلوى أطفال من سادات (Sadat) بنكهة الجيلي، وزن القطعة 20 غرام، مناسبة لرف الكاشير والأكشاك. التعبئة: 24 × 20 غ.</p>","<p><strong>سادات جيلوبي برغر 20 غرام</strong> (<span lang=""tr"">Sadat Jelibon Burger 20 g</span>): حلوى أطفال من سادات (Sadat) بنكهة الجيلي، وزن القطعة 20 غرام، مناسبة لرف الكاشير والأكشاك. من منتجات سادات (Sadat)، متوفر عندنا بالجملة لمحلات البقالة والماركت في إسطنبول.</p><h2>تفاصيل البيع بالجملة</h2><ul><li>وحدة البيع: علبة فيها 24 قطعة</li><li>التعبئة: 24 × 20 غ</li><li>القسم: السكاكر والجيلي</li><li>العلامة: سادات · Sadat</li></ul><h2>لماذا يطلبه أصحاب المحلات؟</h2><ul><li>يشتريها الأطفال بالقطعة كل يوم.</li><li>سعر صغير ودوران سريع.</li><li>تجذب الصغار إلى رف الكاشير.</li></ul><h2>التوصيل والدفع</h2><p>نوصل سادات جيلوبي برغر 20 غرام إلى باب محلك أو نرتبه على الرف في كل مناطق إسطنبول، والدفع نقداً عند الاستلام. للطلبات خارج إسطنبول أو خارج تركيا يكون الدفع بتحويل بنكي. تظهر الأسعار بعد فتح حساب جملة وتأكيده عبر واتساب.</p><p>يبحث عنه التجار أيضاً باسم «Sadat Jelibon Burger 20 g»، و«سادات جيلي برغر جملة»، و«جيلي برغر جملة اسطنبول».</p>",,140,سكاكر,1,سادات,sadat,"جيلي برغر","Sadat Jelibon Burger 20 g",jelly,"24 × 20 غ",24,علبة
simple,BK-550151,"سادات جيلوبي بيتزا 20 غرام",1,0,visible,"<p>حلوى أطفال من سادات (Sadat) بنكهة الجيلي، وزن القطعة 20 غرام، مناسبة لرف الكاشير والأكشاك. التعبئة: 24 × 20 غ.</p>","<p><strong>سادات جيلوبي بيتزا 20 غرام</strong> (<span lang=""tr"">Sadat Jelibon Pizza 20 g</span>): حلوى أطفال من سادات (Sadat) بنكهة الجيلي، وزن القطعة 20 غرام، مناسبة لرف الكاشير والأكشاك. من منتجات سادات (Sadat)، متوفر عندنا بالجملة لمحلات البقالة والماركت في إسطنبول.</p><h2>تفاصيل البيع بالجملة</h2><ul><li>وحدة البيع: علبة فيها 24 قطعة</li><li>التعبئة: 24 × 20 غ</li><li>القسم: السكاكر والجيلي</li><li>العلامة: سادات · Sadat</li></ul><h2>لماذا يطلبه أصحاب المحلات؟</h2><ul><li>يشتريها الأطفال بالقطعة كل يوم.</li><li>سعر صغير ودوران سريع.</li><li>تجذب الصغار إلى رف الكاشير.</li></ul><h2>التوصيل والدفع</h2><p>نوصل سادات جيلوبي بيتزا 20 غرام إلى باب محلك أو نرتبه على الرف في كل مناطق إسطنبول، والدفع نقداً عند الاستلام. للطلبات خارج إسطنبول أو خارج تركيا يكون الدفع بتحويل بنكي. تظهر الأسعار بعد فتح حساب جملة وتأكيده عبر واتساب.</p><p>يبحث عنه التجار أيضاً باسم «Sadat Jelibon Pizza 20 g»، و«سادات جيلي بيتزا جملة»، و«جيلي بيتزا جملة اسطنبول».</p>",,140,سكاكر,1,سادات,sadat,"جيلي بيتزا","Sadat Jelibon Pizza 20 g",jelly,"24 × 20 غ",24,علبة
simple,BK-77AF2E,"سادات جيلوبي هوت دوغ 20 غرام",1,0,visible,"<p>حلوى أطفال من سادات (Sadat) بنكهة الجيلي، وزن القطعة 20 غرام، مناسبة لرف الكاشير والأكشاك. التعبئة: 24 × 20 غ.</p>","<p><strong>سادات جيلوبي هوت دوغ 20 غرام</strong> (<span lang=""tr"">Sadat Jelibon Hot Dog 20 g</span>): حلوى أطفال من سادات (Sadat) بنكهة الجيلي، وزن القطعة 20 غرام، مناسبة لرف الكاشير والأكشاك. من منتجات سادات (Sadat)، متوفر عندنا بالجملة لمحلات البقالة والماركت في إسطنبول.</p><h2>تفاصيل البيع بالجملة</h2><ul><li>وحدة البيع: علبة فيها 24 قطعة</li><li>التعبئة: 24 × 20 غ</li><li>القسم: السكاكر والجيلي</li><li>العلامة: سادات · Sadat</li></ul><h2>لماذا يطلبه أصحاب المحلات؟</h2><ul><li>يشتريها الأطفال بالقطعة كل يوم.</li><li>سعر صغير ودوران سريع.</li><li>تجذب الصغار إلى رف الكاشير.</li></ul><h2>التوصيل والدفع</h2><p>نوصل سادات جيلوبي هوت دوغ 20 غرام إلى باب محلك أو نرتبه على الرف في كل مناطق إسطنبول، والدفع نقداً عند الاستلام. للطلبات خارج إسطنبول أو خارج تركيا يكون الدفع بتحويل بنكي. تظهر الأسعار بعد فتح حساب جملة وتأكيده عبر واتساب.</p><p>يبحث عنه التجار أيضاً باسم «Sadat Jelibon Hot Dog 20 g»، و«سادات جيلي هوت دوغ جملة»، و«جيلي هوت دوغ جملة اسطنبول».</p>",,140,سكاكر,1,سادات,sadat,"جيلي هوت دوغ","Sadat Jelibon Hot Dog 20 g",jelly,"24 × 20 غ",24,علبة
simple,BK-717CDB,"سراي فوفو بوب اصابع بسكويت وشوكولا 40 غرام",1,0,visible,"<p>بسكويت من سراي (Saray) بطعم الشوكولاتة، وزن القطعة 40 غرام، صنف ثابت الطلب على رف البسكويت. التعبئة: 24 × 40 غ.</p>","<p><strong>سراي فوفو بوب اصابع بسكويت وشوكولا 40 غرام</strong> (<span lang=""tr"">Saray Fofo Pop Çikolatalı Bisküvi Çubuk 40 g</span>): بسكويت من سراي (Saray) بطعم الشوكولاتة، وزن القطعة 40 غرام، صنف ثابت الطلب على رف البسكويت. من منتجات سراي (Saray)، متوفر عندنا بالجملة لمحلات البقالة والماركت في إسطنبول.</p><h2>تفاصيل البيع بالجملة</h2><ul><li>وحدة البيع: علبة فيها 24 قطعة</li><li>التعبئة: 24 × 40 غ</li><li>القسم: البسكويت والكوكيز</li><li>العلامة: سراي · Saray</li></ul><h2>لماذا يطلبه أصحاب المحلات؟</h2><ul><li>من أكثر الأصناف دوراناً في البقالات طوال العام.</li><li>مناسب للضيافة ووقت الشاي والمدارس.</li><li>هامش ربح جيد عند البيع بالقطعة.</li></ul><h2>التوصيل والدفع</h2><p>نوصل سراي فوفو بوب اصابع بسكويت وشوكولا 40 غرام إلى باب محلك أو نرتبه على الرف في كل مناطق إسطنبول، والدفع نقداً عند الاستلام. للطلبات خارج إسطنبول أو خارج تركيا يكون الدفع بتحويل بنكي. تظهر الأسعار بعد فتح حساب جملة وتأكيده عبر واتساب.</p><p>يبحث عنه التجار أيضاً باسم «Saray Fofo Pop Çikolatalı Bisküvi Çubuk 40 g»، و«سراي فوفو بوب جملة»، و«فوفو بوب جملة اسطنبول».</p>",,190,بسكويت,1,سراي,saray,"فوفو بوب","Saray Fofo Pop Çikolatalı Bisküvi Çubuk 40 g",chocolate,"24 × 40 غ",24,علبة
simple,BK-78C2ED,"سراي لونيا اصابع بالكراميل",1,0,visible,"<p>ويفر وشوكولاتة من سراي (Saray) بنكهة الكراميل، هامش جيد ودوران سريع. التعبئة: 24 قطعة.</p>","<p><strong>سراي لونيا اصابع بالكراميل</strong> (<span lang=""tr"">Saray Lonia Karamelli Parmak</span>): ويفر وشوكولاتة من سراي (Saray) بنكهة الكراميل، هامش جيد ودوران سريع. من منتجات سراي (Saray)، متوفر عندنا بالجملة لمحلات البقالة والماركت في إسطنبول.</p><h2>تفاصيل البيع بالجملة</h2><ul><li>وحدة البيع: علبة فيها 24 قطعة</li><li>التعبئة: 24 قطعة</li><li>القسم: الشوكولاتة والويفر</li><li>العلامة: سراي · Saray</li></ul><h2>لماذا يطلبه أصحاب المحلات؟</h2><ul><li>صنف شراء سريع قرب الكاشير.</li><li>سعر القطعة صغير فيشجع الشراء المتكرر.</li><li>مطلوب لدى الأطفال والشباب.</li></ul><h2>التوصيل والدفع</h2><p>نوصل سراي لونيا اصابع بالكراميل إلى باب محلك أو نرتبه على الرف في كل مناطق إسطنبول، والدفع نقداً عند الاستلام. للطلبات خارج إسطنبول أو خارج تركيا يكون الدفع بتحويل بنكي. تظهر الأسعار بعد فتح حساب جملة وتأكيده عبر واتساب.</p><p>يبحث عنه التجار أيضاً باسم «Saray Lonia Karamelli Parmak»، و«سراي لونيا جملة»، و«لونيا جملة اسطنبول».</p>",,120,شوكولاتة,1,سراي,saray,لونيا,"Saray Lonia Karamelli Parmak",caramel,"24 قطعة",24,علبة
simple,BK-F45A0B,"سلايم بومبا",1,0,visible,"<p>لعبة أطفال بمفاجأة، تُباع بالقطعة بربح جيد. التعبئة: 18 قطعة.</p>","<p><strong>سلايم بومبا</strong> (<span lang=""tr"">Slime Bomba Oyuncak</span>): لعبة أطفال بمفاجأة، تُباع بالقطعة بربح جيد. متوفر بالجملة لمحلات البقالة والماركت في إسطنبول.</p><h2>تفاصيل البيع بالجملة</h2><ul><li>وحدة البيع: علبة فيها 18 قطعة</li><li>التعبئة: 18 قطعة</li><li>القسم: الألعاب والمفاجآت</li></ul><h2>لماذا يطلبه أصحاب المحلات؟</h2><ul><li>مفاجأة يحبها الأطفال.</li><li>ربح جيد للقطعة الواحدة.</li><li>تُعرض قرب الكاشير وتجذب العائلات.</li></ul><h2>التوصيل والدفع</h2><p>نوصل سلايم بومبا إلى باب محلك أو نرتبه على الرف في كل مناطق إسطنبول، والدفع نقداً عند الاستلام. للطلبات خارج إسطنبول أو خارج تركيا يكون الدفع بتحويل بنكي. تظهر الأسعار بعد فتح حساب جملة وتأكيده عبر واتساب.</p><p>يبحث عنه التجار أيضاً باسم «Slime Bomba Oyuncak»، و«سلايم جملة اسطنبول».</p>",,500,ألعاب,1,,,سلايم,"Slime Bomba Oyuncak",mixed,"18 قطعة",18,علبة
simple,BK-03EA3E,"سميري لابوبو ظرف 20 غرام",1,0,visible,"<p>منتج أطفال بمفاجأة من سميري (Smiry)، وزن القطعة 20 غرام، يجذب الصغار على رف الكاشير. التعبئة: 24 × 20 غ.</p>","<p><strong>سميري لابوبو ظرف 20 غرام</strong> (<span lang=""tr"">Smiry Labubu Zarf 20 g</span>): منتج أطفال بمفاجأة من سميري (Smiry)، وزن القطعة 20 غرام، يجذب الصغار على رف الكاشير. من منتجات سميري (Smiry)، متوفر عندنا بالجملة لمحلات البقالة والماركت في إسطنبول.</p><h2>تفاصيل البيع بالجملة</h2><ul><li>وحدة البيع: علبة فيها 24 قطعة</li><li>التعبئة: 24 × 20 غ</li><li>القسم: الألعاب والمفاجآت</li><li>العلامة: سميري · Smiry</li></ul><h2>لماذا يطلبه أصحاب المحلات؟</h2><ul><li>مفاجأة يحبها الأطفال.</li><li>ربح جيد للقطعة الواحدة.</li><li>تُعرض قرب الكاشير وتجذب العائلات.</li></ul><h2>التوصيل والدفع</h2><p>نوصل سميري لابوبو ظرف 20 غرام إلى باب محلك أو نرتبه على الرف في كل مناطق إسطنبول، والدفع نقداً عند الاستلام. للطلبات خارج إسطنبول أو خارج تركيا يكون الدفع بتحويل بنكي. تظهر الأسعار بعد فتح حساب جملة وتأكيده عبر واتساب.</p><p>يبحث عنه التجار أيضاً باسم «Smiry Labubu Zarf 20 g»، و«سميري لابوبو جملة»، و«لابوبو جملة اسطنبول».</p>",,125,ألعاب,1,سميري,smiry,لابوبو,"Smiry Labubu Zarf 20 g",mixed,"24 × 20 غ",24,علبة
simple,BK-6FA784,"سويتو تروبيكال 20 غرام",1,0,visible,"<p>سكاكر من سويتو (Sweeto) بطعم الفواكه، وزن القطعة 20 غرام، يحبها الأطفال وتُباع بالقطعة بسعر صغير. التعبئة: 36 × 20 غ.</p>","<p><strong>سويتو تروبيكال 20 غرام</strong> (<span lang=""tr"">Sweeto Tropical Marshmallow 20 g</span>): سكاكر من سويتو (Sweeto) بطعم الفواكه، وزن القطعة 20 غرام، يحبها الأطفال وتُباع بالقطعة بسعر صغير. من منتجات سويتو (Sweeto)، متوفر عندنا بالجملة لمحلات البقالة والماركت في إسطنبول.</p><h2>تفاصيل البيع بالجملة</h2><ul><li>وحدة البيع: علبة فيها 36 قطعة</li><li>التعبئة: 36 × 20 غ</li><li>القسم: السكاكر والجيلي</li><li>العلامة: سويتو · Sweeto</li></ul><h2>لماذا يطلبه أصحاب المحلات؟</h2><ul><li>يشتريها الأطفال بالقطعة كل يوم.</li><li>سعر صغير ودوران سريع.</li><li>تجذب الصغار إلى رف الكاشير.</li></ul><h2>التوصيل والدفع</h2><p>نوصل سويتو تروبيكال 20 غرام إلى باب محلك أو نرتبه على الرف في كل مناطق إسطنبول، والدفع نقداً عند الاستلام. للطلبات خارج إسطنبول أو خارج تركيا يكون الدفع بتحويل بنكي. تظهر الأسعار بعد فتح حساب جملة وتأكيده عبر واتساب.</p><p>يبحث عنه التجار أيضاً باسم «Sweeto Tropical Marshmallow 20 g»، و«سويتو تروبيكال جملة»، و«تروبيكال جملة اسطنبول».</p>",,220,سكاكر,1,سويتو,sweeto,تروبيكال,"Sweeto Tropical Marshmallow 20 g",fruit,"36 × 20 غ",36,علبة
simple,BK-3FD0F3,"شاي التفاح",1,0,visible,"<p>شاي بنكهة التفاح في علبة من 10 قطع، يكمل رف المشروبات الساخنة في البقالة. التعبئة: 10 قطعة.</p>","<p><strong>شاي التفاح</strong> (<span lang=""tr"">Elma Çayı 10&#039;lu</span>): شاي بنكهة التفاح في علبة من 10 قطع، يكمل رف المشروبات الساخنة في البقالة. متوفر بالجملة لمحلات البقالة والماركت في إسطنبول.</p><h2>تفاصيل البيع بالجملة</h2><ul><li>وحدة البيع: علبة فيها 10 قطعة</li><li>التعبئة: 10 قطعة</li><li>القسم: العصائر والشاي</li></ul><h2>لماذا يطلبه أصحاب المحلات؟</h2><ul><li>تكمل رف المشروبات.</li><li>يطلبها الزبائن مع الكيك والبسكويت.</li><li>عبوات مناسبة للبيع بالقطعة.</li></ul><h2>التوصيل والدفع</h2><p>نوصل شاي التفاح إلى باب محلك أو نرتبه على الرف في كل مناطق إسطنبول، والدفع نقداً عند الاستلام. للطلبات خارج إسطنبول أو خارج تركيا يكون الدفع بتحويل بنكي. تظهر الأسعار بعد فتح حساب جملة وتأكيده عبر واتساب.</p><p>يبحث عنه التجار أيضاً باسم «Elma Çayı 10&#039;lu»، و«شاي جملة اسطنبول».</p>",,160,مشروبات,1,,,شاي,"Elma Çayı 10'lu",apple,"10 قطعة",10,علبة
simple,BK-CB3BAC,"شاي التوت",1,0,visible,"<p>شاي بنكهة التوت في علبة من 10 قطع، يكمل رف المشروبات الساخنة في البقالة. التعبئة: 10 قطعة.</p>","<p><strong>شاي التوت</strong> (<span lang=""tr"">Frambuaz Çayı 10&#039;lu</span>): شاي بنكهة التوت في علبة من 10 قطع، يكمل رف المشروبات الساخنة في البقالة. متوفر بالجملة لمحلات البقالة والماركت في إسطنبول.</p><h2>تفاصيل البيع بالجملة</h2><ul><li>وحدة البيع: علبة فيها 10 قطعة</li><li>التعبئة: 10 قطعة</li><li>القسم: العصائر والشاي</li></ul><h2>لماذا يطلبه أصحاب المحلات؟</h2><ul><li>تكمل رف المشروبات.</li><li>يطلبها الزبائن مع الكيك والبسكويت.</li><li>عبوات مناسبة للبيع بالقطعة.</li></ul><h2>التوصيل والدفع</h2><p>نوصل شاي التوت إلى باب محلك أو نرتبه على الرف في كل مناطق إسطنبول، والدفع نقداً عند الاستلام. للطلبات خارج إسطنبول أو خارج تركيا يكون الدفع بتحويل بنكي. تظهر الأسعار بعد فتح حساب جملة وتأكيده عبر واتساب.</p><p>يبحث عنه التجار أيضاً باسم «Frambuaz Çayı 10&#039;lu»، و«شاي جملة اسطنبول».</p>",,160,مشروبات,1,,,شاي,"Frambuaz Çayı 10'lu",raspberry,"10 قطعة",10,علبة
simple,BK-8FBFDF,"شاي الرمان",1,0,visible,"<p>شاي بنكهة الرمان في علبة من 10 قطع، يكمل رف المشروبات الساخنة في البقالة. التعبئة: 10 قطعة.</p>","<p><strong>شاي الرمان</strong> (<span lang=""tr"">Nar Çayı 10&#039;lu</span>): شاي بنكهة الرمان في علبة من 10 قطع، يكمل رف المشروبات الساخنة في البقالة. متوفر بالجملة لمحلات البقالة والماركت في إسطنبول.</p><h2>تفاصيل البيع بالجملة</h2><ul><li>وحدة البيع: علبة فيها 10 قطعة</li><li>التعبئة: 10 قطعة</li><li>القسم: العصائر والشاي</li></ul><h2>لماذا يطلبه أصحاب المحلات؟</h2><ul><li>تكمل رف المشروبات.</li><li>يطلبها الزبائن مع الكيك والبسكويت.</li><li>عبوات مناسبة للبيع بالقطعة.</li></ul><h2>التوصيل والدفع</h2><p>نوصل شاي الرمان إلى باب محلك أو نرتبه على الرف في كل مناطق إسطنبول، والدفع نقداً عند الاستلام. للطلبات خارج إسطنبول أو خارج تركيا يكون الدفع بتحويل بنكي. تظهر الأسعار بعد فتح حساب جملة وتأكيده عبر واتساب.</p><p>يبحث عنه التجار أيضاً باسم «Nar Çayı 10&#039;lu»، و«شاي جملة اسطنبول».</p>",,160,مشروبات,1,,,شاي,"Nar Çayı 10'lu",pomegranate,"10 قطعة",10,علبة
simple,BK-B77BB9,"شاي الليمون",1,0,visible,"<p>شاي بنكهة الليمون في علبة من 10 قطع، يكمل رف المشروبات الساخنة في البقالة. التعبئة: 10 قطعة.</p>","<p><strong>شاي الليمون</strong> (<span lang=""tr"">Limon Çayı 10&#039;lu</span>): شاي بنكهة الليمون في علبة من 10 قطع، يكمل رف المشروبات الساخنة في البقالة. متوفر بالجملة لمحلات البقالة والماركت في إسطنبول.</p><h2>تفاصيل البيع بالجملة</h2><ul><li>وحدة البيع: علبة فيها 10 قطعة</li><li>التعبئة: 10 قطعة</li><li>القسم: العصائر والشاي</li></ul><h2>لماذا يطلبه أصحاب المحلات؟</h2><ul><li>تكمل رف المشروبات.</li><li>يطلبها الزبائن مع الكيك والبسكويت.</li><li>عبوات مناسبة للبيع بالقطعة.</li></ul><h2>التوصيل والدفع</h2><p>نوصل شاي الليمون إلى باب محلك أو نرتبه على الرف في كل مناطق إسطنبول، والدفع نقداً عند الاستلام. للطلبات خارج إسطنبول أو خارج تركيا يكون الدفع بتحويل بنكي. تظهر الأسعار بعد فتح حساب جملة وتأكيده عبر واتساب.</p><p>يبحث عنه التجار أيضاً باسم «Limon Çayı 10&#039;lu»، و«شاي جملة اسطنبول».</p>",,160,مشروبات,1,,,شاي,"Limon Çayı 10'lu",lemon,"10 قطعة",10,علبة
simple,BK-783841,"شوكوبوينت سميري ظرف 20 غرام",1,0,visible,"<p>منتج أطفال بمفاجأة من سميري (Smiry)، وزن القطعة 20 غرام، يجذب الصغار على رف الكاشير. التعبئة: 24 × 20 غ.</p>","<p><strong>شوكوبوينت سميري ظرف 20 غرام</strong> (<span lang=""tr"">Smiry Chocopoint Zarf 20 g</span>): منتج أطفال بمفاجأة من سميري (Smiry)، وزن القطعة 20 غرام، يجذب الصغار على رف الكاشير. من منتجات سميري (Smiry)، متوفر عندنا بالجملة لمحلات البقالة والماركت في إسطنبول.</p><h2>تفاصيل البيع بالجملة</h2><ul><li>وحدة البيع: علبة فيها 24 قطعة</li><li>التعبئة: 24 × 20 غ</li><li>القسم: الألعاب والمفاجآت</li><li>العلامة: سميري · Smiry</li></ul><h2>لماذا يطلبه أصحاب المحلات؟</h2><ul><li>مفاجأة يحبها الأطفال.</li><li>ربح جيد للقطعة الواحدة.</li><li>تُعرض قرب الكاشير وتجذب العائلات.</li></ul><h2>التوصيل والدفع</h2><p>نوصل شوكوبوينت سميري ظرف 20 غرام إلى باب محلك أو نرتبه على الرف في كل مناطق إسطنبول، والدفع نقداً عند الاستلام. للطلبات خارج إسطنبول أو خارج تركيا يكون الدفع بتحويل بنكي. تظهر الأسعار بعد فتح حساب جملة وتأكيده عبر واتساب.</p><p>يبحث عنه التجار أيضاً باسم «Smiry Chocopoint Zarf 20 g»، و«سميري شوكوبوينت جملة»، و«شوكوبوينت جملة اسطنبول».</p>",,140,ألعاب,1,سميري,smiry,شوكوبوينت,"Smiry Chocopoint Zarf 20 g",chocolate,"24 × 20 غ",24,علبة
simple,BK-605BF8,"شولين بابيتا 23 غرام",1,0,visible,"<p>ويفر وشوكولاتة من شولين (Şölen) بنكهة الشوكولاتة، وزن القطعة 23 غرام، هامش جيد ودوران سريع. التعبئة: 24 × 23 غ.</p>","<p><strong>شولين بابيتا 23 غرام</strong> (<span lang=""tr"">Şölen Papita 23 g</span>): ويفر وشوكولاتة من شولين (Şölen) بنكهة الشوكولاتة، وزن القطعة 23 غرام، هامش جيد ودوران سريع. من منتجات شولين (Şölen)، متوفر عندنا بالجملة لمحلات البقالة والماركت في إسطنبول.</p><h2>تفاصيل البيع بالجملة</h2><ul><li>وحدة البيع: علبة فيها 24 قطعة</li><li>التعبئة: 24 × 23 غ</li><li>القسم: الشوكولاتة والويفر</li><li>العلامة: شولين · Şölen</li></ul><h2>لماذا يطلبه أصحاب المحلات؟</h2><ul><li>صنف شراء سريع قرب الكاشير.</li><li>سعر القطعة صغير فيشجع الشراء المتكرر.</li><li>مطلوب لدى الأطفال والشباب.</li></ul><h2>التوصيل والدفع</h2><p>نوصل شولين بابيتا 23 غرام إلى باب محلك أو نرتبه على الرف في كل مناطق إسطنبول، والدفع نقداً عند الاستلام. للطلبات خارج إسطنبول أو خارج تركيا يكون الدفع بتحويل بنكي. تظهر الأسعار بعد فتح حساب جملة وتأكيده عبر واتساب.</p><p>يبحث عنه التجار أيضاً باسم «Şölen Papita 23 g»، و«شولين بابيتا جملة»، و«بابيتا جملة اسطنبول».</p>",,245,شوكولاتة,1,شولين,solen,بابيتا,"Şölen Papita 23 g",chocolate,"24 × 23 غ",24,علبة
simple,BK-F571E6,"شولين بابيتا كراميل 20 غرام",1,0,visible,"<p>ويفر وشوكولاتة من شولين (Şölen) بنكهة الكراميل، وزن القطعة 20 غرام، هامش جيد ودوران سريع. التعبئة: 24 × 20 غ.</p>","<p><strong>شولين بابيتا كراميل 20 غرام</strong> (<span lang=""tr"">Şölen Papita Karamel 20 g</span>): ويفر وشوكولاتة من شولين (Şölen) بنكهة الكراميل، وزن القطعة 20 غرام، هامش جيد ودوران سريع. من منتجات شولين (Şölen)، متوفر عندنا بالجملة لمحلات البقالة والماركت في إسطنبول.</p><h2>تفاصيل البيع بالجملة</h2><ul><li>وحدة البيع: علبة فيها 24 قطعة</li><li>التعبئة: 24 × 20 غ</li><li>القسم: الشوكولاتة والويفر</li><li>العلامة: شولين · Şölen</li></ul><h2>لماذا يطلبه أصحاب المحلات؟</h2><ul><li>صنف شراء سريع قرب الكاشير.</li><li>سعر القطعة صغير فيشجع الشراء المتكرر.</li><li>مطلوب لدى الأطفال والشباب.</li></ul><h2>التوصيل والدفع</h2><p>نوصل شولين بابيتا كراميل 20 غرام إلى باب محلك أو نرتبه على الرف في كل مناطق إسطنبول، والدفع نقداً عند الاستلام. للطلبات خارج إسطنبول أو خارج تركيا يكون الدفع بتحويل بنكي. تظهر الأسعار بعد فتح حساب جملة وتأكيده عبر واتساب.</p><p>يبحث عنه التجار أيضاً باسم «Şölen Papita Karamel 20 g»، و«شولين بابيتا جملة»، و«بابيتا جملة اسطنبول».</p>",,245,شوكولاتة,1,شولين,solen,بابيتا,"Şölen Papita Karamel 20 g",caramel,"24 × 20 غ",24,علبة
simple,BK-CE162D,"شولين بومباستيك فانتاستيك بار 40 غرام",1,1,visible,"<p>ويفر وشوكولاتة من شولين (Şölen) بنكهة الشوكولاتة، وزن القطعة 40 غرام، هامش جيد ودوران سريع. التعبئة: 12 × 40 غ.</p>","<p><strong>شولين بومباستيك فانتاستيك بار 40 غرام</strong> (<span lang=""tr"">Şölen Bombastic Fantastic Bar 40 g</span>): ويفر وشوكولاتة من شولين (Şölen) بنكهة الشوكولاتة، وزن القطعة 40 غرام، هامش جيد ودوران سريع. من منتجات شولين (Şölen)، متوفر عندنا بالجملة لمحلات البقالة والماركت في إسطنبول.</p><h2>تفاصيل البيع بالجملة</h2><ul><li>وحدة البيع: علبة فيها 12 قطعة</li><li>التعبئة: 12 × 40 غ</li><li>القسم: الشوكولاتة والويفر</li><li>العلامة: شولين · Şölen</li></ul><h2>لماذا يطلبه أصحاب المحلات؟</h2><ul><li>صنف شراء سريع قرب الكاشير.</li><li>سعر القطعة صغير فيشجع الشراء المتكرر.</li><li>مطلوب لدى الأطفال والشباب.</li></ul><h2>التوصيل والدفع</h2><p>نوصل شولين بومباستيك فانتاستيك بار 40 غرام إلى باب محلك أو نرتبه على الرف في كل مناطق إسطنبول، والدفع نقداً عند الاستلام. للطلبات خارج إسطنبول أو خارج تركيا يكون الدفع بتحويل بنكي. تظهر الأسعار بعد فتح حساب جملة وتأكيده عبر واتساب.</p><p>يبحث عنه التجار أيضاً باسم «Şölen Bombastic Fantastic Bar 40 g»، و«شولين بومباستيك جملة»، و«بومباستيك جملة اسطنبول».</p>",,265,شوكولاتة,1,شولين,solen,بومباستيك,"Şölen Bombastic Fantastic Bar 40 g",chocolate,"12 × 40 غ",12,علبة
simple,BK-5B31BD,"شولين بومباستيك مارشميللو 40 غرام",1,0,visible,"<p>ويفر وشوكولاتة من شولين (Şölen) بنكهة المارشميللو، وزن القطعة 40 غرام، هامش جيد ودوران سريع. التعبئة: 12 × 40 غ.</p>","<p><strong>شولين بومباستيك مارشميللو 40 غرام</strong> (<span lang=""tr"">Şölen Bombastic Marshmallow 40 g</span>): ويفر وشوكولاتة من شولين (Şölen) بنكهة المارشميللو، وزن القطعة 40 غرام، هامش جيد ودوران سريع. من منتجات شولين (Şölen)، متوفر عندنا بالجملة لمحلات البقالة والماركت في إسطنبول.</p><h2>تفاصيل البيع بالجملة</h2><ul><li>وحدة البيع: علبة فيها 12 قطعة</li><li>التعبئة: 12 × 40 غ</li><li>القسم: الشوكولاتة والويفر</li><li>العلامة: شولين · Şölen</li></ul><h2>لماذا يطلبه أصحاب المحلات؟</h2><ul><li>صنف شراء سريع قرب الكاشير.</li><li>سعر القطعة صغير فيشجع الشراء المتكرر.</li><li>مطلوب لدى الأطفال والشباب.</li></ul><h2>التوصيل والدفع</h2><p>نوصل شولين بومباستيك مارشميللو 40 غرام إلى باب محلك أو نرتبه على الرف في كل مناطق إسطنبول، والدفع نقداً عند الاستلام. للطلبات خارج إسطنبول أو خارج تركيا يكون الدفع بتحويل بنكي. تظهر الأسعار بعد فتح حساب جملة وتأكيده عبر واتساب.</p><p>يبحث عنه التجار أيضاً باسم «Şölen Bombastic Marshmallow 40 g»، و«شولين بومباستيك جملة»، و«بومباستيك جملة اسطنبول».</p>",,265,شوكولاتة,1,شولين,solen,بومباستيك,"Şölen Bombastic Marshmallow 40 g",marshmallow,"12 × 40 غ",12,علبة
simple,BK-055C53,"شولين بيسكولاتا ستيك 27.5 غرام",1,0,visible,"<p>بسكويت من شولين (Şölen) بطعم الشوكولاتة، وزن القطعة 27.5 غرام، صنف ثابت الطلب على رف البسكويت. التعبئة: 16 × 27.5 غ.</p>","<p><strong>شولين بيسكولاتا ستيك 27.5 غرام</strong> (<span lang=""tr"">Şölen Biscolata Stick 27,5 g</span>): بسكويت من شولين (Şölen) بطعم الشوكولاتة، وزن القطعة 27.5 غرام، صنف ثابت الطلب على رف البسكويت. من منتجات شولين (Şölen)، متوفر عندنا بالجملة لمحلات البقالة والماركت في إسطنبول.</p><h2>تفاصيل البيع بالجملة</h2><ul><li>وحدة البيع: علبة فيها 16 قطعة</li><li>التعبئة: 16 × 27.5 غ</li><li>القسم: البسكويت والكوكيز</li><li>العلامة: شولين · Şölen</li></ul><h2>لماذا يطلبه أصحاب المحلات؟</h2><ul><li>من أكثر الأصناف دوراناً في البقالات طوال العام.</li><li>مناسب للضيافة ووقت الشاي والمدارس.</li><li>هامش ربح جيد عند البيع بالقطعة.</li></ul><h2>التوصيل والدفع</h2><p>نوصل شولين بيسكولاتا ستيك 27.5 غرام إلى باب محلك أو نرتبه على الرف في كل مناطق إسطنبول، والدفع نقداً عند الاستلام. للطلبات خارج إسطنبول أو خارج تركيا يكون الدفع بتحويل بنكي. تظهر الأسعار بعد فتح حساب جملة وتأكيده عبر واتساب.</p><p>يبحث عنه التجار أيضاً باسم «Şölen Biscolata Stick 27,5 g»، و«شولين بيسكولاتا جملة»، و«بيسكولاتا جملة اسطنبول».</p>",,280,بسكويت,1,شولين,solen,بيسكولاتا,"Şölen Biscolata Stick 27,5 g",chocolate,"16 × 27.5 غ",16,علبة
simple,BK-809DDB,"شولين لوبو سوفليه 40 غرام",1,0,visible,"<p>كيك مغلّف فردياً من شولين (Şölen) بنكهة الشوكولاتة، وزن القطعة 40 غرام، يباع بسرعة في البقالات والمقاصف. التعبئة: 12 × 40 غ.</p>","<p><strong>شولين لوبو سوفليه 40 غرام</strong> (<span lang=""tr"">Şölen Lupo Sufle 40 g</span>): كيك مغلّف فردياً من شولين (Şölen) بنكهة الشوكولاتة، وزن القطعة 40 غرام، يباع بسرعة في البقالات والمقاصف. من منتجات شولين (Şölen)، متوفر عندنا بالجملة لمحلات البقالة والماركت في إسطنبول.</p><h2>تفاصيل البيع بالجملة</h2><ul><li>وحدة البيع: علبة فيها 12 قطعة</li><li>التعبئة: 12 × 40 غ</li><li>القسم: الكيك والرول</li><li>العلامة: شولين · Şölen</li></ul><h2>لماذا يطلبه أصحاب المحلات؟</h2><ul><li>وجبة خفيفة مشبعة يطلبها الطلاب والعمال يومياً.</li><li>مغلّف فردياً ومناسب للبيع بالقطعة بجانب المشروبات.</li><li>يُعرض على الرف دون تبريد.</li></ul><h2>التوصيل والدفع</h2><p>نوصل شولين لوبو سوفليه 40 غرام إلى باب محلك أو نرتبه على الرف في كل مناطق إسطنبول، والدفع نقداً عند الاستلام. للطلبات خارج إسطنبول أو خارج تركيا يكون الدفع بتحويل بنكي. تظهر الأسعار بعد فتح حساب جملة وتأكيده عبر واتساب.</p><p>يبحث عنه التجار أيضاً باسم «Şölen Lupo Sufle 40 g»، و«شولين لوبو جملة»، و«لوبو جملة اسطنبول».</p>",,260,كيك,1,شولين,solen,لوبو,"Şölen Lupo Sufle 40 g",chocolate,"12 × 40 غ",12,علبة
simple,BK-80D4D6,"شولين نوتي ماكس فستق 44 غرام",1,0,visible,"<p>ويفر وشوكولاتة من شولين (Şölen) بنكهة الفول السوداني، وزن القطعة 44 غرام، هامش جيد ودوران سريع. التعبئة: 16 × 44 غ.</p>","<p><strong>شولين نوتي ماكس فستق 44 غرام</strong> (<span lang=""tr"">Şölen Nutymax Fıstıklı 44 g</span>): ويفر وشوكولاتة من شولين (Şölen) بنكهة الفول السوداني، وزن القطعة 44 غرام، هامش جيد ودوران سريع. من منتجات شولين (Şölen)، متوفر عندنا بالجملة لمحلات البقالة والماركت في إسطنبول.</p><h2>تفاصيل البيع بالجملة</h2><ul><li>وحدة البيع: علبة فيها 16 قطعة</li><li>التعبئة: 16 × 44 غ</li><li>القسم: الشوكولاتة والويفر</li><li>العلامة: شولين · Şölen</li></ul><h2>لماذا يطلبه أصحاب المحلات؟</h2><ul><li>صنف شراء سريع قرب الكاشير.</li><li>سعر القطعة صغير فيشجع الشراء المتكرر.</li><li>مطلوب لدى الأطفال والشباب.</li></ul><h2>التوصيل والدفع</h2><p>نوصل شولين نوتي ماكس فستق 44 غرام إلى باب محلك أو نرتبه على الرف في كل مناطق إسطنبول، والدفع نقداً عند الاستلام. للطلبات خارج إسطنبول أو خارج تركيا يكون الدفع بتحويل بنكي. تظهر الأسعار بعد فتح حساب جملة وتأكيده عبر واتساب.</p><p>يبحث عنه التجار أيضاً باسم «Şölen Nutymax Fıstıklı 44 g»، و«شولين نوتي ماكس جملة»، و«نوتي ماكس جملة اسطنبول».</p>",,475,شوكولاتة,1,شولين,solen,"نوتي ماكس","Şölen Nutymax Fıstıklı 44 g",peanut,"16 × 44 غ",16,علبة
simple,BK-C2C1D4,"شيكو ميكو 14 غرام",1,0,visible,"<p>سكاكر من شيكو ميكو (Çiko Miko) بألوان متنوعة، وزن القطعة 14 غرام، يحبها الأطفال وتُباع بالقطعة بسعر صغير. التعبئة: 100 × 14 غ.</p>","<p><strong>شيكو ميكو 14 غرام</strong> (<span lang=""tr"">Çiko Miko Şeker 14 g (100 adet)</span>): سكاكر من شيكو ميكو (Çiko Miko) بألوان متنوعة، وزن القطعة 14 غرام، يحبها الأطفال وتُباع بالقطعة بسعر صغير. من منتجات شيكو ميكو (Çiko Miko)، متوفر عندنا بالجملة لمحلات البقالة والماركت في إسطنبول.</p><h2>تفاصيل البيع بالجملة</h2><ul><li>وحدة البيع: علبة فيها 100 قطعة</li><li>التعبئة: 100 × 14 غ</li><li>القسم: السكاكر والجيلي</li><li>العلامة: شيكو ميكو · Çiko Miko</li></ul><h2>لماذا يطلبه أصحاب المحلات؟</h2><ul><li>يشتريها الأطفال بالقطعة كل يوم.</li><li>سعر صغير ودوران سريع.</li><li>تجذب الصغار إلى رف الكاشير.</li></ul><h2>التوصيل والدفع</h2><p>نوصل شيكو ميكو 14 غرام إلى باب محلك أو نرتبه على الرف في كل مناطق إسطنبول، والدفع نقداً عند الاستلام. للطلبات خارج إسطنبول أو خارج تركيا يكون الدفع بتحويل بنكي. تظهر الأسعار بعد فتح حساب جملة وتأكيده عبر واتساب.</p><p>يبحث عنه التجار أيضاً باسم «Çiko Miko Şeker 14 g (100 adet)»، و«شيكو ميكو شيكو ميكو جملة»، و«شيكو ميكو جملة اسطنبول».</p>",,375,سكاكر,1,"شيكو ميكو",chikomiko,"شيكو ميكو","Çiko Miko Şeker 14 g (100 adet)",mixed,"100 × 14 غ",100,علبة
simple,BK-9AE34A,"شيكو ميكو اشكال 25 غرام",1,0,visible,"<p>حلوى أطفال من شيكو ميكو (Çiko Miko) بنكهة الشوكولاتة، وزن القطعة 25 غرام، مناسبة لرف الكاشير والأكشاك. التعبئة: 24 × 25 غ.</p>","<p><strong>شيكو ميكو اشكال 25 غرام</strong> (<span lang=""tr"">Çiko Miko Şekiller 25 g</span>): حلوى أطفال من شيكو ميكو (Çiko Miko) بنكهة الشوكولاتة، وزن القطعة 25 غرام، مناسبة لرف الكاشير والأكشاك. من منتجات شيكو ميكو (Çiko Miko)، متوفر عندنا بالجملة لمحلات البقالة والماركت في إسطنبول.</p><h2>تفاصيل البيع بالجملة</h2><ul><li>وحدة البيع: علبة فيها 24 قطعة</li><li>التعبئة: 24 × 25 غ</li><li>القسم: السكاكر والجيلي</li><li>العلامة: شيكو ميكو · Çiko Miko</li></ul><h2>لماذا يطلبه أصحاب المحلات؟</h2><ul><li>يشتريها الأطفال بالقطعة كل يوم.</li><li>سعر صغير ودوران سريع.</li><li>تجذب الصغار إلى رف الكاشير.</li></ul><h2>التوصيل والدفع</h2><p>نوصل شيكو ميكو اشكال 25 غرام إلى باب محلك أو نرتبه على الرف في كل مناطق إسطنبول، والدفع نقداً عند الاستلام. للطلبات خارج إسطنبول أو خارج تركيا يكون الدفع بتحويل بنكي. تظهر الأسعار بعد فتح حساب جملة وتأكيده عبر واتساب.</p><p>يبحث عنه التجار أيضاً باسم «Çiko Miko Şekiller 25 g»، و«شيكو ميكو شيكو ميكو جملة»، و«شيكو ميكو جملة اسطنبول».</p>",,180,سكاكر,1,"شيكو ميكو",chikomiko,"شيكو ميكو","Çiko Miko Şekiller 25 g",chocolate,"24 × 25 غ",24,علبة
simple,BK-EA80C2,"شيكو ميكو شوكولا 28 غرام",1,0,visible,"<p>حلوى أطفال من شيكو ميكو (Çiko Miko) بنكهة الشوكولاتة، وزن القطعة 28 غرام، مناسبة لرف الكاشير والأكشاك. التعبئة: 24 × 28 غ.</p>","<p><strong>شيكو ميكو شوكولا 28 غرام</strong> (<span lang=""tr"">Çiko Miko Çikolatalı 28 g</span>): حلوى أطفال من شيكو ميكو (Çiko Miko) بنكهة الشوكولاتة، وزن القطعة 28 غرام، مناسبة لرف الكاشير والأكشاك. من منتجات شيكو ميكو (Çiko Miko)، متوفر عندنا بالجملة لمحلات البقالة والماركت في إسطنبول.</p><h2>تفاصيل البيع بالجملة</h2><ul><li>وحدة البيع: علبة فيها 24 قطعة</li><li>التعبئة: 24 × 28 غ</li><li>القسم: السكاكر والجيلي</li><li>العلامة: شيكو ميكو · Çiko Miko</li></ul><h2>لماذا يطلبه أصحاب المحلات؟</h2><ul><li>يشتريها الأطفال بالقطعة كل يوم.</li><li>سعر صغير ودوران سريع.</li><li>تجذب الصغار إلى رف الكاشير.</li></ul><h2>التوصيل والدفع</h2><p>نوصل شيكو ميكو شوكولا 28 غرام إلى باب محلك أو نرتبه على الرف في كل مناطق إسطنبول، والدفع نقداً عند الاستلام. للطلبات خارج إسطنبول أو خارج تركيا يكون الدفع بتحويل بنكي. تظهر الأسعار بعد فتح حساب جملة وتأكيده عبر واتساب.</p><p>يبحث عنه التجار أيضاً باسم «Çiko Miko Çikolatalı 28 g»، و«شيكو ميكو شيكو ميكو جملة»، و«شيكو ميكو جملة اسطنبول».</p>",,155,سكاكر,1,"شيكو ميكو",chikomiko,"شيكو ميكو","Çiko Miko Çikolatalı 28 g",chocolate,"24 × 28 غ",24,علبة
simple,BK-2B4637,"شيكو ميكو فانيليا 30 غرام",1,0,visible,"<p>سكاكر من شيكو ميكو (Çiko Miko) بطعم الفانيليا، وزن القطعة 30 غرام، يحبها الأطفال وتُباع بالقطعة بسعر صغير. التعبئة: 24 × 30 غ.</p>","<p><strong>شيكو ميكو فانيليا 30 غرام</strong> (<span lang=""tr"">Çiko Miko Vanilyalı 30 g</span>): سكاكر من شيكو ميكو (Çiko Miko) بطعم الفانيليا، وزن القطعة 30 غرام، يحبها الأطفال وتُباع بالقطعة بسعر صغير. من منتجات شيكو ميكو (Çiko Miko)، متوفر عندنا بالجملة لمحلات البقالة والماركت في إسطنبول.</p><h2>تفاصيل البيع بالجملة</h2><ul><li>وحدة البيع: علبة فيها 24 قطعة</li><li>التعبئة: 24 × 30 غ</li><li>القسم: السكاكر والجيلي</li><li>العلامة: شيكو ميكو · Çiko Miko</li></ul><h2>لماذا يطلبه أصحاب المحلات؟</h2><ul><li>يشتريها الأطفال بالقطعة كل يوم.</li><li>سعر صغير ودوران سريع.</li><li>تجذب الصغار إلى رف الكاشير.</li></ul><h2>التوصيل والدفع</h2><p>نوصل شيكو ميكو فانيليا 30 غرام إلى باب محلك أو نرتبه على الرف في كل مناطق إسطنبول، والدفع نقداً عند الاستلام. للطلبات خارج إسطنبول أو خارج تركيا يكون الدفع بتحويل بنكي. تظهر الأسعار بعد فتح حساب جملة وتأكيده عبر واتساب.</p><p>يبحث عنه التجار أيضاً باسم «Çiko Miko Vanilyalı 30 g»، و«شيكو ميكو شيكو ميكو جملة»، و«شيكو ميكو جملة اسطنبول».</p>",,155,سكاكر,1,"شيكو ميكو",chikomiko,"شيكو ميكو","Çiko Miko Vanilyalı 30 g",vanilla,"24 × 30 غ",24,علبة
simple,BK-98A3BB,"شيكو ميكو فريز 28 غرام",1,0,visible,"<p>حلوى أطفال من شيكو ميكو (Çiko Miko) بنكهة الفراولة، وزن القطعة 28 غرام، مناسبة لرف الكاشير والأكشاك. التعبئة: 24 × 28 غ.</p>","<p><strong>شيكو ميكو فريز 28 غرام</strong> (<span lang=""tr"">Çiko Miko Çilekli 28 g</span>): حلوى أطفال من شيكو ميكو (Çiko Miko) بنكهة الفراولة، وزن القطعة 28 غرام، مناسبة لرف الكاشير والأكشاك. من منتجات شيكو ميكو (Çiko Miko)، متوفر عندنا بالجملة لمحلات البقالة والماركت في إسطنبول.</p><h2>تفاصيل البيع بالجملة</h2><ul><li>وحدة البيع: علبة فيها 24 قطعة</li><li>التعبئة: 24 × 28 غ</li><li>القسم: السكاكر والجيلي</li><li>العلامة: شيكو ميكو · Çiko Miko</li></ul><h2>لماذا يطلبه أصحاب المحلات؟</h2><ul><li>يشتريها الأطفال بالقطعة كل يوم.</li><li>سعر صغير ودوران سريع.</li><li>تجذب الصغار إلى رف الكاشير.</li></ul><h2>التوصيل والدفع</h2><p>نوصل شيكو ميكو فريز 28 غرام إلى باب محلك أو نرتبه على الرف في كل مناطق إسطنبول، والدفع نقداً عند الاستلام. للطلبات خارج إسطنبول أو خارج تركيا يكون الدفع بتحويل بنكي. تظهر الأسعار بعد فتح حساب جملة وتأكيده عبر واتساب.</p><p>يبحث عنه التجار أيضاً باسم «Çiko Miko Çilekli 28 g»، و«شيكو ميكو شيكو ميكو جملة»، و«شيكو ميكو جملة اسطنبول».</p>",,155,سكاكر,1,"شيكو ميكو",chikomiko,"شيكو ميكو","Çiko Miko Çilekli 28 g",strawberry,"24 × 28 غ",24,علبة
simple,BK-B1D16D,"شيمشيك انفايت كيك 20 غرام",1,0,visible,"<p>قطعة كيك طرية من شيمشيك (Şimşek) بطعم الشوكولاتة، وزن القطعة 20 غرام، مناسبة لرف الكيك قرب الكاشير. التعبئة: 24 × 20 غ.</p>","<p><strong>شيمشيك انفايت كيك 20 غرام</strong> (<span lang=""tr"">Şimşek Invite Kek 20 g</span>): قطعة كيك طرية من شيمشيك (Şimşek) بطعم الشوكولاتة، وزن القطعة 20 غرام، مناسبة لرف الكيك قرب الكاشير. من منتجات شيمشيك (Şimşek)، متوفر عندنا بالجملة لمحلات البقالة والماركت في إسطنبول.</p><h2>تفاصيل البيع بالجملة</h2><ul><li>وحدة البيع: علبة فيها 24 قطعة</li><li>التعبئة: 24 × 20 غ</li><li>القسم: الكيك والرول</li><li>العلامة: شيمشيك · Şimşek</li></ul><h2>لماذا يطلبه أصحاب المحلات؟</h2><ul><li>وجبة خفيفة مشبعة يطلبها الطلاب والعمال يومياً.</li><li>مغلّف فردياً ومناسب للبيع بالقطعة بجانب المشروبات.</li><li>يُعرض على الرف دون تبريد.</li></ul><h2>التوصيل والدفع</h2><p>نوصل شيمشيك انفايت كيك 20 غرام إلى باب محلك أو نرتبه على الرف في كل مناطق إسطنبول، والدفع نقداً عند الاستلام. للطلبات خارج إسطنبول أو خارج تركيا يكون الدفع بتحويل بنكي. تظهر الأسعار بعد فتح حساب جملة وتأكيده عبر واتساب.</p><p>يبحث عنه التجار أيضاً باسم «Şimşek Invite Kek 20 g»، و«شيمشيك إنفايت جملة»، و«إنفايت جملة اسطنبول».</p>",,90,كيك,1,شيمشيك,simsek,إنفايت,"Şimşek Invite Kek 20 g",chocolate,"24 × 20 غ",24,علبة
simple,BK-5EF843,"شيمشيك بيسكياتو ستار 55 غرام",1,0,visible,"<p>بسكويت من شيمشيك (Şimşek) بطعم الشوكولاتة، وزن القطعة 55 غرام، صنف ثابت الطلب على رف البسكويت. التعبئة: 24 × 55 غ.</p>","<p><strong>شيمشيك بيسكياتو ستار 55 غرام</strong> (<span lang=""tr"">Şimşek Bisquitte Star 55 g</span>): بسكويت من شيمشيك (Şimşek) بطعم الشوكولاتة، وزن القطعة 55 غرام، صنف ثابت الطلب على رف البسكويت. من منتجات شيمشيك (Şimşek)، متوفر عندنا بالجملة لمحلات البقالة والماركت في إسطنبول.</p><h2>تفاصيل البيع بالجملة</h2><ul><li>وحدة البيع: علبة فيها 24 قطعة</li><li>التعبئة: 24 × 55 غ</li><li>القسم: البسكويت والكوكيز</li><li>العلامة: شيمشيك · Şimşek</li></ul><h2>لماذا يطلبه أصحاب المحلات؟</h2><ul><li>من أكثر الأصناف دوراناً في البقالات طوال العام.</li><li>مناسب للضيافة ووقت الشاي والمدارس.</li><li>هامش ربح جيد عند البيع بالقطعة.</li></ul><h2>التوصيل والدفع</h2><p>نوصل شيمشيك بيسكياتو ستار 55 غرام إلى باب محلك أو نرتبه على الرف في كل مناطق إسطنبول، والدفع نقداً عند الاستلام. للطلبات خارج إسطنبول أو خارج تركيا يكون الدفع بتحويل بنكي. تظهر الأسعار بعد فتح حساب جملة وتأكيده عبر واتساب.</p><p>يبحث عنه التجار أيضاً باسم «Şimşek Bisquitte Star 55 g»، و«شيمشيك بيسكياتو جملة»، و«بيسكياتو جملة اسطنبول».</p>",,185,بسكويت,1,شيمشيك,simsek,بيسكياتو,"Şimşek Bisquitte Star 55 g",chocolate,"24 × 55 غ",24,علبة
simple,BK-98A966,"شيمشيك بيسكياتو غولد 42 غرام",1,0,visible,"<p>بسكويت من شيمشيك (Şimşek) بطعم الكراميل، وزن القطعة 42 غرام، صنف ثابت الطلب على رف البسكويت. التعبئة: 24 × 42 غ.</p>","<p><strong>شيمشيك بيسكياتو غولد 42 غرام</strong> (<span lang=""tr"">Şimşek Bisquitte Gold 42 g</span>): بسكويت من شيمشيك (Şimşek) بطعم الكراميل، وزن القطعة 42 غرام، صنف ثابت الطلب على رف البسكويت. من منتجات شيمشيك (Şimşek)، متوفر عندنا بالجملة لمحلات البقالة والماركت في إسطنبول.</p><h2>تفاصيل البيع بالجملة</h2><ul><li>وحدة البيع: علبة فيها 24 قطعة</li><li>التعبئة: 24 × 42 غ</li><li>القسم: البسكويت والكوكيز</li><li>العلامة: شيمشيك · Şimşek</li></ul><h2>لماذا يطلبه أصحاب المحلات؟</h2><ul><li>من أكثر الأصناف دوراناً في البقالات طوال العام.</li><li>مناسب للضيافة ووقت الشاي والمدارس.</li><li>هامش ربح جيد عند البيع بالقطعة.</li></ul><h2>التوصيل والدفع</h2><p>نوصل شيمشيك بيسكياتو غولد 42 غرام إلى باب محلك أو نرتبه على الرف في كل مناطق إسطنبول، والدفع نقداً عند الاستلام. للطلبات خارج إسطنبول أو خارج تركيا يكون الدفع بتحويل بنكي. تظهر الأسعار بعد فتح حساب جملة وتأكيده عبر واتساب.</p><p>يبحث عنه التجار أيضاً باسم «Şimşek Bisquitte Gold 42 g»، و«شيمشيك بيسكياتو جملة»، و«بيسكياتو جملة اسطنبول».</p>",,165,بسكويت,1,شيمشيك,simsek,بيسكياتو,"Şimşek Bisquitte Gold 42 g",caramel,"24 × 42 غ",24,علبة
simple,BK-4D9B49,"شيمشيك دبدوب ابيض 40 غرام",1,0,visible,"<p>بسكويت من شيمشيك (Şimşek) بنكهة الشوكولاتة البيضاء، وزن القطعة 40 غرام، من الأصناف سريعة الدوران في الماركت. التعبئة: 24 × 40 غ.</p>","<p><strong>شيمشيك دبدوب ابيض 40 غرام</strong> (<span lang=""tr"">Şimşek Dubdub Beyaz 40 g</span>): بسكويت من شيمشيك (Şimşek) بنكهة الشوكولاتة البيضاء، وزن القطعة 40 غرام، من الأصناف سريعة الدوران في الماركت. من منتجات شيمشيك (Şimşek)، متوفر عندنا بالجملة لمحلات البقالة والماركت في إسطنبول.</p><h2>تفاصيل البيع بالجملة</h2><ul><li>وحدة البيع: علبة فيها 24 قطعة</li><li>التعبئة: 24 × 40 غ</li><li>القسم: البسكويت والكوكيز</li><li>العلامة: شيمشيك · Şimşek</li></ul><h2>لماذا يطلبه أصحاب المحلات؟</h2><ul><li>من أكثر الأصناف دوراناً في البقالات طوال العام.</li><li>مناسب للضيافة ووقت الشاي والمدارس.</li><li>هامش ربح جيد عند البيع بالقطعة.</li></ul><h2>التوصيل والدفع</h2><p>نوصل شيمشيك دبدوب ابيض 40 غرام إلى باب محلك أو نرتبه على الرف في كل مناطق إسطنبول، والدفع نقداً عند الاستلام. للطلبات خارج إسطنبول أو خارج تركيا يكون الدفع بتحويل بنكي. تظهر الأسعار بعد فتح حساب جملة وتأكيده عبر واتساب.</p><p>يبحث عنه التجار أيضاً باسم «Şimşek Dubdub Beyaz 40 g»، و«شيمشيك دبدوب جملة»، و«دبدوب جملة اسطنبول».</p>",,185,بسكويت,1,شيمشيك,simsek,دبدوب,"Şimşek Dubdub Beyaz 40 g",white,"24 × 40 غ",24,علبة
simple,BK-57758E,"شيمشيك دبدوب اسود 40 غرام",1,0,visible,"<p>بسكويت من شيمشيك (Şimşek) بطعم الشوكولاتة الداكنة، وزن القطعة 40 غرام، صنف ثابت الطلب على رف البسكويت. التعبئة: 24 × 40 غ.</p>","<p><strong>شيمشيك دبدوب اسود 40 غرام</strong> (<span lang=""tr"">Şimşek Dubdub Siyah 40 g</span>): بسكويت من شيمشيك (Şimşek) بطعم الشوكولاتة الداكنة، وزن القطعة 40 غرام، صنف ثابت الطلب على رف البسكويت. من منتجات شيمشيك (Şimşek)، متوفر عندنا بالجملة لمحلات البقالة والماركت في إسطنبول.</p><h2>تفاصيل البيع بالجملة</h2><ul><li>وحدة البيع: علبة فيها 24 قطعة</li><li>التعبئة: 24 × 40 غ</li><li>القسم: البسكويت والكوكيز</li><li>العلامة: شيمشيك · Şimşek</li></ul><h2>لماذا يطلبه أصحاب المحلات؟</h2><ul><li>من أكثر الأصناف دوراناً في البقالات طوال العام.</li><li>مناسب للضيافة ووقت الشاي والمدارس.</li><li>هامش ربح جيد عند البيع بالقطعة.</li></ul><h2>التوصيل والدفع</h2><p>نوصل شيمشيك دبدوب اسود 40 غرام إلى باب محلك أو نرتبه على الرف في كل مناطق إسطنبول، والدفع نقداً عند الاستلام. للطلبات خارج إسطنبول أو خارج تركيا يكون الدفع بتحويل بنكي. تظهر الأسعار بعد فتح حساب جملة وتأكيده عبر واتساب.</p><p>يبحث عنه التجار أيضاً باسم «Şimşek Dubdub Siyah 40 g»، و«شيمشيك دبدوب جملة»، و«دبدوب جملة اسطنبول».</p>",,185,بسكويت,1,شيمشيك,simsek,دبدوب,"Şimşek Dubdub Siyah 40 g",dark,"24 × 40 غ",24,علبة
simple,BK-5482D5,"شيمشيك شوكوبايا شوكولا جوز الهند 50 غرام",1,0,visible,"<p>كيك مغلّف فردياً من شيمشيك (Şimşek) بنكهة جوز الهند، وزن القطعة 50 غرام، يباع بسرعة في البقالات والمقاصف. التعبئة: 24 × 50 غ.</p>","<p><strong>شيمشيك شوكوبايا شوكولا جوز الهند 50 غرام</strong> (<span lang=""tr"">Şimşek Çokobaya Hindistan Cevizli 50 g</span>): كيك مغلّف فردياً من شيمشيك (Şimşek) بنكهة جوز الهند، وزن القطعة 50 غرام، يباع بسرعة في البقالات والمقاصف. من منتجات شيمشيك (Şimşek)، متوفر عندنا بالجملة لمحلات البقالة والماركت في إسطنبول.</p><h2>تفاصيل البيع بالجملة</h2><ul><li>وحدة البيع: علبة فيها 24 قطعة</li><li>التعبئة: 24 × 50 غ</li><li>القسم: الكيك والرول</li><li>العلامة: شيمشيك · Şimşek</li></ul><h2>لماذا يطلبه أصحاب المحلات؟</h2><ul><li>وجبة خفيفة مشبعة يطلبها الطلاب والعمال يومياً.</li><li>مغلّف فردياً ومناسب للبيع بالقطعة بجانب المشروبات.</li><li>يُعرض على الرف دون تبريد.</li></ul><h2>التوصيل والدفع</h2><p>نوصل شيمشيك شوكوبايا شوكولا جوز الهند 50 غرام إلى باب محلك أو نرتبه على الرف في كل مناطق إسطنبول، والدفع نقداً عند الاستلام. للطلبات خارج إسطنبول أو خارج تركيا يكون الدفع بتحويل بنكي. تظهر الأسعار بعد فتح حساب جملة وتأكيده عبر واتساب.</p><p>يبحث عنه التجار أيضاً باسم «Şimşek Çokobaya Hindistan Cevizli 50 g»، و«شيمشيك شوكوبايا جملة»، و«شوكوبايا جملة اسطنبول».</p>",,185,كيك,1,شيمشيك,simsek,شوكوبايا,"Şimşek Çokobaya Hindistan Cevizli 50 g",coconut,"24 × 50 غ",24,علبة
simple,BK-E6D47C,"شيمشيك شوكوبايا فريز 50 غرام",1,0,visible,"<p>كيك مغلّف فردياً من شيمشيك (Şimşek) بنكهة الفراولة، وزن القطعة 50 غرام، يباع بسرعة في البقالات والمقاصف. التعبئة: 24 × 50 غ.</p>","<p><strong>شيمشيك شوكوبايا فريز 50 غرام</strong> (<span lang=""tr"">Şimşek Çokobaya Çilekli 50 g</span>): كيك مغلّف فردياً من شيمشيك (Şimşek) بنكهة الفراولة، وزن القطعة 50 غرام، يباع بسرعة في البقالات والمقاصف. من منتجات شيمشيك (Şimşek)، متوفر عندنا بالجملة لمحلات البقالة والماركت في إسطنبول.</p><h2>تفاصيل البيع بالجملة</h2><ul><li>وحدة البيع: علبة فيها 24 قطعة</li><li>التعبئة: 24 × 50 غ</li><li>القسم: الكيك والرول</li><li>العلامة: شيمشيك · Şimşek</li></ul><h2>لماذا يطلبه أصحاب المحلات؟</h2><ul><li>وجبة خفيفة مشبعة يطلبها الطلاب والعمال يومياً.</li><li>مغلّف فردياً ومناسب للبيع بالقطعة بجانب المشروبات.</li><li>يُعرض على الرف دون تبريد.</li></ul><h2>التوصيل والدفع</h2><p>نوصل شيمشيك شوكوبايا فريز 50 غرام إلى باب محلك أو نرتبه على الرف في كل مناطق إسطنبول، والدفع نقداً عند الاستلام. للطلبات خارج إسطنبول أو خارج تركيا يكون الدفع بتحويل بنكي. تظهر الأسعار بعد فتح حساب جملة وتأكيده عبر واتساب.</p><p>يبحث عنه التجار أيضاً باسم «Şimşek Çokobaya Çilekli 50 g»، و«شيمشيك شوكوبايا جملة»، و«شوكوبايا جملة اسطنبول».</p>",,185,كيك,1,شيمشيك,simsek,شوكوبايا,"Şimşek Çokobaya Çilekli 50 g",strawberry,"24 × 50 غ",24,علبة
simple,BK-F42F1B,"شيمشيك شوكوبايا كراميل 50 غرام",1,0,visible,"<p>كيك مغلّف فردياً من شيمشيك (Şimşek) بنكهة الكراميل، وزن القطعة 50 غرام، يباع بسرعة في البقالات والمقاصف. التعبئة: 24 × 50 غ.</p>","<p><strong>شيمشيك شوكوبايا كراميل 50 غرام</strong> (<span lang=""tr"">Şimşek Çokobaya Karamelli 50 g</span>): كيك مغلّف فردياً من شيمشيك (Şimşek) بنكهة الكراميل، وزن القطعة 50 غرام، يباع بسرعة في البقالات والمقاصف. من منتجات شيمشيك (Şimşek)، متوفر عندنا بالجملة لمحلات البقالة والماركت في إسطنبول.</p><h2>تفاصيل البيع بالجملة</h2><ul><li>وحدة البيع: علبة فيها 24 قطعة</li><li>التعبئة: 24 × 50 غ</li><li>القسم: الكيك والرول</li><li>العلامة: شيمشيك · Şimşek</li></ul><h2>لماذا يطلبه أصحاب المحلات؟</h2><ul><li>وجبة خفيفة مشبعة يطلبها الطلاب والعمال يومياً.</li><li>مغلّف فردياً ومناسب للبيع بالقطعة بجانب المشروبات.</li><li>يُعرض على الرف دون تبريد.</li></ul><h2>التوصيل والدفع</h2><p>نوصل شيمشيك شوكوبايا كراميل 50 غرام إلى باب محلك أو نرتبه على الرف في كل مناطق إسطنبول، والدفع نقداً عند الاستلام. للطلبات خارج إسطنبول أو خارج تركيا يكون الدفع بتحويل بنكي. تظهر الأسعار بعد فتح حساب جملة وتأكيده عبر واتساب.</p><p>يبحث عنه التجار أيضاً باسم «Şimşek Çokobaya Karamelli 50 g»، و«شيمشيك شوكوبايا جملة»، و«شوكوبايا جملة اسطنبول».</p>",,185,كيك,1,شيمشيك,simsek,شوكوبايا,"Şimşek Çokobaya Karamelli 50 g",caramel,"24 × 50 غ",24,علبة
simple,BK-8F75F9,"شيمشيك شوكوبايا موز 50 غرام",1,0,visible,"<p>كيك من شيمشيك (Şimşek) بنكهة الموز، وزن القطعة 50 غرام، من الأصناف التي يطلبها الأطفال والطلاب كل يوم. التعبئة: 24 × 50 غ.</p>","<p><strong>شيمشيك شوكوبايا موز 50 غرام</strong> (<span lang=""tr"">Şimşek Çokobaya Muzlu 50 g</span>): كيك من شيمشيك (Şimşek) بنكهة الموز، وزن القطعة 50 غرام، من الأصناف التي يطلبها الأطفال والطلاب كل يوم. من منتجات شيمشيك (Şimşek)، متوفر عندنا بالجملة لمحلات البقالة والماركت في إسطنبول.</p><h2>تفاصيل البيع بالجملة</h2><ul><li>وحدة البيع: علبة فيها 24 قطعة</li><li>التعبئة: 24 × 50 غ</li><li>القسم: الكيك والرول</li><li>العلامة: شيمشيك · Şimşek</li></ul><h2>لماذا يطلبه أصحاب المحلات؟</h2><ul><li>وجبة خفيفة مشبعة يطلبها الطلاب والعمال يومياً.</li><li>مغلّف فردياً ومناسب للبيع بالقطعة بجانب المشروبات.</li><li>يُعرض على الرف دون تبريد.</li></ul><h2>التوصيل والدفع</h2><p>نوصل شيمشيك شوكوبايا موز 50 غرام إلى باب محلك أو نرتبه على الرف في كل مناطق إسطنبول، والدفع نقداً عند الاستلام. للطلبات خارج إسطنبول أو خارج تركيا يكون الدفع بتحويل بنكي. تظهر الأسعار بعد فتح حساب جملة وتأكيده عبر واتساب.</p><p>يبحث عنه التجار أيضاً باسم «Şimşek Çokobaya Muzlu 50 g»، و«شيمشيك شوكوبايا جملة»، و«شوكوبايا جملة اسطنبول».</p>",,185,كيك,1,شيمشيك,simsek,شوكوبايا,"Şimşek Çokobaya Muzlu 50 g",banana,"24 × 50 غ",24,علبة
simple,BK-CA5A65,"شيمشيك نيكسترا 25 غرام",1,0,visible,"<p>بسكويت مقرمش من شيمشيك (Şimşek) بنكهة الشوكولاتة، وزن القطعة 25 غرام، يناسب الضيافة والشاي ووجبات المدرسة. التعبئة: 24 × 25 غ.</p>","<p><strong>شيمشيك نيكسترا 25 غرام</strong> (<span lang=""tr"">Şimşek Nextra 25 g</span>): بسكويت مقرمش من شيمشيك (Şimşek) بنكهة الشوكولاتة، وزن القطعة 25 غرام، يناسب الضيافة والشاي ووجبات المدرسة. من منتجات شيمشيك (Şimşek)، متوفر عندنا بالجملة لمحلات البقالة والماركت في إسطنبول.</p><h2>تفاصيل البيع بالجملة</h2><ul><li>وحدة البيع: علبة فيها 24 قطعة</li><li>التعبئة: 24 × 25 غ</li><li>القسم: البسكويت والكوكيز</li><li>العلامة: شيمشيك · Şimşek</li></ul><h2>لماذا يطلبه أصحاب المحلات؟</h2><ul><li>من أكثر الأصناف دوراناً في البقالات طوال العام.</li><li>مناسب للضيافة ووقت الشاي والمدارس.</li><li>هامش ربح جيد عند البيع بالقطعة.</li></ul><h2>التوصيل والدفع</h2><p>نوصل شيمشيك نيكسترا 25 غرام إلى باب محلك أو نرتبه على الرف في كل مناطق إسطنبول، والدفع نقداً عند الاستلام. للطلبات خارج إسطنبول أو خارج تركيا يكون الدفع بتحويل بنكي. تظهر الأسعار بعد فتح حساب جملة وتأكيده عبر واتساب.</p><p>يبحث عنه التجار أيضاً باسم «Şimşek Nextra 25 g»، و«شيمشيك نيكسترا جملة»، و«نيكسترا جملة اسطنبول».</p>",,120,بسكويت,1,شيمشيك,simsek,نيكسترا,"Şimşek Nextra 25 g",chocolate,"24 × 25 غ",24,علبة
simple,BK-6F24A0,"عصير سبيكو 250 مل",1,0,visible,"<p>مشروب بنكهة الفواكه، وزن القطعة 250 مل، يكمل رف المشروبات في البقالة. التعبئة: 24 × 250 مل.</p>","<p><strong>عصير سبيكو 250 مل</strong> (<span lang=""tr"">Spiko Meyve Suyu 250 ml</span>): مشروب بنكهة الفواكه، وزن القطعة 250 مل، يكمل رف المشروبات في البقالة. متوفر بالجملة لمحلات البقالة والماركت في إسطنبول.</p><h2>تفاصيل البيع بالجملة</h2><ul><li>وحدة البيع: علبة فيها 24 قطعة</li><li>التعبئة: 24 × 250 مل</li><li>القسم: العصائر والشاي</li></ul><h2>لماذا يطلبه أصحاب المحلات؟</h2><ul><li>تكمل رف المشروبات.</li><li>يطلبها الزبائن مع الكيك والبسكويت.</li><li>عبوات مناسبة للبيع بالقطعة.</li></ul><h2>التوصيل والدفع</h2><p>نوصل عصير سبيكو 250 مل إلى باب محلك أو نرتبه على الرف في كل مناطق إسطنبول، والدفع نقداً عند الاستلام. للطلبات خارج إسطنبول أو خارج تركيا يكون الدفع بتحويل بنكي. تظهر الأسعار بعد فتح حساب جملة وتأكيده عبر واتساب.</p><p>يبحث عنه التجار أيضاً باسم «Spiko Meyve Suyu 250 ml»، و«عصير سبيكو جملة اسطنبول».</p>",,600,مشروبات,1,,,"عصير سبيكو","Spiko Meyve Suyu 250 ml",fruit,"24 × 250 مل",24,علبة
simple,BK-127F02,"علكة 7 ستيك",1,0,visible,"<p>علكة بنكهة النعناع، تُعرض على الكاشير وتباع طوال اليوم. التعبئة: 24 قطعة.</p>","<p><strong>علكة 7 ستيك</strong> (<span lang=""tr"">7 Stick Sakız</span>): علكة بنكهة النعناع، تُعرض على الكاشير وتباع طوال اليوم. متوفر بالجملة لمحلات البقالة والماركت في إسطنبول.</p><h2>تفاصيل البيع بالجملة</h2><ul><li>وحدة البيع: علبة فيها 24 قطعة</li><li>التعبئة: 24 قطعة</li><li>القسم: العلكة</li></ul><h2>لماذا يطلبه أصحاب المحلات؟</h2><ul><li>أول صنف على الكاشير.</li><li>تُباع طوال اليوم دون موسم.</li><li>لا تحتاج مساحة كبيرة على الرف.</li></ul><h2>التوصيل والدفع</h2><p>نوصل علكة 7 ستيك إلى باب محلك أو نرتبه على الرف في كل مناطق إسطنبول، والدفع نقداً عند الاستلام. للطلبات خارج إسطنبول أو خارج تركيا يكون الدفع بتحويل بنكي. تظهر الأسعار بعد فتح حساب جملة وتأكيده عبر واتساب.</p><p>يبحث عنه التجار أيضاً باسم «7 Stick Sakız»، و«سفن ستيك جملة اسطنبول».</p>",,500,علكة,1,,,"سفن ستيك","7 Stick Sakız",mint,"24 قطعة",24,علبة
simple,BK-F42CBD,"علكة 7 ستيك جزدان",1,0,visible,"<p>علكة بنكهة النعناع، تُعرض على الكاشير وتباع طوال اليوم. التعبئة: 24 قطعة.</p>","<p><strong>علكة 7 ستيك جزدان</strong> (<span lang=""tr"">7 Stick Cüzdan Sakız</span>): علكة بنكهة النعناع، تُعرض على الكاشير وتباع طوال اليوم. متوفر بالجملة لمحلات البقالة والماركت في إسطنبول.</p><h2>تفاصيل البيع بالجملة</h2><ul><li>وحدة البيع: طرد فيها 24 قطعة</li><li>التعبئة: 24 قطعة</li><li>القسم: العلكة</li></ul><h2>لماذا يطلبه أصحاب المحلات؟</h2><ul><li>أول صنف على الكاشير.</li><li>تُباع طوال اليوم دون موسم.</li><li>لا تحتاج مساحة كبيرة على الرف.</li></ul><h2>التوصيل والدفع</h2><p>نوصل علكة 7 ستيك جزدان إلى باب محلك أو نرتبه على الرف في كل مناطق إسطنبول، والدفع نقداً عند الاستلام. للطلبات خارج إسطنبول أو خارج تركيا يكون الدفع بتحويل بنكي. تظهر الأسعار بعد فتح حساب جملة وتأكيده عبر واتساب.</p><p>يبحث عنه التجار أيضاً باسم «7 Stick Cüzdan Sakız»، و«سفن ستيك جملة اسطنبول».</p>",,600,علكة,1,,,"سفن ستيك","7 Stick Cüzdan Sakız",mint,"24 قطعة",24,طرد
simple,BK-889861,"علكة تاكسي ابيض",1,0,visible,"<p>علكة من تاكسي (Taksi) بنكهة النعناع، تُعرض على الكاشير وتباع طوال اليوم. التعبئة: 20 قطعة.</p>","<p><strong>علكة تاكسي ابيض</strong> (<span lang=""tr"">Taksi Sakız Beyaz</span>): علكة من تاكسي (Taksi) بنكهة النعناع، تُعرض على الكاشير وتباع طوال اليوم. من منتجات تاكسي (Taksi)، متوفر عندنا بالجملة لمحلات البقالة والماركت في إسطنبول.</p><h2>تفاصيل البيع بالجملة</h2><ul><li>وحدة البيع: علبة فيها 20 قطعة</li><li>التعبئة: 20 قطعة</li><li>القسم: العلكة</li><li>العلامة: تاكسي · Taksi</li></ul><h2>لماذا يطلبه أصحاب المحلات؟</h2><ul><li>أول صنف على الكاشير.</li><li>تُباع طوال اليوم دون موسم.</li><li>لا تحتاج مساحة كبيرة على الرف.</li></ul><h2>التوصيل والدفع</h2><p>نوصل علكة تاكسي ابيض إلى باب محلك أو نرتبه على الرف في كل مناطق إسطنبول، والدفع نقداً عند الاستلام. للطلبات خارج إسطنبول أو خارج تركيا يكون الدفع بتحويل بنكي. تظهر الأسعار بعد فتح حساب جملة وتأكيده عبر واتساب.</p><p>يبحث عنه التجار أيضاً باسم «Taksi Sakız Beyaz»، و«تاكسي تاكسي جملة»، و«تاكسي جملة اسطنبول».</p>",,100,علكة,1,تاكسي,taksi,تاكسي,"Taksi Sakız Beyaz",mint,"20 قطعة",20,علبة
simple,BK-511A1D,"علكة تاكسي احمر",1,0,visible,"<p>علكة من تاكسي (Taksi) بطعم الفراولة، صنف صغير السعر ودوران سريع. التعبئة: 20 قطعة.</p>","<p><strong>علكة تاكسي احمر</strong> (<span lang=""tr"">Taksi Sakız Kırmızı</span>): علكة من تاكسي (Taksi) بطعم الفراولة، صنف صغير السعر ودوران سريع. من منتجات تاكسي (Taksi)، متوفر عندنا بالجملة لمحلات البقالة والماركت في إسطنبول.</p><h2>تفاصيل البيع بالجملة</h2><ul><li>وحدة البيع: علبة فيها 20 قطعة</li><li>التعبئة: 20 قطعة</li><li>القسم: العلكة</li><li>العلامة: تاكسي · Taksi</li></ul><h2>لماذا يطلبه أصحاب المحلات؟</h2><ul><li>أول صنف على الكاشير.</li><li>تُباع طوال اليوم دون موسم.</li><li>لا تحتاج مساحة كبيرة على الرف.</li></ul><h2>التوصيل والدفع</h2><p>نوصل علكة تاكسي احمر إلى باب محلك أو نرتبه على الرف في كل مناطق إسطنبول، والدفع نقداً عند الاستلام. للطلبات خارج إسطنبول أو خارج تركيا يكون الدفع بتحويل بنكي. تظهر الأسعار بعد فتح حساب جملة وتأكيده عبر واتساب.</p><p>يبحث عنه التجار أيضاً باسم «Taksi Sakız Kırmızı»، و«تاكسي تاكسي جملة»، و«تاكسي جملة اسطنبول».</p>",,100,علكة,1,تاكسي,taksi,تاكسي,"Taksi Sakız Kırmızı",strawberry,"20 قطعة",20,علبة
simple,BK-6E85D0,"علكة تاكسي اخضر",1,0,visible,"<p>علكة من تاكسي (Taksi) بطعم النعناع، صنف صغير السعر ودوران سريع. التعبئة: 20 قطعة.</p>","<p><strong>علكة تاكسي اخضر</strong> (<span lang=""tr"">Taksi Sakız Yeşil</span>): علكة من تاكسي (Taksi) بطعم النعناع، صنف صغير السعر ودوران سريع. من منتجات تاكسي (Taksi)، متوفر عندنا بالجملة لمحلات البقالة والماركت في إسطنبول.</p><h2>تفاصيل البيع بالجملة</h2><ul><li>وحدة البيع: علبة فيها 20 قطعة</li><li>التعبئة: 20 قطعة</li><li>القسم: العلكة</li><li>العلامة: تاكسي · Taksi</li></ul><h2>لماذا يطلبه أصحاب المحلات؟</h2><ul><li>أول صنف على الكاشير.</li><li>تُباع طوال اليوم دون موسم.</li><li>لا تحتاج مساحة كبيرة على الرف.</li></ul><h2>التوصيل والدفع</h2><p>نوصل علكة تاكسي اخضر إلى باب محلك أو نرتبه على الرف في كل مناطق إسطنبول، والدفع نقداً عند الاستلام. للطلبات خارج إسطنبول أو خارج تركيا يكون الدفع بتحويل بنكي. تظهر الأسعار بعد فتح حساب جملة وتأكيده عبر واتساب.</p><p>يبحث عنه التجار أيضاً باسم «Taksi Sakız Yeşil»، و«تاكسي تاكسي جملة»، و«تاكسي جملة اسطنبول».</p>",,100,علكة,1,تاكسي,taksi,تاكسي,"Taksi Sakız Yeşil",mint,"20 قطعة",20,علبة
simple,BK-3202CD,"علكة تاكسي اصفر",1,0,visible,"<p>علكة من تاكسي (Taksi) بنكهة الليمون، تُعرض على الكاشير وتباع طوال اليوم. التعبئة: 20 قطعة.</p>","<p><strong>علكة تاكسي اصفر</strong> (<span lang=""tr"">Taksi Sakız Sarı</span>): علكة من تاكسي (Taksi) بنكهة الليمون، تُعرض على الكاشير وتباع طوال اليوم. من منتجات تاكسي (Taksi)، متوفر عندنا بالجملة لمحلات البقالة والماركت في إسطنبول.</p><h2>تفاصيل البيع بالجملة</h2><ul><li>وحدة البيع: علبة فيها 20 قطعة</li><li>التعبئة: 20 قطعة</li><li>القسم: العلكة</li><li>العلامة: تاكسي · Taksi</li></ul><h2>لماذا يطلبه أصحاب المحلات؟</h2><ul><li>أول صنف على الكاشير.</li><li>تُباع طوال اليوم دون موسم.</li><li>لا تحتاج مساحة كبيرة على الرف.</li></ul><h2>التوصيل والدفع</h2><p>نوصل علكة تاكسي اصفر إلى باب محلك أو نرتبه على الرف في كل مناطق إسطنبول، والدفع نقداً عند الاستلام. للطلبات خارج إسطنبول أو خارج تركيا يكون الدفع بتحويل بنكي. تظهر الأسعار بعد فتح حساب جملة وتأكيده عبر واتساب.</p><p>يبحث عنه التجار أيضاً باسم «Taksi Sakız Sarı»، و«تاكسي تاكسي جملة»، و«تاكسي جملة اسطنبول».</p>",,100,علكة,1,تاكسي,taksi,تاكسي,"Taksi Sakız Sarı",lemon,"20 قطعة",20,علبة
simple,BK-0CF3B5,"علكة تاكسي برتقالي",1,0,visible,"<p>علكة من تاكسي (Taksi) بنكهة البرتقال، تُعرض على الكاشير وتباع طوال اليوم. التعبئة: 20 قطعة.</p>","<p><strong>علكة تاكسي برتقالي</strong> (<span lang=""tr"">Taksi Sakız Turuncu</span>): علكة من تاكسي (Taksi) بنكهة البرتقال، تُعرض على الكاشير وتباع طوال اليوم. من منتجات تاكسي (Taksi)، متوفر عندنا بالجملة لمحلات البقالة والماركت في إسطنبول.</p><h2>تفاصيل البيع بالجملة</h2><ul><li>وحدة البيع: علبة فيها 20 قطعة</li><li>التعبئة: 20 قطعة</li><li>القسم: العلكة</li><li>العلامة: تاكسي · Taksi</li></ul><h2>لماذا يطلبه أصحاب المحلات؟</h2><ul><li>أول صنف على الكاشير.</li><li>تُباع طوال اليوم دون موسم.</li><li>لا تحتاج مساحة كبيرة على الرف.</li></ul><h2>التوصيل والدفع</h2><p>نوصل علكة تاكسي برتقالي إلى باب محلك أو نرتبه على الرف في كل مناطق إسطنبول، والدفع نقداً عند الاستلام. للطلبات خارج إسطنبول أو خارج تركيا يكون الدفع بتحويل بنكي. تظهر الأسعار بعد فتح حساب جملة وتأكيده عبر واتساب.</p><p>يبحث عنه التجار أيضاً باسم «Taksi Sakız Turuncu»، و«تاكسي تاكسي جملة»، و«تاكسي جملة اسطنبول».</p>",,100,علكة,1,تاكسي,taksi,تاكسي,"Taksi Sakız Turuncu",orange,"20 قطعة",20,علبة
simple,BK-FF2B6A,"علكة حامضة",1,0,visible,"<p>علكة بنكهة الطعم الحامض، تُعرض على الكاشير وتباع طوال اليوم. التعبئة: 100 قطعة.</p>","<p><strong>علكة حامضة</strong> (<span lang=""tr"">Ekşi Sakız (100 adet)</span>): علكة بنكهة الطعم الحامض، تُعرض على الكاشير وتباع طوال اليوم. متوفر بالجملة لمحلات البقالة والماركت في إسطنبول.</p><h2>تفاصيل البيع بالجملة</h2><ul><li>وحدة البيع: علبة فيها 100 قطعة</li><li>التعبئة: 100 قطعة</li><li>القسم: العلكة</li></ul><h2>لماذا يطلبه أصحاب المحلات؟</h2><ul><li>أول صنف على الكاشير.</li><li>تُباع طوال اليوم دون موسم.</li><li>لا تحتاج مساحة كبيرة على الرف.</li></ul><h2>التوصيل والدفع</h2><p>نوصل علكة حامضة إلى باب محلك أو نرتبه على الرف في كل مناطق إسطنبول، والدفع نقداً عند الاستلام. للطلبات خارج إسطنبول أو خارج تركيا يكون الدفع بتحويل بنكي. تظهر الأسعار بعد فتح حساب جملة وتأكيده عبر واتساب.</p><p>يبحث عنه التجار أيضاً باسم «Ekşi Sakız (100 adet)»، و«علكة حامضة جملة اسطنبول».</p>",,95,علكة,1,,,"علكة حامضة","Ekşi Sakız (100 adet)",sour,"100 قطعة",100,علبة
simple,BK-3F6372,"علكة فالم برتقالي تيكلي",1,0,visible,"<p>علكة من فالم (Falım) بطعم البرتقال، صنف صغير السعر ودوران سريع. التعبئة: 100 قطعة.</p>","<p><strong>علكة فالم برتقالي تيكلي</strong> (<span lang=""tr"">Falım Portakallı Tekli Sakız (100 adet)</span>): علكة من فالم (Falım) بطعم البرتقال، صنف صغير السعر ودوران سريع. من منتجات فالم (Falım)، متوفر عندنا بالجملة لمحلات البقالة والماركت في إسطنبول.</p><h2>تفاصيل البيع بالجملة</h2><ul><li>وحدة البيع: علبة فيها 100 قطعة</li><li>التعبئة: 100 قطعة</li><li>القسم: العلكة</li><li>العلامة: فالم · Falım</li></ul><h2>لماذا يطلبه أصحاب المحلات؟</h2><ul><li>أول صنف على الكاشير.</li><li>تُباع طوال اليوم دون موسم.</li><li>لا تحتاج مساحة كبيرة على الرف.</li></ul><h2>التوصيل والدفع</h2><p>نوصل علكة فالم برتقالي تيكلي إلى باب محلك أو نرتبه على الرف في كل مناطق إسطنبول، والدفع نقداً عند الاستلام. للطلبات خارج إسطنبول أو خارج تركيا يكون الدفع بتحويل بنكي. تظهر الأسعار بعد فتح حساب جملة وتأكيده عبر واتساب.</p><p>يبحث عنه التجار أيضاً باسم «Falım Portakallı Tekli Sakız (100 adet)»، و«فالم فالم جملة»، و«فالم جملة اسطنبول».</p>",,145,علكة,1,فالم,falim,فالم,"Falım Portakallı Tekli Sakız (100 adet)",orange,"100 قطعة",100,علبة
simple,BK-4D9F29,"علكة فالم داملا 5 قطع",1,0,visible,"<p>علكة من فالم (Falım) بطعم النعناع، صنف صغير السعر ودوران سريع. التعبئة: 20 قطعة.</p>","<p><strong>علكة فالم داملا 5 قطع</strong> (<span lang=""tr"">Falım Damla Sakızlı 5&#039;li</span>): علكة من فالم (Falım) بطعم النعناع، صنف صغير السعر ودوران سريع. من منتجات فالم (Falım)، متوفر عندنا بالجملة لمحلات البقالة والماركت في إسطنبول.</p><h2>تفاصيل البيع بالجملة</h2><ul><li>وحدة البيع: علبة فيها 20 قطعة</li><li>التعبئة: 20 قطعة</li><li>القسم: العلكة</li><li>العلامة: فالم · Falım</li></ul><h2>لماذا يطلبه أصحاب المحلات؟</h2><ul><li>أول صنف على الكاشير.</li><li>تُباع طوال اليوم دون موسم.</li><li>لا تحتاج مساحة كبيرة على الرف.</li></ul><h2>التوصيل والدفع</h2><p>نوصل علكة فالم داملا 5 قطع إلى باب محلك أو نرتبه على الرف في كل مناطق إسطنبول، والدفع نقداً عند الاستلام. للطلبات خارج إسطنبول أو خارج تركيا يكون الدفع بتحويل بنكي. تظهر الأسعار بعد فتح حساب جملة وتأكيده عبر واتساب.</p><p>يبحث عنه التجار أيضاً باسم «Falım Damla Sakızlı 5&#039;li»، و«فالم فالم جملة»، و«فالم جملة اسطنبول».</p>",,155,علكة,1,فالم,falim,فالم,"Falım Damla Sakızlı 5'li",mint,"20 قطعة",20,علبة
simple,BK-B47FE6,"علكة فالم فواكه 5 قطع",1,0,visible,"<p>علكة من فالم (Falım) بطعم الفواكه، صنف صغير السعر ودوران سريع. التعبئة: 20 قطعة.</p>","<p><strong>علكة فالم فواكه 5 قطع</strong> (<span lang=""tr"">Falım Meyveli 5&#039;li</span>): علكة من فالم (Falım) بطعم الفواكه، صنف صغير السعر ودوران سريع. من منتجات فالم (Falım)، متوفر عندنا بالجملة لمحلات البقالة والماركت في إسطنبول.</p><h2>تفاصيل البيع بالجملة</h2><ul><li>وحدة البيع: علبة فيها 20 قطعة</li><li>التعبئة: 20 قطعة</li><li>القسم: العلكة</li><li>العلامة: فالم · Falım</li></ul><h2>لماذا يطلبه أصحاب المحلات؟</h2><ul><li>أول صنف على الكاشير.</li><li>تُباع طوال اليوم دون موسم.</li><li>لا تحتاج مساحة كبيرة على الرف.</li></ul><h2>التوصيل والدفع</h2><p>نوصل علكة فالم فواكه 5 قطع إلى باب محلك أو نرتبه على الرف في كل مناطق إسطنبول، والدفع نقداً عند الاستلام. للطلبات خارج إسطنبول أو خارج تركيا يكون الدفع بتحويل بنكي. تظهر الأسعار بعد فتح حساب جملة وتأكيده عبر واتساب.</p><p>يبحث عنه التجار أيضاً باسم «Falım Meyveli 5&#039;li»، و«فالم فالم جملة»، و«فالم جملة اسطنبول».</p>",,155,علكة,1,فالم,falim,فالم,"Falım Meyveli 5'li",fruit,"20 قطعة",20,علبة
simple,BK-6D13FA,"علكة فروغر 8 حبات",1,0,visible,"<p>علكة بنكهة الفواكه، تُعرض على الكاشير وتباع طوال اليوم. التعبئة: 42 قطعة.</p>","<p><strong>علكة فروغر 8 حبات</strong> (<span lang=""tr"">Frogger Sakız 8&#039;li</span>): علكة بنكهة الفواكه، تُعرض على الكاشير وتباع طوال اليوم. متوفر بالجملة لمحلات البقالة والماركت في إسطنبول.</p><h2>تفاصيل البيع بالجملة</h2><ul><li>وحدة البيع: علبة فيها 42 قطعة</li><li>التعبئة: 42 قطعة</li><li>القسم: العلكة</li></ul><h2>لماذا يطلبه أصحاب المحلات؟</h2><ul><li>أول صنف على الكاشير.</li><li>تُباع طوال اليوم دون موسم.</li><li>لا تحتاج مساحة كبيرة على الرف.</li></ul><h2>التوصيل والدفع</h2><p>نوصل علكة فروغر 8 حبات إلى باب محلك أو نرتبه على الرف في كل مناطق إسطنبول، والدفع نقداً عند الاستلام. للطلبات خارج إسطنبول أو خارج تركيا يكون الدفع بتحويل بنكي. تظهر الأسعار بعد فتح حساب جملة وتأكيده عبر واتساب.</p><p>يبحث عنه التجار أيضاً باسم «Frogger Sakız 8&#039;li»، و«فروغر جملة اسطنبول».</p>",,195,علكة,1,,,فروغر,"Frogger Sakız 8'li",fruit,"42 قطعة",42,علبة
simple,BK-9CABCA,"علكة فيرست بطيخ",1,0,visible,"<p>علكة من فيرست (First) بطعم البطيخ، صنف صغير السعر ودوران سريع. التعبئة: 200 قطعة.</p>","<p><strong>علكة فيرست بطيخ</strong> (<span lang=""tr"">First Sakız Karpuz (200 adet)</span>): علكة من فيرست (First) بطعم البطيخ، صنف صغير السعر ودوران سريع. من منتجات فيرست (First)، متوفر عندنا بالجملة لمحلات البقالة والماركت في إسطنبول.</p><h2>تفاصيل البيع بالجملة</h2><ul><li>وحدة البيع: علبة فيها 200 قطعة</li><li>التعبئة: 200 قطعة</li><li>القسم: العلكة</li><li>العلامة: فيرست · First</li></ul><h2>لماذا يطلبه أصحاب المحلات؟</h2><ul><li>أول صنف على الكاشير.</li><li>تُباع طوال اليوم دون موسم.</li><li>لا تحتاج مساحة كبيرة على الرف.</li></ul><h2>التوصيل والدفع</h2><p>نوصل علكة فيرست بطيخ إلى باب محلك أو نرتبه على الرف في كل مناطق إسطنبول، والدفع نقداً عند الاستلام. للطلبات خارج إسطنبول أو خارج تركيا يكون الدفع بتحويل بنكي. تظهر الأسعار بعد فتح حساب جملة وتأكيده عبر واتساب.</p><p>يبحث عنه التجار أيضاً باسم «First Sakız Karpuz (200 adet)»، و«فيرست فيرست جملة»، و«فيرست جملة اسطنبول».</p>",,245,علكة,1,فيرست,first,فيرست,"First Sakız Karpuz (200 adet)",watermelon,"200 قطعة",200,علبة
simple,BK-8E404D,"علكة فيرست جزدان اناناس 27 غرام",1,0,visible,"<p>علكة من فيرست (First) بطعم الأناناس، وزن القطعة 27 غرام، صنف صغير السعر ودوران سريع. التعبئة: 12 × 27 غ.</p>","<p><strong>علكة فيرست جزدان اناناس 27 غرام</strong> (<span lang=""tr"">First Cüzdan Sakız Ananas 27 g</span>): علكة من فيرست (First) بطعم الأناناس، وزن القطعة 27 غرام، صنف صغير السعر ودوران سريع. من منتجات فيرست (First)، متوفر عندنا بالجملة لمحلات البقالة والماركت في إسطنبول.</p><h2>تفاصيل البيع بالجملة</h2><ul><li>وحدة البيع: علبة فيها 12 قطعة</li><li>التعبئة: 12 × 27 غ</li><li>القسم: العلكة</li><li>العلامة: فيرست · First</li></ul><h2>لماذا يطلبه أصحاب المحلات؟</h2><ul><li>أول صنف على الكاشير.</li><li>تُباع طوال اليوم دون موسم.</li><li>لا تحتاج مساحة كبيرة على الرف.</li></ul><h2>التوصيل والدفع</h2><p>نوصل علكة فيرست جزدان اناناس 27 غرام إلى باب محلك أو نرتبه على الرف في كل مناطق إسطنبول، والدفع نقداً عند الاستلام. للطلبات خارج إسطنبول أو خارج تركيا يكون الدفع بتحويل بنكي. تظهر الأسعار بعد فتح حساب جملة وتأكيده عبر واتساب.</p><p>يبحث عنه التجار أيضاً باسم «First Cüzdan Sakız Ananas 27 g»، و«فيرست فيرست جملة»، و«فيرست جملة اسطنبول».</p>",,415,علكة,1,فيرست,first,فيرست,"First Cüzdan Sakız Ananas 27 g",pineapple,"12 × 27 غ",12,علبة
simple,BK-7A86B4,"علكة فيرست جزدان دراق 27 غرام",1,0,visible,"<p>علكة من فيرست (First) بنكهة الدراق، وزن القطعة 27 غرام، تُعرض على الكاشير وتباع طوال اليوم. التعبئة: 12 × 27 غ.</p>","<p><strong>علكة فيرست جزدان دراق 27 غرام</strong> (<span lang=""tr"">First Cüzdan Sakız Şeftali 27 g</span>): علكة من فيرست (First) بنكهة الدراق، وزن القطعة 27 غرام، تُعرض على الكاشير وتباع طوال اليوم. من منتجات فيرست (First)، متوفر عندنا بالجملة لمحلات البقالة والماركت في إسطنبول.</p><h2>تفاصيل البيع بالجملة</h2><ul><li>وحدة البيع: علبة فيها 12 قطعة</li><li>التعبئة: 12 × 27 غ</li><li>القسم: العلكة</li><li>العلامة: فيرست · First</li></ul><h2>لماذا يطلبه أصحاب المحلات؟</h2><ul><li>أول صنف على الكاشير.</li><li>تُباع طوال اليوم دون موسم.</li><li>لا تحتاج مساحة كبيرة على الرف.</li></ul><h2>التوصيل والدفع</h2><p>نوصل علكة فيرست جزدان دراق 27 غرام إلى باب محلك أو نرتبه على الرف في كل مناطق إسطنبول، والدفع نقداً عند الاستلام. للطلبات خارج إسطنبول أو خارج تركيا يكون الدفع بتحويل بنكي. تظهر الأسعار بعد فتح حساب جملة وتأكيده عبر واتساب.</p><p>يبحث عنه التجار أيضاً باسم «First Cüzdan Sakız Şeftali 27 g»، و«فيرست فيرست جملة»، و«فيرست جملة اسطنبول».</p>",,415,علكة,1,فيرست,first,فيرست,"First Cüzdan Sakız Şeftali 27 g",peach,"12 × 27 غ",12,علبة
simple,BK-E4D9C8,"علكة فيرست جزدان فريز 27 غرام",1,0,visible,"<p>علكة من فيرست (First) بنكهة الفراولة، وزن القطعة 27 غرام، تُعرض على الكاشير وتباع طوال اليوم. التعبئة: 12 × 27 غ.</p>","<p><strong>علكة فيرست جزدان فريز 27 غرام</strong> (<span lang=""tr"">First Cüzdan Sakız Çilek 27 g</span>): علكة من فيرست (First) بنكهة الفراولة، وزن القطعة 27 غرام، تُعرض على الكاشير وتباع طوال اليوم. من منتجات فيرست (First)، متوفر عندنا بالجملة لمحلات البقالة والماركت في إسطنبول.</p><h2>تفاصيل البيع بالجملة</h2><ul><li>وحدة البيع: علبة فيها 12 قطعة</li><li>التعبئة: 12 × 27 غ</li><li>القسم: العلكة</li><li>العلامة: فيرست · First</li></ul><h2>لماذا يطلبه أصحاب المحلات؟</h2><ul><li>أول صنف على الكاشير.</li><li>تُباع طوال اليوم دون موسم.</li><li>لا تحتاج مساحة كبيرة على الرف.</li></ul><h2>التوصيل والدفع</h2><p>نوصل علكة فيرست جزدان فريز 27 غرام إلى باب محلك أو نرتبه على الرف في كل مناطق إسطنبول، والدفع نقداً عند الاستلام. للطلبات خارج إسطنبول أو خارج تركيا يكون الدفع بتحويل بنكي. تظهر الأسعار بعد فتح حساب جملة وتأكيده عبر واتساب.</p><p>يبحث عنه التجار أيضاً باسم «First Cüzdan Sakız Çilek 27 g»، و«فيرست فيرست جملة»، و«فيرست جملة اسطنبول».</p>",,415,علكة,1,فيرست,first,فيرست,"First Cüzdan Sakız Çilek 27 g",strawberry,"12 × 27 غ",12,علبة
simple,BK-C4CEA8,"علكة فيرست جزدان نعنع اخضر 27 غرام",1,0,visible,"<p>علكة من فيرست (First) بطعم النعناع، وزن القطعة 27 غرام، صنف صغير السعر ودوران سريع. التعبئة: 12 × 27 غ.</p>","<p><strong>علكة فيرست جزدان نعنع اخضر 27 غرام</strong> (<span lang=""tr"">First Cüzdan Sakız Yeşil Nane 27 g</span>): علكة من فيرست (First) بطعم النعناع، وزن القطعة 27 غرام، صنف صغير السعر ودوران سريع. من منتجات فيرست (First)، متوفر عندنا بالجملة لمحلات البقالة والماركت في إسطنبول.</p><h2>تفاصيل البيع بالجملة</h2><ul><li>وحدة البيع: علبة فيها 12 قطعة</li><li>التعبئة: 12 × 27 غ</li><li>القسم: العلكة</li><li>العلامة: فيرست · First</li></ul><h2>لماذا يطلبه أصحاب المحلات؟</h2><ul><li>أول صنف على الكاشير.</li><li>تُباع طوال اليوم دون موسم.</li><li>لا تحتاج مساحة كبيرة على الرف.</li></ul><h2>التوصيل والدفع</h2><p>نوصل علكة فيرست جزدان نعنع اخضر 27 غرام إلى باب محلك أو نرتبه على الرف في كل مناطق إسطنبول، والدفع نقداً عند الاستلام. للطلبات خارج إسطنبول أو خارج تركيا يكون الدفع بتحويل بنكي. تظهر الأسعار بعد فتح حساب جملة وتأكيده عبر واتساب.</p><p>يبحث عنه التجار أيضاً باسم «First Cüzdan Sakız Yeşil Nane 27 g»، و«فيرست فيرست جملة»، و«فيرست جملة اسطنبول».</p>",,415,علكة,1,فيرست,first,فيرست,"First Cüzdan Sakız Yeşil Nane 27 g",mint,"12 × 27 غ",12,علبة
simple,BK-09D9E8,"علكة فيرست جزدان نعنع اخضر 60% 27 غرام",1,0,visible,"<p>علكة من فيرست (First) بطعم النعناع، وزن القطعة 27 غرام، صنف صغير السعر ودوران سريع. التعبئة: 12 × 27 غ.</p>","<p><strong>علكة فيرست جزدان نعنع اخضر 60% 27 غرام</strong> (<span lang=""tr"">First Cüzdan Sakız Yeşil Nane %60 27 g</span>): علكة من فيرست (First) بطعم النعناع، وزن القطعة 27 غرام، صنف صغير السعر ودوران سريع. من منتجات فيرست (First)، متوفر عندنا بالجملة لمحلات البقالة والماركت في إسطنبول.</p><h2>تفاصيل البيع بالجملة</h2><ul><li>وحدة البيع: علبة فيها 12 قطعة</li><li>التعبئة: 12 × 27 غ</li><li>القسم: العلكة</li><li>العلامة: فيرست · First</li></ul><h2>لماذا يطلبه أصحاب المحلات؟</h2><ul><li>أول صنف على الكاشير.</li><li>تُباع طوال اليوم دون موسم.</li><li>لا تحتاج مساحة كبيرة على الرف.</li></ul><h2>التوصيل والدفع</h2><p>نوصل علكة فيرست جزدان نعنع اخضر 60% 27 غرام إلى باب محلك أو نرتبه على الرف في كل مناطق إسطنبول، والدفع نقداً عند الاستلام. للطلبات خارج إسطنبول أو خارج تركيا يكون الدفع بتحويل بنكي. تظهر الأسعار بعد فتح حساب جملة وتأكيده عبر واتساب.</p><p>يبحث عنه التجار أيضاً باسم «First Cüzdan Sakız Yeşil Nane %60 27 g»، و«فيرست فيرست جملة»، و«فيرست جملة اسطنبول».</p>",,415,علكة,1,فيرست,first,فيرست,"First Cüzdan Sakız Yeşil Nane %60 27 g",mint,"12 × 27 غ",12,علبة
simple,BK-B264E7,"علكة فيرست فريز",1,0,visible,"<p>علكة من فيرست (First) بنكهة الفراولة، تُعرض على الكاشير وتباع طوال اليوم. التعبئة: 200 قطعة.</p>","<p><strong>علكة فيرست فريز</strong> (<span lang=""tr"">First Sakız Çilek (200 adet)</span>): علكة من فيرست (First) بنكهة الفراولة، تُعرض على الكاشير وتباع طوال اليوم. من منتجات فيرست (First)، متوفر عندنا بالجملة لمحلات البقالة والماركت في إسطنبول.</p><h2>تفاصيل البيع بالجملة</h2><ul><li>وحدة البيع: علبة فيها 200 قطعة</li><li>التعبئة: 200 قطعة</li><li>القسم: العلكة</li><li>العلامة: فيرست · First</li></ul><h2>لماذا يطلبه أصحاب المحلات؟</h2><ul><li>أول صنف على الكاشير.</li><li>تُباع طوال اليوم دون موسم.</li><li>لا تحتاج مساحة كبيرة على الرف.</li></ul><h2>التوصيل والدفع</h2><p>نوصل علكة فيرست فريز إلى باب محلك أو نرتبه على الرف في كل مناطق إسطنبول، والدفع نقداً عند الاستلام. للطلبات خارج إسطنبول أو خارج تركيا يكون الدفع بتحويل بنكي. تظهر الأسعار بعد فتح حساب جملة وتأكيده عبر واتساب.</p><p>يبحث عنه التجار أيضاً باسم «First Sakız Çilek (200 adet)»، و«فيرست فيرست جملة»، و«فيرست جملة اسطنبول».</p>",,245,علكة,1,فيرست,first,فيرست,"First Sakız Çilek (200 adet)",strawberry,"200 قطعة",200,علبة
simple,BK-7679E4,"علكة فيرست نعنع ازرق",1,0,visible,"<p>علكة من فيرست (First) بطعم النعناع، صنف صغير السعر ودوران سريع. التعبئة: 200 قطعة.</p>","<p><strong>علكة فيرست نعنع ازرق</strong> (<span lang=""tr"">First Sakız Mavi Nane (200 adet)</span>): علكة من فيرست (First) بطعم النعناع، صنف صغير السعر ودوران سريع. من منتجات فيرست (First)، متوفر عندنا بالجملة لمحلات البقالة والماركت في إسطنبول.</p><h2>تفاصيل البيع بالجملة</h2><ul><li>وحدة البيع: علبة فيها 200 قطعة</li><li>التعبئة: 200 قطعة</li><li>القسم: العلكة</li><li>العلامة: فيرست · First</li></ul><h2>لماذا يطلبه أصحاب المحلات؟</h2><ul><li>أول صنف على الكاشير.</li><li>تُباع طوال اليوم دون موسم.</li><li>لا تحتاج مساحة كبيرة على الرف.</li></ul><h2>التوصيل والدفع</h2><p>نوصل علكة فيرست نعنع ازرق إلى باب محلك أو نرتبه على الرف في كل مناطق إسطنبول، والدفع نقداً عند الاستلام. للطلبات خارج إسطنبول أو خارج تركيا يكون الدفع بتحويل بنكي. تظهر الأسعار بعد فتح حساب جملة وتأكيده عبر واتساب.</p><p>يبحث عنه التجار أيضاً باسم «First Sakız Mavi Nane (200 adet)»، و«فيرست فيرست جملة»، و«فيرست جملة اسطنبول».</p>",,245,علكة,1,فيرست,first,فيرست,"First Sakız Mavi Nane (200 adet)",mint,"200 قطعة",200,علبة
simple,BK-75426B,"علكة نازار بطيخ – 100 قطعة",1,0,visible,"<p>علكة من نازار (Nazar) بطعم البطيخ، صنف صغير السعر ودوران سريع. التعبئة: 100 قطعة.</p>","<p><strong>علكة نازار بطيخ – 100 قطعة</strong> (<span lang=""tr"">Nazar Sakız Karpuz (100 adet)</span>): علكة من نازار (Nazar) بطعم البطيخ، صنف صغير السعر ودوران سريع. من منتجات نازار (Nazar)، متوفر عندنا بالجملة لمحلات البقالة والماركت في إسطنبول.</p><h2>تفاصيل البيع بالجملة</h2><ul><li>وحدة البيع: علبة فيها 100 قطعة</li><li>التعبئة: 100 قطعة</li><li>القسم: العلكة</li><li>العلامة: نازار · Nazar</li></ul><h2>لماذا يطلبه أصحاب المحلات؟</h2><ul><li>أول صنف على الكاشير.</li><li>تُباع طوال اليوم دون موسم.</li><li>لا تحتاج مساحة كبيرة على الرف.</li></ul><h2>التوصيل والدفع</h2><p>نوصل علكة نازار بطيخ – 100 قطعة إلى باب محلك أو نرتبه على الرف في كل مناطق إسطنبول، والدفع نقداً عند الاستلام. للطلبات خارج إسطنبول أو خارج تركيا يكون الدفع بتحويل بنكي. تظهر الأسعار بعد فتح حساب جملة وتأكيده عبر واتساب.</p><p>يبحث عنه التجار أيضاً باسم «Nazar Sakız Karpuz (100 adet)»، و«نازار نازار جملة»، و«نازار جملة اسطنبول».</p>",,100,علكة,1,نازار,nazar,نازار,"Nazar Sakız Karpuz (100 adet)",watermelon,"100 قطعة",100,علبة
simple,BK-38C91B,"علكة نازار بطيخ – 20 قطعة",1,0,visible,"<p>علكة من نازار (Nazar) بنكهة البطيخ، تُعرض على الكاشير وتباع طوال اليوم. التعبئة: 20 قطعة.</p>","<p><strong>علكة نازار بطيخ – 20 قطعة</strong> (<span lang=""tr"">Nazar Sakız Karpuz (20 adet)</span>): علكة من نازار (Nazar) بنكهة البطيخ، تُعرض على الكاشير وتباع طوال اليوم. من منتجات نازار (Nazar)، متوفر عندنا بالجملة لمحلات البقالة والماركت في إسطنبول.</p><h2>تفاصيل البيع بالجملة</h2><ul><li>وحدة البيع: علبة فيها 20 قطعة</li><li>التعبئة: 20 قطعة</li><li>القسم: العلكة</li><li>العلامة: نازار · Nazar</li></ul><h2>لماذا يطلبه أصحاب المحلات؟</h2><ul><li>أول صنف على الكاشير.</li><li>تُباع طوال اليوم دون موسم.</li><li>لا تحتاج مساحة كبيرة على الرف.</li></ul><h2>التوصيل والدفع</h2><p>نوصل علكة نازار بطيخ – 20 قطعة إلى باب محلك أو نرتبه على الرف في كل مناطق إسطنبول، والدفع نقداً عند الاستلام. للطلبات خارج إسطنبول أو خارج تركيا يكون الدفع بتحويل بنكي. تظهر الأسعار بعد فتح حساب جملة وتأكيده عبر واتساب.</p><p>يبحث عنه التجار أيضاً باسم «Nazar Sakız Karpuz (20 adet)»، و«نازار نازار جملة»، و«نازار جملة اسطنبول».</p>",,110,علكة,1,نازار,nazar,نازار,"Nazar Sakız Karpuz (20 adet)",watermelon,"20 قطعة",20,علبة
simple,BK-CAD465,"علكة نازار فريز",1,0,visible,"<p>علكة من نازار (Nazar) بنكهة الفراولة، تُعرض على الكاشير وتباع طوال اليوم. التعبئة: 100 قطعة.</p>","<p><strong>علكة نازار فريز</strong> (<span lang=""tr"">Nazar Sakız Çilek (100 adet)</span>): علكة من نازار (Nazar) بنكهة الفراولة، تُعرض على الكاشير وتباع طوال اليوم. من منتجات نازار (Nazar)، متوفر عندنا بالجملة لمحلات البقالة والماركت في إسطنبول.</p><h2>تفاصيل البيع بالجملة</h2><ul><li>وحدة البيع: علبة فيها 100 قطعة</li><li>التعبئة: 100 قطعة</li><li>القسم: العلكة</li><li>العلامة: نازار · Nazar</li></ul><h2>لماذا يطلبه أصحاب المحلات؟</h2><ul><li>أول صنف على الكاشير.</li><li>تُباع طوال اليوم دون موسم.</li><li>لا تحتاج مساحة كبيرة على الرف.</li></ul><h2>التوصيل والدفع</h2><p>نوصل علكة نازار فريز إلى باب محلك أو نرتبه على الرف في كل مناطق إسطنبول، والدفع نقداً عند الاستلام. للطلبات خارج إسطنبول أو خارج تركيا يكون الدفع بتحويل بنكي. تظهر الأسعار بعد فتح حساب جملة وتأكيده عبر واتساب.</p><p>يبحث عنه التجار أيضاً باسم «Nazar Sakız Çilek (100 adet)»، و«نازار نازار جملة»، و«نازار جملة اسطنبول».</p>",,100,علكة,1,نازار,nazar,نازار,"Nazar Sakız Çilek (100 adet)",strawberry,"100 قطعة",100,علبة
simple,BK-B2D60D,"علكة نازار نعنع ابيض – 100 قطعة",1,0,visible,"<p>علكة من نازار (Nazar) بطعم النعناع، صنف صغير السعر ودوران سريع. التعبئة: 100 قطعة.</p>","<p><strong>علكة نازار نعنع ابيض – 100 قطعة</strong> (<span lang=""tr"">Nazar Sakız Beyaz Nane (100 adet)</span>): علكة من نازار (Nazar) بطعم النعناع، صنف صغير السعر ودوران سريع. من منتجات نازار (Nazar)، متوفر عندنا بالجملة لمحلات البقالة والماركت في إسطنبول.</p><h2>تفاصيل البيع بالجملة</h2><ul><li>وحدة البيع: علبة فيها 100 قطعة</li><li>التعبئة: 100 قطعة</li><li>القسم: العلكة</li><li>العلامة: نازار · Nazar</li></ul><h2>لماذا يطلبه أصحاب المحلات؟</h2><ul><li>أول صنف على الكاشير.</li><li>تُباع طوال اليوم دون موسم.</li><li>لا تحتاج مساحة كبيرة على الرف.</li></ul><h2>التوصيل والدفع</h2><p>نوصل علكة نازار نعنع ابيض – 100 قطعة إلى باب محلك أو نرتبه على الرف في كل مناطق إسطنبول، والدفع نقداً عند الاستلام. للطلبات خارج إسطنبول أو خارج تركيا يكون الدفع بتحويل بنكي. تظهر الأسعار بعد فتح حساب جملة وتأكيده عبر واتساب.</p><p>يبحث عنه التجار أيضاً باسم «Nazar Sakız Beyaz Nane (100 adet)»، و«نازار نازار جملة»، و«نازار جملة اسطنبول».</p>",,100,علكة,1,نازار,nazar,نازار,"Nazar Sakız Beyaz Nane (100 adet)",mint,"100 قطعة",100,علبة
simple,BK-992E8E,"علكة نازار نعنع ابيض – 20 قطعة",1,0,visible,"<p>علكة من نازار (Nazar) بنكهة النعناع، تُعرض على الكاشير وتباع طوال اليوم. التعبئة: 20 قطعة.</p>","<p><strong>علكة نازار نعنع ابيض – 20 قطعة</strong> (<span lang=""tr"">Nazar Sakız Beyaz Nane (20 adet)</span>): علكة من نازار (Nazar) بنكهة النعناع، تُعرض على الكاشير وتباع طوال اليوم. من منتجات نازار (Nazar)، متوفر عندنا بالجملة لمحلات البقالة والماركت في إسطنبول.</p><h2>تفاصيل البيع بالجملة</h2><ul><li>وحدة البيع: علبة فيها 20 قطعة</li><li>التعبئة: 20 قطعة</li><li>القسم: العلكة</li><li>العلامة: نازار · Nazar</li></ul><h2>لماذا يطلبه أصحاب المحلات؟</h2><ul><li>أول صنف على الكاشير.</li><li>تُباع طوال اليوم دون موسم.</li><li>لا تحتاج مساحة كبيرة على الرف.</li></ul><h2>التوصيل والدفع</h2><p>نوصل علكة نازار نعنع ابيض – 20 قطعة إلى باب محلك أو نرتبه على الرف في كل مناطق إسطنبول، والدفع نقداً عند الاستلام. للطلبات خارج إسطنبول أو خارج تركيا يكون الدفع بتحويل بنكي. تظهر الأسعار بعد فتح حساب جملة وتأكيده عبر واتساب.</p><p>يبحث عنه التجار أيضاً باسم «Nazar Sakız Beyaz Nane (20 adet)»، و«نازار نازار جملة»، و«نازار جملة اسطنبول».</p>",,110,علكة,1,نازار,nazar,نازار,"Nazar Sakız Beyaz Nane (20 adet)",mint,"20 قطعة",20,علبة
simple,BK-FE0FE9,"علكة نازار نعنع اخضر – 100 قطعة",1,0,visible,"<p>علكة من نازار (Nazar) بطعم النعناع، صنف صغير السعر ودوران سريع. التعبئة: 100 قطعة.</p>","<p><strong>علكة نازار نعنع اخضر – 100 قطعة</strong> (<span lang=""tr"">Nazar Sakız Yeşil Nane (100 adet)</span>): علكة من نازار (Nazar) بطعم النعناع، صنف صغير السعر ودوران سريع. من منتجات نازار (Nazar)، متوفر عندنا بالجملة لمحلات البقالة والماركت في إسطنبول.</p><h2>تفاصيل البيع بالجملة</h2><ul><li>وحدة البيع: علبة فيها 100 قطعة</li><li>التعبئة: 100 قطعة</li><li>القسم: العلكة</li><li>العلامة: نازار · Nazar</li></ul><h2>لماذا يطلبه أصحاب المحلات؟</h2><ul><li>أول صنف على الكاشير.</li><li>تُباع طوال اليوم دون موسم.</li><li>لا تحتاج مساحة كبيرة على الرف.</li></ul><h2>التوصيل والدفع</h2><p>نوصل علكة نازار نعنع اخضر – 100 قطعة إلى باب محلك أو نرتبه على الرف في كل مناطق إسطنبول، والدفع نقداً عند الاستلام. للطلبات خارج إسطنبول أو خارج تركيا يكون الدفع بتحويل بنكي. تظهر الأسعار بعد فتح حساب جملة وتأكيده عبر واتساب.</p><p>يبحث عنه التجار أيضاً باسم «Nazar Sakız Yeşil Nane (100 adet)»، و«نازار نازار جملة»، و«نازار جملة اسطنبول».</p>",,100,علكة,1,نازار,nazar,نازار,"Nazar Sakız Yeşil Nane (100 adet)",mint,"100 قطعة",100,علبة
simple,BK-E7F264,"علكة نازار نعنع اخضر – 20 قطعة",1,0,visible,"<p>علكة من نازار (Nazar) بنكهة النعناع، تُعرض على الكاشير وتباع طوال اليوم. التعبئة: 20 قطعة.</p>","<p><strong>علكة نازار نعنع اخضر – 20 قطعة</strong> (<span lang=""tr"">Nazar Sakız Yeşil Nane (20 adet)</span>): علكة من نازار (Nazar) بنكهة النعناع، تُعرض على الكاشير وتباع طوال اليوم. من منتجات نازار (Nazar)، متوفر عندنا بالجملة لمحلات البقالة والماركت في إسطنبول.</p><h2>تفاصيل البيع بالجملة</h2><ul><li>وحدة البيع: علبة فيها 20 قطعة</li><li>التعبئة: 20 قطعة</li><li>القسم: العلكة</li><li>العلامة: نازار · Nazar</li></ul><h2>لماذا يطلبه أصحاب المحلات؟</h2><ul><li>أول صنف على الكاشير.</li><li>تُباع طوال اليوم دون موسم.</li><li>لا تحتاج مساحة كبيرة على الرف.</li></ul><h2>التوصيل والدفع</h2><p>نوصل علكة نازار نعنع اخضر – 20 قطعة إلى باب محلك أو نرتبه على الرف في كل مناطق إسطنبول، والدفع نقداً عند الاستلام. للطلبات خارج إسطنبول أو خارج تركيا يكون الدفع بتحويل بنكي. تظهر الأسعار بعد فتح حساب جملة وتأكيده عبر واتساب.</p><p>يبحث عنه التجار أيضاً باسم «Nazar Sakız Yeşil Nane (20 adet)»، و«نازار نازار جملة»، و«نازار جملة اسطنبول».</p>",,110,علكة,1,نازار,nazar,نازار,"Nazar Sakız Yeşil Nane (20 adet)",mint,"20 قطعة",20,علبة
simple,BK-2D3305,"علكة نازار نعنع ازرق – 100 قطعة",1,0,visible,"<p>علكة من نازار (Nazar) بنكهة النعناع، تُعرض على الكاشير وتباع طوال اليوم. التعبئة: 100 قطعة.</p>","<p><strong>علكة نازار نعنع ازرق – 100 قطعة</strong> (<span lang=""tr"">Nazar Sakız Mavi Nane (100 adet)</span>): علكة من نازار (Nazar) بنكهة النعناع، تُعرض على الكاشير وتباع طوال اليوم. من منتجات نازار (Nazar)، متوفر عندنا بالجملة لمحلات البقالة والماركت في إسطنبول.</p><h2>تفاصيل البيع بالجملة</h2><ul><li>وحدة البيع: علبة فيها 100 قطعة</li><li>التعبئة: 100 قطعة</li><li>القسم: العلكة</li><li>العلامة: نازار · Nazar</li></ul><h2>لماذا يطلبه أصحاب المحلات؟</h2><ul><li>أول صنف على الكاشير.</li><li>تُباع طوال اليوم دون موسم.</li><li>لا تحتاج مساحة كبيرة على الرف.</li></ul><h2>التوصيل والدفع</h2><p>نوصل علكة نازار نعنع ازرق – 100 قطعة إلى باب محلك أو نرتبه على الرف في كل مناطق إسطنبول، والدفع نقداً عند الاستلام. للطلبات خارج إسطنبول أو خارج تركيا يكون الدفع بتحويل بنكي. تظهر الأسعار بعد فتح حساب جملة وتأكيده عبر واتساب.</p><p>يبحث عنه التجار أيضاً باسم «Nazar Sakız Mavi Nane (100 adet)»، و«نازار نازار جملة»، و«نازار جملة اسطنبول».</p>",,100,علكة,1,نازار,nazar,نازار,"Nazar Sakız Mavi Nane (100 adet)",mint,"100 قطعة",100,علبة
simple,BK-AD3791,"علكة نازار نعنع ازرق – 20 قطعة",1,0,visible,"<p>علكة من نازار (Nazar) بنكهة النعناع، تُعرض على الكاشير وتباع طوال اليوم. التعبئة: 20 قطعة.</p>","<p><strong>علكة نازار نعنع ازرق – 20 قطعة</strong> (<span lang=""tr"">Nazar Sakız Mavi Nane (20 adet)</span>): علكة من نازار (Nazar) بنكهة النعناع، تُعرض على الكاشير وتباع طوال اليوم. من منتجات نازار (Nazar)، متوفر عندنا بالجملة لمحلات البقالة والماركت في إسطنبول.</p><h2>تفاصيل البيع بالجملة</h2><ul><li>وحدة البيع: علبة فيها 20 قطعة</li><li>التعبئة: 20 قطعة</li><li>القسم: العلكة</li><li>العلامة: نازار · Nazar</li></ul><h2>لماذا يطلبه أصحاب المحلات؟</h2><ul><li>أول صنف على الكاشير.</li><li>تُباع طوال اليوم دون موسم.</li><li>لا تحتاج مساحة كبيرة على الرف.</li></ul><h2>التوصيل والدفع</h2><p>نوصل علكة نازار نعنع ازرق – 20 قطعة إلى باب محلك أو نرتبه على الرف في كل مناطق إسطنبول، والدفع نقداً عند الاستلام. للطلبات خارج إسطنبول أو خارج تركيا يكون الدفع بتحويل بنكي. تظهر الأسعار بعد فتح حساب جملة وتأكيده عبر واتساب.</p><p>يبحث عنه التجار أيضاً باسم «Nazar Sakız Mavi Nane (20 adet)»، و«نازار نازار جملة»، و«نازار جملة اسطنبول».</p>",,110,علكة,1,نازار,nazar,نازار,"Nazar Sakız Mavi Nane (20 adet)",mint,"20 قطعة",20,علبة
simple,BK-8C0D51,"غالا بسكويت اوريو مغطس شوكولا 20 غرام",1,0,visible,"<p>بسكويت بطعم الشوكولاتة، وزن القطعة 20 غرام، صنف ثابت الطلب على رف البسكويت. التعبئة: 24 × 20 غ.</p>","<p><strong>غالا بسكويت اوريو مغطس شوكولا 20 غرام</strong> (<span lang=""tr"">Gala Kakaolu Kaplamalı Bisküvi 20 g</span>): بسكويت بطعم الشوكولاتة، وزن القطعة 20 غرام، صنف ثابت الطلب على رف البسكويت. متوفر بالجملة لمحلات البقالة والماركت في إسطنبول.</p><h2>تفاصيل البيع بالجملة</h2><ul><li>وحدة البيع: علبة فيها 24 قطعة</li><li>التعبئة: 24 × 20 غ</li><li>القسم: البسكويت والكوكيز</li></ul><h2>لماذا يطلبه أصحاب المحلات؟</h2><ul><li>من أكثر الأصناف دوراناً في البقالات طوال العام.</li><li>مناسب للضيافة ووقت الشاي والمدارس.</li><li>هامش ربح جيد عند البيع بالقطعة.</li></ul><h2>التوصيل والدفع</h2><p>نوصل غالا بسكويت اوريو مغطس شوكولا 20 غرام إلى باب محلك أو نرتبه على الرف في كل مناطق إسطنبول، والدفع نقداً عند الاستلام. للطلبات خارج إسطنبول أو خارج تركيا يكون الدفع بتحويل بنكي. تظهر الأسعار بعد فتح حساب جملة وتأكيده عبر واتساب.</p><p>يبحث عنه التجار أيضاً باسم «Gala Kakaolu Kaplamalı Bisküvi 20 g»، و«بسكويت مغطس جملة اسطنبول».</p>",,100,بسكويت,1,,,"بسكويت مغطس","Gala Kakaolu Kaplamalı Bisküvi 20 g",chocolate,"24 × 20 غ",24,علبة
simple,BK-F4A559,"غزلة البنات 20 غرام",1,0,visible,"<p>سكاكر بطعم المارشميللو، وزن القطعة 20 غرام، يحبها الأطفال وتُباع بالقطعة بسعر صغير. التعبئة: 36 × 20 غ.</p>","<p><strong>غزلة البنات 20 غرام</strong> (<span lang=""tr"">Pamuk Şeker 20 g</span>): سكاكر بطعم المارشميللو، وزن القطعة 20 غرام، يحبها الأطفال وتُباع بالقطعة بسعر صغير. متوفر بالجملة لمحلات البقالة والماركت في إسطنبول.</p><h2>تفاصيل البيع بالجملة</h2><ul><li>وحدة البيع: طرد فيها 36 قطعة</li><li>التعبئة: 36 × 20 غ</li><li>القسم: السكاكر والجيلي</li></ul><h2>لماذا يطلبه أصحاب المحلات؟</h2><ul><li>يشتريها الأطفال بالقطعة كل يوم.</li><li>سعر صغير ودوران سريع.</li><li>تجذب الصغار إلى رف الكاشير.</li></ul><h2>التوصيل والدفع</h2><p>نوصل غزلة البنات 20 غرام إلى باب محلك أو نرتبه على الرف في كل مناطق إسطنبول، والدفع نقداً عند الاستلام. للطلبات خارج إسطنبول أو خارج تركيا يكون الدفع بتحويل بنكي. تظهر الأسعار بعد فتح حساب جملة وتأكيده عبر واتساب.</p><p>يبحث عنه التجار أيضاً باسم «Pamuk Şeker 20 g»، و«غزل البنات جملة اسطنبول».</p>",,500,سكاكر,1,,,"غزل البنات","Pamuk Şeker 20 g",marshmallow,"36 × 20 غ",36,طرد
simple,BK-0732F2,"غلوبال مارشميللو عيون 18 غرام",1,0,visible,"<p>سكاكر من غلوبال (Global) بطعم المارشميللو، وزن القطعة 18 غرام، يحبها الأطفال وتُباع بالقطعة بسعر صغير. التعبئة: 64 × 18 غ.</p>","<p><strong>غلوبال مارشميللو عيون 18 غرام</strong> (<span lang=""tr"">Global Göz Marshmallow 18 g</span>): سكاكر من غلوبال (Global) بطعم المارشميللو، وزن القطعة 18 غرام، يحبها الأطفال وتُباع بالقطعة بسعر صغير. من منتجات غلوبال (Global)، متوفر عندنا بالجملة لمحلات البقالة والماركت في إسطنبول.</p><h2>تفاصيل البيع بالجملة</h2><ul><li>وحدة البيع: علبة فيها 64 قطعة</li><li>التعبئة: 64 × 18 غ</li><li>القسم: السكاكر والجيلي</li><li>العلامة: غلوبال · Global</li></ul><h2>لماذا يطلبه أصحاب المحلات؟</h2><ul><li>يشتريها الأطفال بالقطعة كل يوم.</li><li>سعر صغير ودوران سريع.</li><li>تجذب الصغار إلى رف الكاشير.</li></ul><h2>التوصيل والدفع</h2><p>نوصل غلوبال مارشميللو عيون 18 غرام إلى باب محلك أو نرتبه على الرف في كل مناطق إسطنبول، والدفع نقداً عند الاستلام. للطلبات خارج إسطنبول أو خارج تركيا يكون الدفع بتحويل بنكي. تظهر الأسعار بعد فتح حساب جملة وتأكيده عبر واتساب.</p><p>يبحث عنه التجار أيضاً باسم «Global Göz Marshmallow 18 g»، و«غلوبال مارشميلو جملة»، و«مارشميلو جملة اسطنبول».</p>",,460,سكاكر,1,غلوبال,global,مارشميلو,"Global Göz Marshmallow 18 g",marshmallow,"64 × 18 غ",64,علبة
simple,BK-CA0E9D,"غلوبال مارشميللو الاسد",1,0,visible,"<p>سكاكر من غلوبال (Global) بطعم المارشميللو، يحبها الأطفال وتُباع بالقطعة بسعر صغير. التعبئة: 64 قطعة.</p>","<p><strong>غلوبال مارشميللو الاسد</strong> (<span lang=""tr"">Global Aslan Marshmallow</span>): سكاكر من غلوبال (Global) بطعم المارشميللو، يحبها الأطفال وتُباع بالقطعة بسعر صغير. من منتجات غلوبال (Global)، متوفر عندنا بالجملة لمحلات البقالة والماركت في إسطنبول.</p><h2>تفاصيل البيع بالجملة</h2><ul><li>وحدة البيع: علبة فيها 64 قطعة</li><li>التعبئة: 64 قطعة</li><li>القسم: السكاكر والجيلي</li><li>العلامة: غلوبال · Global</li></ul><h2>لماذا يطلبه أصحاب المحلات؟</h2><ul><li>يشتريها الأطفال بالقطعة كل يوم.</li><li>سعر صغير ودوران سريع.</li><li>تجذب الصغار إلى رف الكاشير.</li></ul><h2>التوصيل والدفع</h2><p>نوصل غلوبال مارشميللو الاسد إلى باب محلك أو نرتبه على الرف في كل مناطق إسطنبول، والدفع نقداً عند الاستلام. للطلبات خارج إسطنبول أو خارج تركيا يكون الدفع بتحويل بنكي. تظهر الأسعار بعد فتح حساب جملة وتأكيده عبر واتساب.</p><p>يبحث عنه التجار أيضاً باسم «Global Aslan Marshmallow»، و«غلوبال مارشميلو جملة»، و«مارشميلو جملة اسطنبول».</p>",,420,سكاكر,1,غلوبال,global,مارشميلو,"Global Aslan Marshmallow",marshmallow,"64 قطعة",64,علبة
simple,BK-84C0B6,"غوفريك غوفريت فستق",1,0,visible,"<p>ويفر وشوكولاتة بنكهة الفستق، هامش جيد ودوران سريع.</p>","<p><strong>غوفريك غوفريت فستق</strong> (<span lang=""tr"">Gofrik Antep Fıstıklı Gofret</span>): ويفر وشوكولاتة بنكهة الفستق، هامش جيد ودوران سريع. متوفر بالجملة لمحلات البقالة والماركت في إسطنبول.</p><h2>تفاصيل البيع بالجملة</h2><ul><li>وحدة البيع: علبة</li><li>القسم: الشوكولاتة والويفر</li></ul><h2>لماذا يطلبه أصحاب المحلات؟</h2><ul><li>صنف شراء سريع قرب الكاشير.</li><li>سعر القطعة صغير فيشجع الشراء المتكرر.</li><li>مطلوب لدى الأطفال والشباب.</li></ul><h2>التوصيل والدفع</h2><p>نوصل غوفريك غوفريت فستق إلى باب محلك أو نرتبه على الرف في كل مناطق إسطنبول، والدفع نقداً عند الاستلام. للطلبات خارج إسطنبول أو خارج تركيا يكون الدفع بتحويل بنكي. تظهر الأسعار بعد فتح حساب جملة وتأكيده عبر واتساب.</p><p>يبحث عنه التجار أيضاً باسم «Gofrik Antep Fıstıklı Gofret»، و«غوفريت جملة اسطنبول».</p>",,750,شوكولاتة,1,,,غوفريت,"Gofrik Antep Fıstıklı Gofret",pistachio,,0,علبة
simple,BK-C84190,"فروتي شور بخاخ 25 غرام",1,0,visible,"<p>حلوى أطفال بنكهة الطعم الحامض، وزن القطعة 25 غرام، مناسبة لرف الكاشير والأكشاك. التعبئة: 24 × 25 غ.</p>","<p><strong>فروتي شور بخاخ 25 غرام</strong> (<span lang=""tr"">Fruity Sour Sprey Şeker 25 g</span>): حلوى أطفال بنكهة الطعم الحامض، وزن القطعة 25 غرام، مناسبة لرف الكاشير والأكشاك. متوفر بالجملة لمحلات البقالة والماركت في إسطنبول.</p><h2>تفاصيل البيع بالجملة</h2><ul><li>وحدة البيع: علبة فيها 24 قطعة</li><li>التعبئة: 24 × 25 غ</li><li>القسم: السكاكر والجيلي</li></ul><h2>لماذا يطلبه أصحاب المحلات؟</h2><ul><li>يشتريها الأطفال بالقطعة كل يوم.</li><li>سعر صغير ودوران سريع.</li><li>تجذب الصغار إلى رف الكاشير.</li></ul><h2>التوصيل والدفع</h2><p>نوصل فروتي شور بخاخ 25 غرام إلى باب محلك أو نرتبه على الرف في كل مناطق إسطنبول، والدفع نقداً عند الاستلام. للطلبات خارج إسطنبول أو خارج تركيا يكون الدفع بتحويل بنكي. تظهر الأسعار بعد فتح حساب جملة وتأكيده عبر واتساب.</p><p>يبحث عنه التجار أيضاً باسم «Fruity Sour Sprey Şeker 25 g»، و«بخاخ جملة اسطنبول».</p>",,230,سكاكر,1,,,بخاخ,"Fruity Sour Sprey Şeker 25 g",sour,"24 × 25 غ",24,علبة
simple,BK-F9D3DB,"فونزي جيلي كوب فواكه 40 غرام",1,0,visible,"<p>حلوى أطفال من فونزي (Fonzy) بنكهة الجيلي، وزن القطعة 40 غرام، مناسبة لرف الكاشير والأكشاك. التعبئة: 50 × 40 غ.</p>","<p><strong>فونزي جيلي كوب فواكه 40 غرام</strong> (<span lang=""tr"">Fonzy Jelly Cup Meyveli 40 g</span>): حلوى أطفال من فونزي (Fonzy) بنكهة الجيلي، وزن القطعة 40 غرام، مناسبة لرف الكاشير والأكشاك. من منتجات فونزي (Fonzy)، متوفر عندنا بالجملة لمحلات البقالة والماركت في إسطنبول.</p><h2>تفاصيل البيع بالجملة</h2><ul><li>وحدة البيع: علبة فيها 50 قطعة</li><li>التعبئة: 50 × 40 غ</li><li>القسم: السكاكر والجيلي</li><li>العلامة: فونزي · Fonzy</li></ul><h2>لماذا يطلبه أصحاب المحلات؟</h2><ul><li>يشتريها الأطفال بالقطعة كل يوم.</li><li>سعر صغير ودوران سريع.</li><li>تجذب الصغار إلى رف الكاشير.</li></ul><h2>التوصيل والدفع</h2><p>نوصل فونزي جيلي كوب فواكه 40 غرام إلى باب محلك أو نرتبه على الرف في كل مناطق إسطنبول، والدفع نقداً عند الاستلام. للطلبات خارج إسطنبول أو خارج تركيا يكون الدفع بتحويل بنكي. تظهر الأسعار بعد فتح حساب جملة وتأكيده عبر واتساب.</p><p>يبحث عنه التجار أيضاً باسم «Fonzy Jelly Cup Meyveli 40 g»، و«فونزي جيلي كوب جملة»، و«جيلي كوب جملة اسطنبول».</p>",,325,سكاكر,1,فونزي,fonzy,"جيلي كوب","Fonzy Jelly Cup Meyveli 40 g",jelly,"50 × 40 غ",50,علبة
simple,BK-D9CCBA,"فونزي عيون اصفر 14 غرام",1,0,visible,"<p>حلوى أطفال من فونزي (Fonzy) بنكهة الليمون، وزن القطعة 14 غرام، مناسبة لرف الكاشير والأكشاك. التعبئة: 30 × 14 غ.</p>","<p><strong>فونزي عيون اصفر 14 غرام</strong> (<span lang=""tr"">Fonzy Göz Şeker Sarı 14 g</span>): حلوى أطفال من فونزي (Fonzy) بنكهة الليمون، وزن القطعة 14 غرام، مناسبة لرف الكاشير والأكشاك. من منتجات فونزي (Fonzy)، متوفر عندنا بالجملة لمحلات البقالة والماركت في إسطنبول.</p><h2>تفاصيل البيع بالجملة</h2><ul><li>وحدة البيع: علبة فيها 30 قطعة</li><li>التعبئة: 30 × 14 غ</li><li>القسم: السكاكر والجيلي</li><li>العلامة: فونزي · Fonzy</li></ul><h2>لماذا يطلبه أصحاب المحلات؟</h2><ul><li>يشتريها الأطفال بالقطعة كل يوم.</li><li>سعر صغير ودوران سريع.</li><li>تجذب الصغار إلى رف الكاشير.</li></ul><h2>التوصيل والدفع</h2><p>نوصل فونزي عيون اصفر 14 غرام إلى باب محلك أو نرتبه على الرف في كل مناطق إسطنبول، والدفع نقداً عند الاستلام. للطلبات خارج إسطنبول أو خارج تركيا يكون الدفع بتحويل بنكي. تظهر الأسعار بعد فتح حساب جملة وتأكيده عبر واتساب.</p><p>يبحث عنه التجار أيضاً باسم «Fonzy Göz Şeker Sarı 14 g»، و«فونزي عيون جملة»، و«عيون جملة اسطنبول».</p>",,175,سكاكر,1,فونزي,fonzy,عيون,"Fonzy Göz Şeker Sarı 14 g",lemon,"30 × 14 غ",30,علبة
simple,BK-D8D025,"كاندي مارشميللو ستيك 30 غرام",1,0,visible,"<p>حلوى أطفال بنكهة المارشميللو، وزن القطعة 30 غرام، مناسبة لرف الكاشير والأكشاك. التعبئة: 24 × 30 غ.</p>","<p><strong>كاندي مارشميللو ستيك 30 غرام</strong> (<span lang=""tr"">Candy Marshmallow Stick 30 g</span>): حلوى أطفال بنكهة المارشميللو، وزن القطعة 30 غرام، مناسبة لرف الكاشير والأكشاك. متوفر بالجملة لمحلات البقالة والماركت في إسطنبول.</p><h2>تفاصيل البيع بالجملة</h2><ul><li>وحدة البيع: علبة فيها 24 قطعة</li><li>التعبئة: 24 × 30 غ</li><li>القسم: السكاكر والجيلي</li></ul><h2>لماذا يطلبه أصحاب المحلات؟</h2><ul><li>يشتريها الأطفال بالقطعة كل يوم.</li><li>سعر صغير ودوران سريع.</li><li>تجذب الصغار إلى رف الكاشير.</li></ul><h2>التوصيل والدفع</h2><p>نوصل كاندي مارشميللو ستيك 30 غرام إلى باب محلك أو نرتبه على الرف في كل مناطق إسطنبول، والدفع نقداً عند الاستلام. للطلبات خارج إسطنبول أو خارج تركيا يكون الدفع بتحويل بنكي. تظهر الأسعار بعد فتح حساب جملة وتأكيده عبر واتساب.</p><p>يبحث عنه التجار أيضاً باسم «Candy Marshmallow Stick 30 g»، و«مارشميلو ستيك جملة اسطنبول».</p>",,170,سكاكر,1,,,"مارشميلو ستيك","Candy Marshmallow Stick 30 g",marshmallow,"24 × 30 غ",24,علبة
simple,BK-42D49A,"كاندي مارشميللو مشاوي 30 غرام",1,0,visible,"<p>سكاكر بطعم المارشميللو، وزن القطعة 30 غرام، يحبها الأطفال وتُباع بالقطعة بسعر صغير. التعبئة: 48 × 30 غ.</p>","<p><strong>كاندي مارشميللو مشاوي 30 غرام</strong> (<span lang=""tr"">Candy Marshmallow Mangal 30 g</span>): سكاكر بطعم المارشميللو، وزن القطعة 30 غرام، يحبها الأطفال وتُباع بالقطعة بسعر صغير. متوفر بالجملة لمحلات البقالة والماركت في إسطنبول.</p><h2>تفاصيل البيع بالجملة</h2><ul><li>وحدة البيع: علبة فيها 48 قطعة</li><li>التعبئة: 48 × 30 غ</li><li>القسم: السكاكر والجيلي</li></ul><h2>لماذا يطلبه أصحاب المحلات؟</h2><ul><li>يشتريها الأطفال بالقطعة كل يوم.</li><li>سعر صغير ودوران سريع.</li><li>تجذب الصغار إلى رف الكاشير.</li></ul><h2>التوصيل والدفع</h2><p>نوصل كاندي مارشميللو مشاوي 30 غرام إلى باب محلك أو نرتبه على الرف في كل مناطق إسطنبول، والدفع نقداً عند الاستلام. للطلبات خارج إسطنبول أو خارج تركيا يكون الدفع بتحويل بنكي. تظهر الأسعار بعد فتح حساب جملة وتأكيده عبر واتساب.</p><p>يبحث عنه التجار أيضاً باسم «Candy Marshmallow Mangal 30 g»، و«مارشميلو مشاوي جملة اسطنبول».</p>",,430,سكاكر,1,,,"مارشميلو مشاوي","Candy Marshmallow Mangal 30 g",marshmallow,"48 × 30 غ",48,علبة
simple,BK-D56578,"كوسبي ستاند 20 غرام",1,0,visible,"<p>حلوى أطفال بألوان متنوعة، وزن القطعة 20 غرام، مناسبة لرف الكاشير والأكشاك. التعبئة: 12 × 20 غ.</p>","<p><strong>كوسبي ستاند 20 غرام</strong> (<span lang=""tr"">Kosbi Stand Şeker 20 g</span>): حلوى أطفال بألوان متنوعة، وزن القطعة 20 غرام، مناسبة لرف الكاشير والأكشاك. متوفر بالجملة لمحلات البقالة والماركت في إسطنبول.</p><h2>تفاصيل البيع بالجملة</h2><ul><li>وحدة البيع: ستاند فيها 12 قطعة</li><li>التعبئة: 12 × 20 غ</li><li>القسم: السكاكر والجيلي</li></ul><h2>لماذا يطلبه أصحاب المحلات؟</h2><ul><li>يشتريها الأطفال بالقطعة كل يوم.</li><li>سعر صغير ودوران سريع.</li><li>تجذب الصغار إلى رف الكاشير.</li></ul><h2>التوصيل والدفع</h2><p>نوصل كوسبي ستاند 20 غرام إلى باب محلك أو نرتبه على الرف في كل مناطق إسطنبول، والدفع نقداً عند الاستلام. للطلبات خارج إسطنبول أو خارج تركيا يكون الدفع بتحويل بنكي. تظهر الأسعار بعد فتح حساب جملة وتأكيده عبر واتساب.</p><p>يبحث عنه التجار أيضاً باسم «Kosbi Stand Şeker 20 g»، و«كوسبي جملة اسطنبول».</p>",,75,سكاكر,1,,,كوسبي,"Kosbi Stand Şeker 20 g",mixed,"12 × 20 غ",12,ستاند
simple,BK-D06291,"كيدزي بيس شو ستيك 20 غرام",1,0,visible,"<p>حلوى أطفال من كيدزي (Kidzy) بنكهة الطعم الحامض، وزن القطعة 20 غرام، مناسبة لرف الكاشير والأكشاك. التعبئة: 14 × 20 غ.</p>","<p><strong>كيدزي بيس شو ستيك 20 غرام</strong> (<span lang=""tr"">Kidzy Pis Şo Stick 20 g</span>): حلوى أطفال من كيدزي (Kidzy) بنكهة الطعم الحامض، وزن القطعة 20 غرام، مناسبة لرف الكاشير والأكشاك. من منتجات كيدزي (Kidzy)، متوفر عندنا بالجملة لمحلات البقالة والماركت في إسطنبول.</p><h2>تفاصيل البيع بالجملة</h2><ul><li>وحدة البيع: علبة فيها 14 قطعة</li><li>التعبئة: 14 × 20 غ</li><li>القسم: السكاكر والجيلي</li><li>العلامة: كيدزي · Kidzy</li></ul><h2>لماذا يطلبه أصحاب المحلات؟</h2><ul><li>يشتريها الأطفال بالقطعة كل يوم.</li><li>سعر صغير ودوران سريع.</li><li>تجذب الصغار إلى رف الكاشير.</li></ul><h2>التوصيل والدفع</h2><p>نوصل كيدزي بيس شو ستيك 20 غرام إلى باب محلك أو نرتبه على الرف في كل مناطق إسطنبول، والدفع نقداً عند الاستلام. للطلبات خارج إسطنبول أو خارج تركيا يكون الدفع بتحويل بنكي. تظهر الأسعار بعد فتح حساب جملة وتأكيده عبر واتساب.</p><p>يبحث عنه التجار أيضاً باسم «Kidzy Pis Şo Stick 20 g»، و«كيدزي كيدزي جملة»، و«كيدزي جملة اسطنبول».</p>",,125,سكاكر,1,كيدزي,kidzy,كيدزي,"Kidzy Pis Şo Stick 20 g",sour,"14 × 20 غ",14,علبة
simple,BK-74202D,"كيدزي شمسية 20 غرام",1,0,visible,"<p>سكاكر من كيدزي (Kidzy) بطعم الفواكه، وزن القطعة 20 غرام، يحبها الأطفال وتُباع بالقطعة بسعر صغير. التعبئة: 30 × 20 غ.</p>","<p><strong>كيدزي شمسية 20 غرام</strong> (<span lang=""tr"">Kidzy Şemsiye Şeker 20 g</span>): سكاكر من كيدزي (Kidzy) بطعم الفواكه، وزن القطعة 20 غرام، يحبها الأطفال وتُباع بالقطعة بسعر صغير. من منتجات كيدزي (Kidzy)، متوفر عندنا بالجملة لمحلات البقالة والماركت في إسطنبول.</p><h2>تفاصيل البيع بالجملة</h2><ul><li>وحدة البيع: علبة فيها 30 قطعة</li><li>التعبئة: 30 × 20 غ</li><li>القسم: السكاكر والجيلي</li><li>العلامة: كيدزي · Kidzy</li></ul><h2>لماذا يطلبه أصحاب المحلات؟</h2><ul><li>يشتريها الأطفال بالقطعة كل يوم.</li><li>سعر صغير ودوران سريع.</li><li>تجذب الصغار إلى رف الكاشير.</li></ul><h2>التوصيل والدفع</h2><p>نوصل كيدزي شمسية 20 غرام إلى باب محلك أو نرتبه على الرف في كل مناطق إسطنبول، والدفع نقداً عند الاستلام. للطلبات خارج إسطنبول أو خارج تركيا يكون الدفع بتحويل بنكي. تظهر الأسعار بعد فتح حساب جملة وتأكيده عبر واتساب.</p><p>يبحث عنه التجار أيضاً باسم «Kidzy Şemsiye Şeker 20 g»، و«كيدزي كيدزي جملة»، و«كيدزي جملة اسطنبول».</p>",,230,سكاكر,1,كيدزي,kidzy,كيدزي,"Kidzy Şemsiye Şeker 20 g",fruit,"30 × 20 غ",30,علبة
simple,BK-3AF65A,"كيدزي شور برتقال 20 غرام",1,0,visible,"<p>حلوى أطفال من كيدزي (Kidzy) بنكهة البرتقال، وزن القطعة 20 غرام، مناسبة لرف الكاشير والأكشاك. التعبئة: 24 × 20 غ.</p>","<p><strong>كيدزي شور برتقال 20 غرام</strong> (<span lang=""tr"">Kidzy Sour Portakal 20 g</span>): حلوى أطفال من كيدزي (Kidzy) بنكهة البرتقال، وزن القطعة 20 غرام، مناسبة لرف الكاشير والأكشاك. من منتجات كيدزي (Kidzy)، متوفر عندنا بالجملة لمحلات البقالة والماركت في إسطنبول.</p><h2>تفاصيل البيع بالجملة</h2><ul><li>وحدة البيع: علبة فيها 24 قطعة</li><li>التعبئة: 24 × 20 غ</li><li>القسم: السكاكر والجيلي</li><li>العلامة: كيدزي · Kidzy</li></ul><h2>لماذا يطلبه أصحاب المحلات؟</h2><ul><li>يشتريها الأطفال بالقطعة كل يوم.</li><li>سعر صغير ودوران سريع.</li><li>تجذب الصغار إلى رف الكاشير.</li></ul><h2>التوصيل والدفع</h2><p>نوصل كيدزي شور برتقال 20 غرام إلى باب محلك أو نرتبه على الرف في كل مناطق إسطنبول، والدفع نقداً عند الاستلام. للطلبات خارج إسطنبول أو خارج تركيا يكون الدفع بتحويل بنكي. تظهر الأسعار بعد فتح حساب جملة وتأكيده عبر واتساب.</p><p>يبحث عنه التجار أيضاً باسم «Kidzy Sour Portakal 20 g»، و«كيدزي كيدزي سور جملة»، و«كيدزي سور جملة اسطنبول».</p>",,100,سكاكر,1,كيدزي,kidzy,"كيدزي سور","Kidzy Sour Portakal 20 g",orange,"24 × 20 غ",24,علبة
simple,BK-6EE018,"كيدزي شور تفاح 20 غرام",1,0,visible,"<p>سكاكر من كيدزي (Kidzy) بطعم التفاح، وزن القطعة 20 غرام، يحبها الأطفال وتُباع بالقطعة بسعر صغير. التعبئة: 24 × 20 غ.</p>","<p><strong>كيدزي شور تفاح 20 غرام</strong> (<span lang=""tr"">Kidzy Sour Elma 20 g</span>): سكاكر من كيدزي (Kidzy) بطعم التفاح، وزن القطعة 20 غرام، يحبها الأطفال وتُباع بالقطعة بسعر صغير. من منتجات كيدزي (Kidzy)، متوفر عندنا بالجملة لمحلات البقالة والماركت في إسطنبول.</p><h2>تفاصيل البيع بالجملة</h2><ul><li>وحدة البيع: علبة فيها 24 قطعة</li><li>التعبئة: 24 × 20 غ</li><li>القسم: السكاكر والجيلي</li><li>العلامة: كيدزي · Kidzy</li></ul><h2>لماذا يطلبه أصحاب المحلات؟</h2><ul><li>يشتريها الأطفال بالقطعة كل يوم.</li><li>سعر صغير ودوران سريع.</li><li>تجذب الصغار إلى رف الكاشير.</li></ul><h2>التوصيل والدفع</h2><p>نوصل كيدزي شور تفاح 20 غرام إلى باب محلك أو نرتبه على الرف في كل مناطق إسطنبول، والدفع نقداً عند الاستلام. للطلبات خارج إسطنبول أو خارج تركيا يكون الدفع بتحويل بنكي. تظهر الأسعار بعد فتح حساب جملة وتأكيده عبر واتساب.</p><p>يبحث عنه التجار أيضاً باسم «Kidzy Sour Elma 20 g»، و«كيدزي كيدزي سور جملة»، و«كيدزي سور جملة اسطنبول».</p>",,100,سكاكر,1,كيدزي,kidzy,"كيدزي سور","Kidzy Sour Elma 20 g",apple,"24 × 20 غ",24,علبة
simple,BK-48B1EB,"كيدزي شور فريز 20 غرام",1,0,visible,"<p>حلوى أطفال من كيدزي (Kidzy) بنكهة الفراولة، وزن القطعة 20 غرام، مناسبة لرف الكاشير والأكشاك. التعبئة: 24 × 20 غ.</p>","<p><strong>كيدزي شور فريز 20 غرام</strong> (<span lang=""tr"">Kidzy Sour Çilek 20 g</span>): حلوى أطفال من كيدزي (Kidzy) بنكهة الفراولة، وزن القطعة 20 غرام، مناسبة لرف الكاشير والأكشاك. من منتجات كيدزي (Kidzy)، متوفر عندنا بالجملة لمحلات البقالة والماركت في إسطنبول.</p><h2>تفاصيل البيع بالجملة</h2><ul><li>وحدة البيع: علبة فيها 24 قطعة</li><li>التعبئة: 24 × 20 غ</li><li>القسم: السكاكر والجيلي</li><li>العلامة: كيدزي · Kidzy</li></ul><h2>لماذا يطلبه أصحاب المحلات؟</h2><ul><li>يشتريها الأطفال بالقطعة كل يوم.</li><li>سعر صغير ودوران سريع.</li><li>تجذب الصغار إلى رف الكاشير.</li></ul><h2>التوصيل والدفع</h2><p>نوصل كيدزي شور فريز 20 غرام إلى باب محلك أو نرتبه على الرف في كل مناطق إسطنبول، والدفع نقداً عند الاستلام. للطلبات خارج إسطنبول أو خارج تركيا يكون الدفع بتحويل بنكي. تظهر الأسعار بعد فتح حساب جملة وتأكيده عبر واتساب.</p><p>يبحث عنه التجار أيضاً باسم «Kidzy Sour Çilek 20 g»، و«كيدزي كيدزي سور جملة»، و«كيدزي سور جملة اسطنبول».</p>",,100,سكاكر,1,كيدزي,kidzy,"كيدزي سور","Kidzy Sour Çilek 20 g",strawberry,"24 × 20 غ",24,علبة
simple,BK-4FE10C,"كيدزي كورنيت 20 غرام",1,0,visible,"<p>سكاكر من كيدزي (Kidzy) بطعم الفواكه، وزن القطعة 20 غرام، يحبها الأطفال وتُباع بالقطعة بسعر صغير. التعبئة: 24 × 20 غ.</p>","<p><strong>كيدزي كورنيت 20 غرام</strong> (<span lang=""tr"">Kidzy Kornet 20 g</span>): سكاكر من كيدزي (Kidzy) بطعم الفواكه، وزن القطعة 20 غرام، يحبها الأطفال وتُباع بالقطعة بسعر صغير. من منتجات كيدزي (Kidzy)، متوفر عندنا بالجملة لمحلات البقالة والماركت في إسطنبول.</p><h2>تفاصيل البيع بالجملة</h2><ul><li>وحدة البيع: علبة فيها 24 قطعة</li><li>التعبئة: 24 × 20 غ</li><li>القسم: السكاكر والجيلي</li><li>العلامة: كيدزي · Kidzy</li></ul><h2>لماذا يطلبه أصحاب المحلات؟</h2><ul><li>يشتريها الأطفال بالقطعة كل يوم.</li><li>سعر صغير ودوران سريع.</li><li>تجذب الصغار إلى رف الكاشير.</li></ul><h2>التوصيل والدفع</h2><p>نوصل كيدزي كورنيت 20 غرام إلى باب محلك أو نرتبه على الرف في كل مناطق إسطنبول، والدفع نقداً عند الاستلام. للطلبات خارج إسطنبول أو خارج تركيا يكون الدفع بتحويل بنكي. تظهر الأسعار بعد فتح حساب جملة وتأكيده عبر واتساب.</p><p>يبحث عنه التجار أيضاً باسم «Kidzy Kornet 20 g»، و«كيدزي كيدزي كورنيت جملة»، و«كيدزي كورنيت جملة اسطنبول».</p>",,165,سكاكر,1,كيدزي,kidzy,"كيدزي كورنيت","Kidzy Kornet 20 g",fruit,"24 × 20 غ",24,علبة
simple,BK-477ED8,"كيدزي كول شوكو 13 غرام",1,0,visible,"<p>حلوى أطفال من كيدزي (Kidzy) بنكهة الشوكولاتة، وزن القطعة 13 غرام، مناسبة لرف الكاشير والأكشاك. التعبئة: 24 × 13 غ.</p>","<p><strong>كيدزي كول شوكو 13 غرام</strong> (<span lang=""tr"">Kidzy Cool Choco 13 g</span>): حلوى أطفال من كيدزي (Kidzy) بنكهة الشوكولاتة، وزن القطعة 13 غرام، مناسبة لرف الكاشير والأكشاك. من منتجات كيدزي (Kidzy)، متوفر عندنا بالجملة لمحلات البقالة والماركت في إسطنبول.</p><h2>تفاصيل البيع بالجملة</h2><ul><li>وحدة البيع: علبة فيها 24 قطعة</li><li>التعبئة: 24 × 13 غ</li><li>القسم: السكاكر والجيلي</li><li>العلامة: كيدزي · Kidzy</li></ul><h2>لماذا يطلبه أصحاب المحلات؟</h2><ul><li>يشتريها الأطفال بالقطعة كل يوم.</li><li>سعر صغير ودوران سريع.</li><li>تجذب الصغار إلى رف الكاشير.</li></ul><h2>التوصيل والدفع</h2><p>نوصل كيدزي كول شوكو 13 غرام إلى باب محلك أو نرتبه على الرف في كل مناطق إسطنبول، والدفع نقداً عند الاستلام. للطلبات خارج إسطنبول أو خارج تركيا يكون الدفع بتحويل بنكي. تظهر الأسعار بعد فتح حساب جملة وتأكيده عبر واتساب.</p><p>يبحث عنه التجار أيضاً باسم «Kidzy Cool Choco 13 g»، و«كيدزي كيدزي جملة»، و«كيدزي جملة اسطنبول».</p>",,100,سكاكر,1,كيدزي,kidzy,كيدزي,"Kidzy Cool Choco 13 g",chocolate,"24 × 13 غ",24,علبة
simple,BK-2786D0,"كيمو رول فريز 40 غرام",1,0,visible,"<p>كيك من كيمو (Kimo) بنكهة الفراولة، وزن القطعة 40 غرام، من الأصناف التي يطلبها الأطفال والطلاب كل يوم. التعبئة: 24 × 40 غ.</p>","<p><strong>كيمو رول فريز 40 غرام</strong> (<span lang=""tr"">Kimo Rulo Kek Çilekli 40 g</span>): كيك من كيمو (Kimo) بنكهة الفراولة، وزن القطعة 40 غرام، من الأصناف التي يطلبها الأطفال والطلاب كل يوم. من منتجات كيمو (Kimo)، متوفر عندنا بالجملة لمحلات البقالة والماركت في إسطنبول.</p><h2>تفاصيل البيع بالجملة</h2><ul><li>وحدة البيع: علبة فيها 24 قطعة</li><li>التعبئة: 24 × 40 غ</li><li>القسم: الكيك والرول</li><li>العلامة: كيمو · Kimo</li></ul><h2>لماذا يطلبه أصحاب المحلات؟</h2><ul><li>وجبة خفيفة مشبعة يطلبها الطلاب والعمال يومياً.</li><li>مغلّف فردياً ومناسب للبيع بالقطعة بجانب المشروبات.</li><li>يُعرض على الرف دون تبريد.</li></ul><h2>التوصيل والدفع</h2><p>نوصل كيمو رول فريز 40 غرام إلى باب محلك أو نرتبه على الرف في كل مناطق إسطنبول، والدفع نقداً عند الاستلام. للطلبات خارج إسطنبول أو خارج تركيا يكون الدفع بتحويل بنكي. تظهر الأسعار بعد فتح حساب جملة وتأكيده عبر واتساب.</p><p>يبحث عنه التجار أيضاً باسم «Kimo Rulo Kek Çilekli 40 g»، و«كيمو رول جملة»، و«رول جملة اسطنبول».</p>",,185,كيك,1,كيمو,kimo,رول,"Kimo Rulo Kek Çilekli 40 g",strawberry,"24 × 40 غ",24,علبة
simple,BK-3F1FBE,"كيمو سبونج جوي شوكولا 40 غرام",1,0,visible,"<p>كيك مغلّف فردياً من كيمو (Kimo) بنكهة الشوكولاتة، وزن القطعة 40 غرام، يباع بسرعة في البقالات والمقاصف. التعبئة: 24 × 40 غ.</p>","<p><strong>كيمو سبونج جوي شوكولا 40 غرام</strong> (<span lang=""tr"">Kimo Sponge Joy Çikolatalı 40 g</span>): كيك مغلّف فردياً من كيمو (Kimo) بنكهة الشوكولاتة، وزن القطعة 40 غرام، يباع بسرعة في البقالات والمقاصف. من منتجات كيمو (Kimo)، متوفر عندنا بالجملة لمحلات البقالة والماركت في إسطنبول.</p><h2>تفاصيل البيع بالجملة</h2><ul><li>وحدة البيع: علبة فيها 24 قطعة</li><li>التعبئة: 24 × 40 غ</li><li>القسم: الكيك والرول</li><li>العلامة: كيمو · Kimo</li></ul><h2>لماذا يطلبه أصحاب المحلات؟</h2><ul><li>وجبة خفيفة مشبعة يطلبها الطلاب والعمال يومياً.</li><li>مغلّف فردياً ومناسب للبيع بالقطعة بجانب المشروبات.</li><li>يُعرض على الرف دون تبريد.</li></ul><h2>التوصيل والدفع</h2><p>نوصل كيمو سبونج جوي شوكولا 40 غرام إلى باب محلك أو نرتبه على الرف في كل مناطق إسطنبول، والدفع نقداً عند الاستلام. للطلبات خارج إسطنبول أو خارج تركيا يكون الدفع بتحويل بنكي. تظهر الأسعار بعد فتح حساب جملة وتأكيده عبر واتساب.</p><p>يبحث عنه التجار أيضاً باسم «Kimo Sponge Joy Çikolatalı 40 g»، و«كيمو سبونج جوي جملة»، و«سبونج جوي جملة اسطنبول».</p>",,185,كيك,1,كيمو,kimo,"سبونج جوي","Kimo Sponge Joy Çikolatalı 40 g",chocolate,"24 × 40 غ",24,علبة
simple,BK-6CA1A2,"كيمو سبونج لاير بطيخ 35 غرام",1,0,visible,"<p>كيك من كيمو (Kimo) بنكهة البطيخ، وزن القطعة 35 غرام، من الأصناف التي يطلبها الأطفال والطلاب كل يوم. التعبئة: 24 × 35 غ.</p>","<p><strong>كيمو سبونج لاير بطيخ 35 غرام</strong> (<span lang=""tr"">Kimo Sponge Layer Karpuz 35 g</span>): كيك من كيمو (Kimo) بنكهة البطيخ، وزن القطعة 35 غرام، من الأصناف التي يطلبها الأطفال والطلاب كل يوم. من منتجات كيمو (Kimo)، متوفر عندنا بالجملة لمحلات البقالة والماركت في إسطنبول.</p><h2>تفاصيل البيع بالجملة</h2><ul><li>وحدة البيع: علبة فيها 24 قطعة</li><li>التعبئة: 24 × 35 غ</li><li>القسم: الكيك والرول</li><li>العلامة: كيمو · Kimo</li></ul><h2>لماذا يطلبه أصحاب المحلات؟</h2><ul><li>وجبة خفيفة مشبعة يطلبها الطلاب والعمال يومياً.</li><li>مغلّف فردياً ومناسب للبيع بالقطعة بجانب المشروبات.</li><li>يُعرض على الرف دون تبريد.</li></ul><h2>التوصيل والدفع</h2><p>نوصل كيمو سبونج لاير بطيخ 35 غرام إلى باب محلك أو نرتبه على الرف في كل مناطق إسطنبول، والدفع نقداً عند الاستلام. للطلبات خارج إسطنبول أو خارج تركيا يكون الدفع بتحويل بنكي. تظهر الأسعار بعد فتح حساب جملة وتأكيده عبر واتساب.</p><p>يبحث عنه التجار أيضاً باسم «Kimo Sponge Layer Karpuz 35 g»، و«كيمو سبونج لاير جملة»، و«سبونج لاير جملة اسطنبول».</p>",,170,كيك,1,كيمو,kimo,"سبونج لاير","Kimo Sponge Layer Karpuz 35 g",watermelon,"24 × 35 غ",24,علبة
simple,BK-A862F1,"كيمو كيك مغطسة حليب 35 غرام",1,0,visible,"<p>قطعة كيك طرية من كيمو (Kimo) بطعم الحليب، وزن القطعة 35 غرام، مناسبة لرف الكيك قرب الكاشير. التعبئة: 24 × 35 غ.</p>","<p><strong>كيمو كيك مغطسة حليب 35 غرام</strong> (<span lang=""tr"">Kimo Kaplamalı Kek Sütlü 35 g</span>): قطعة كيك طرية من كيمو (Kimo) بطعم الحليب، وزن القطعة 35 غرام، مناسبة لرف الكيك قرب الكاشير. من منتجات كيمو (Kimo)، متوفر عندنا بالجملة لمحلات البقالة والماركت في إسطنبول.</p><h2>تفاصيل البيع بالجملة</h2><ul><li>وحدة البيع: علبة فيها 24 قطعة</li><li>التعبئة: 24 × 35 غ</li><li>القسم: الكيك والرول</li><li>العلامة: كيمو · Kimo</li></ul><h2>لماذا يطلبه أصحاب المحلات؟</h2><ul><li>وجبة خفيفة مشبعة يطلبها الطلاب والعمال يومياً.</li><li>مغلّف فردياً ومناسب للبيع بالقطعة بجانب المشروبات.</li><li>يُعرض على الرف دون تبريد.</li></ul><h2>التوصيل والدفع</h2><p>نوصل كيمو كيك مغطسة حليب 35 غرام إلى باب محلك أو نرتبه على الرف في كل مناطق إسطنبول، والدفع نقداً عند الاستلام. للطلبات خارج إسطنبول أو خارج تركيا يكون الدفع بتحويل بنكي. تظهر الأسعار بعد فتح حساب جملة وتأكيده عبر واتساب.</p><p>يبحث عنه التجار أيضاً باسم «Kimo Kaplamalı Kek Sütlü 35 g»، و«كيمو كيك مغطس جملة»، و«كيك مغطس جملة اسطنبول».</p>",,185,كيك,1,كيمو,kimo,"كيك مغطس","Kimo Kaplamalı Kek Sütlü 35 g",milk,"24 × 35 غ",24,علبة
simple,BK-9B901A,"لاي لاي لوم 2 25 غرام",1,0,visible,"<p>حلوى أطفال من لاي لاي لوم (Lay Lay Lom) بنكهة الفواكه، وزن القطعة 25 غرام، مناسبة لرف الكاشير والأكشاك. التعبئة: 50 × 25 غ.</p>","<p><strong>لاي لاي لوم 2 25 غرام</strong> (<span lang=""tr"">Lay Lay Lom 2 Şeker 25 g</span>): حلوى أطفال من لاي لاي لوم (Lay Lay Lom) بنكهة الفواكه، وزن القطعة 25 غرام، مناسبة لرف الكاشير والأكشاك. من منتجات لاي لاي لوم (Lay Lay Lom)، متوفر عندنا بالجملة لمحلات البقالة والماركت في إسطنبول.</p><h2>تفاصيل البيع بالجملة</h2><ul><li>وحدة البيع: علبة فيها 50 قطعة</li><li>التعبئة: 50 × 25 غ</li><li>القسم: السكاكر والجيلي</li><li>العلامة: لاي لاي لوم · Lay Lay Lom</li></ul><h2>لماذا يطلبه أصحاب المحلات؟</h2><ul><li>يشتريها الأطفال بالقطعة كل يوم.</li><li>سعر صغير ودوران سريع.</li><li>تجذب الصغار إلى رف الكاشير.</li></ul><h2>التوصيل والدفع</h2><p>نوصل لاي لاي لوم 2 25 غرام إلى باب محلك أو نرتبه على الرف في كل مناطق إسطنبول، والدفع نقداً عند الاستلام. للطلبات خارج إسطنبول أو خارج تركيا يكون الدفع بتحويل بنكي. تظهر الأسعار بعد فتح حساب جملة وتأكيده عبر واتساب.</p><p>يبحث عنه التجار أيضاً باسم «Lay Lay Lom 2 Şeker 25 g»، و«لاي لاي لوم لاي لاي لوم جملة»، و«لاي لاي لوم جملة اسطنبول».</p>",,310,سكاكر,1,"لاي لاي لوم",laylaylom,"لاي لاي لوم","Lay Lay Lom 2 Şeker 25 g",fruit,"50 × 25 غ",50,علبة
simple,BK-DE4897,"لاي لاي لوم 25 غرام",1,0,visible,"<p>سكاكر من لاي لاي لوم (Lay Lay Lom) بطعم الفواكه، وزن القطعة 25 غرام، يحبها الأطفال وتُباع بالقطعة بسعر صغير. التعبئة: 24 × 25 غ.</p>","<p><strong>لاي لاي لوم 25 غرام</strong> (<span lang=""tr"">Lay Lay Lom Şeker 25 g</span>): سكاكر من لاي لاي لوم (Lay Lay Lom) بطعم الفواكه، وزن القطعة 25 غرام، يحبها الأطفال وتُباع بالقطعة بسعر صغير. من منتجات لاي لاي لوم (Lay Lay Lom)، متوفر عندنا بالجملة لمحلات البقالة والماركت في إسطنبول.</p><h2>تفاصيل البيع بالجملة</h2><ul><li>وحدة البيع: علبة فيها 24 قطعة</li><li>التعبئة: 24 × 25 غ</li><li>القسم: السكاكر والجيلي</li><li>العلامة: لاي لاي لوم · Lay Lay Lom</li></ul><h2>لماذا يطلبه أصحاب المحلات؟</h2><ul><li>يشتريها الأطفال بالقطعة كل يوم.</li><li>سعر صغير ودوران سريع.</li><li>تجذب الصغار إلى رف الكاشير.</li></ul><h2>التوصيل والدفع</h2><p>نوصل لاي لاي لوم 25 غرام إلى باب محلك أو نرتبه على الرف في كل مناطق إسطنبول، والدفع نقداً عند الاستلام. للطلبات خارج إسطنبول أو خارج تركيا يكون الدفع بتحويل بنكي. تظهر الأسعار بعد فتح حساب جملة وتأكيده عبر واتساب.</p><p>يبحث عنه التجار أيضاً باسم «Lay Lay Lom Şeker 25 g»، و«لاي لاي لوم لاي لاي لوم جملة»، و«لاي لاي لوم جملة اسطنبول».</p>",,165,سكاكر,1,"لاي لاي لوم",laylaylom,"لاي لاي لوم","Lay Lay Lom Şeker 25 g",fruit,"24 × 25 غ",24,علبة
simple,BK-A477BB,"لوسي برغر دارك 45 غرام",1,0,visible,"<p>كيك مغلّف فردياً من بونجو (Bonucci) بنكهة الشوكولاتة الداكنة، وزن القطعة 45 غرام، يباع بسرعة في البقالات والمقاصف. التعبئة: 24 × 45 غ.</p>","<p><strong>لوسي برغر دارك 45 غرام</strong> (<span lang=""tr"">Bonucci Lucy Burger Bitter 45 g</span>): كيك مغلّف فردياً من بونجو (Bonucci) بنكهة الشوكولاتة الداكنة، وزن القطعة 45 غرام، يباع بسرعة في البقالات والمقاصف. من منتجات بونجو (Bonucci)، متوفر عندنا بالجملة لمحلات البقالة والماركت في إسطنبول.</p><h2>تفاصيل البيع بالجملة</h2><ul><li>وحدة البيع: علبة فيها 24 قطعة</li><li>التعبئة: 24 × 45 غ</li><li>القسم: الكيك والرول</li><li>العلامة: بونجو · Bonucci</li></ul><h2>لماذا يطلبه أصحاب المحلات؟</h2><ul><li>وجبة خفيفة مشبعة يطلبها الطلاب والعمال يومياً.</li><li>مغلّف فردياً ومناسب للبيع بالقطعة بجانب المشروبات.</li><li>يُعرض على الرف دون تبريد.</li></ul><h2>التوصيل والدفع</h2><p>نوصل لوسي برغر دارك 45 غرام إلى باب محلك أو نرتبه على الرف في كل مناطق إسطنبول، والدفع نقداً عند الاستلام. للطلبات خارج إسطنبول أو خارج تركيا يكون الدفع بتحويل بنكي. تظهر الأسعار بعد فتح حساب جملة وتأكيده عبر واتساب.</p><p>يبحث عنه التجار أيضاً باسم «Bonucci Lucy Burger Bitter 45 g»، و«بونوتشي لوسي برغر جملة»، و«لوسي برغر جملة اسطنبول».</p>",,185,كيك,1,بونجو,bonucci,"لوسي برغر","Bonucci Lucy Burger Bitter 45 g",dark,"24 × 45 غ",24,علبة
simple,BK-CC8840,"لوسي برغر دبي 42 غرام",1,0,visible,"<p>كيك من بونجو (Bonucci) بنكهة الفستق والكنافة، وزن القطعة 42 غرام، من الأصناف التي يطلبها الأطفال والطلاب كل يوم. التعبئة: 24 × 42 غ.</p>","<p><strong>لوسي برغر دبي 42 غرام</strong> (<span lang=""tr"">Bonucci Lucy Burger Dubai 42 g</span>): كيك من بونجو (Bonucci) بنكهة الفستق والكنافة، وزن القطعة 42 غرام، من الأصناف التي يطلبها الأطفال والطلاب كل يوم. من منتجات بونجو (Bonucci)، متوفر عندنا بالجملة لمحلات البقالة والماركت في إسطنبول.</p><h2>تفاصيل البيع بالجملة</h2><ul><li>وحدة البيع: علبة فيها 24 قطعة</li><li>التعبئة: 24 × 42 غ</li><li>القسم: الكيك والرول</li><li>العلامة: بونجو · Bonucci</li></ul><h2>لماذا يطلبه أصحاب المحلات؟</h2><ul><li>وجبة خفيفة مشبعة يطلبها الطلاب والعمال يومياً.</li><li>مغلّف فردياً ومناسب للبيع بالقطعة بجانب المشروبات.</li><li>يُعرض على الرف دون تبريد.</li></ul><h2>التوصيل والدفع</h2><p>نوصل لوسي برغر دبي 42 غرام إلى باب محلك أو نرتبه على الرف في كل مناطق إسطنبول، والدفع نقداً عند الاستلام. للطلبات خارج إسطنبول أو خارج تركيا يكون الدفع بتحويل بنكي. تظهر الأسعار بعد فتح حساب جملة وتأكيده عبر واتساب.</p><p>يبحث عنه التجار أيضاً باسم «Bonucci Lucy Burger Dubai 42 g»، و«بونوتشي لوسي برغر جملة»، و«لوسي برغر جملة اسطنبول».</p>",,185,كيك,1,بونجو,bonucci,"لوسي برغر","Bonucci Lucy Burger Dubai 42 g",kunafa,"24 × 42 غ",24,علبة
simple,BK-10E172,"ليغو ريغو بطيخ 30 غرام",1,0,visible,"<p>سكاكر بطعم البطيخ، وزن القطعة 30 غرام، يحبها الأطفال وتُباع بالقطعة بسعر صغير. التعبئة: 24 × 30 غ.</p>","<p><strong>ليغو ريغو بطيخ 30 غرام</strong> (<span lang=""tr"">Ligo Rigo Karpuz Jelibon 30 g</span>): سكاكر بطعم البطيخ، وزن القطعة 30 غرام، يحبها الأطفال وتُباع بالقطعة بسعر صغير. متوفر بالجملة لمحلات البقالة والماركت في إسطنبول.</p><h2>تفاصيل البيع بالجملة</h2><ul><li>وحدة البيع: علبة فيها 24 قطعة</li><li>التعبئة: 24 × 30 غ</li><li>القسم: السكاكر والجيلي</li></ul><h2>لماذا يطلبه أصحاب المحلات؟</h2><ul><li>يشتريها الأطفال بالقطعة كل يوم.</li><li>سعر صغير ودوران سريع.</li><li>تجذب الصغار إلى رف الكاشير.</li></ul><h2>التوصيل والدفع</h2><p>نوصل ليغو ريغو بطيخ 30 غرام إلى باب محلك أو نرتبه على الرف في كل مناطق إسطنبول، والدفع نقداً عند الاستلام. للطلبات خارج إسطنبول أو خارج تركيا يكون الدفع بتحويل بنكي. تظهر الأسعار بعد فتح حساب جملة وتأكيده عبر واتساب.</p><p>يبحث عنه التجار أيضاً باسم «Ligo Rigo Karpuz Jelibon 30 g»، و«ليغو ريغو جملة اسطنبول».</p>",,120,سكاكر,1,,,"ليغو ريغو","Ligo Rigo Karpuz Jelibon 30 g",watermelon,"24 × 30 غ",24,علبة
simple,BK-1593C2,"ليغو ريغو كولا 30 غرام",1,0,visible,"<p>حلوى أطفال بنكهة الكولا، وزن القطعة 30 غرام، مناسبة لرف الكاشير والأكشاك. التعبئة: 24 × 30 غ.</p>","<p><strong>ليغو ريغو كولا 30 غرام</strong> (<span lang=""tr"">Ligo Rigo Kola Jelibon 30 g</span>): حلوى أطفال بنكهة الكولا، وزن القطعة 30 غرام، مناسبة لرف الكاشير والأكشاك. متوفر بالجملة لمحلات البقالة والماركت في إسطنبول.</p><h2>تفاصيل البيع بالجملة</h2><ul><li>وحدة البيع: علبة فيها 24 قطعة</li><li>التعبئة: 24 × 30 غ</li><li>القسم: السكاكر والجيلي</li></ul><h2>لماذا يطلبه أصحاب المحلات؟</h2><ul><li>يشتريها الأطفال بالقطعة كل يوم.</li><li>سعر صغير ودوران سريع.</li><li>تجذب الصغار إلى رف الكاشير.</li></ul><h2>التوصيل والدفع</h2><p>نوصل ليغو ريغو كولا 30 غرام إلى باب محلك أو نرتبه على الرف في كل مناطق إسطنبول، والدفع نقداً عند الاستلام. للطلبات خارج إسطنبول أو خارج تركيا يكون الدفع بتحويل بنكي. تظهر الأسعار بعد فتح حساب جملة وتأكيده عبر واتساب.</p><p>يبحث عنه التجار أيضاً باسم «Ligo Rigo Kola Jelibon 30 g»، و«ليغو ريغو جملة اسطنبول».</p>",,120,سكاكر,1,,,"ليغو ريغو","Ligo Rigo Kola Jelibon 30 g",cola,"24 × 30 غ",24,علبة
simple,BK-35BC58,"مارشميللو سويتو سور كولا 20 غرام",1,0,visible,"<p>حلوى أطفال من سويتو (Sweeto) بنكهة الكولا، وزن القطعة 20 غرام، مناسبة لرف الكاشير والأكشاك. التعبئة: 36 × 20 غ.</p>","<p><strong>مارشميللو سويتو سور كولا 20 غرام</strong> (<span lang=""tr"">Sweeto Sour Kola Marshmallow 20 g</span>): حلوى أطفال من سويتو (Sweeto) بنكهة الكولا، وزن القطعة 20 غرام، مناسبة لرف الكاشير والأكشاك. من منتجات سويتو (Sweeto)، متوفر عندنا بالجملة لمحلات البقالة والماركت في إسطنبول.</p><h2>تفاصيل البيع بالجملة</h2><ul><li>وحدة البيع: علبة فيها 36 قطعة</li><li>التعبئة: 36 × 20 غ</li><li>القسم: السكاكر والجيلي</li><li>العلامة: سويتو · Sweeto</li></ul><h2>لماذا يطلبه أصحاب المحلات؟</h2><ul><li>يشتريها الأطفال بالقطعة كل يوم.</li><li>سعر صغير ودوران سريع.</li><li>تجذب الصغار إلى رف الكاشير.</li></ul><h2>التوصيل والدفع</h2><p>نوصل مارشميللو سويتو سور كولا 20 غرام إلى باب محلك أو نرتبه على الرف في كل مناطق إسطنبول، والدفع نقداً عند الاستلام. للطلبات خارج إسطنبول أو خارج تركيا يكون الدفع بتحويل بنكي. تظهر الأسعار بعد فتح حساب جملة وتأكيده عبر واتساب.</p><p>يبحث عنه التجار أيضاً باسم «Sweeto Sour Kola Marshmallow 20 g»، و«سويتو سور جملة»، و«سور جملة اسطنبول».</p>",,290,سكاكر,1,سويتو,sweeto,سور,"Sweeto Sour Kola Marshmallow 20 g",cola,"36 × 20 غ",36,علبة
simple,BK-785FD8,"ماي فريش 130 غرام",1,0,visible,"<p>سكاكر من ماي فريش (My Fresh) بطعم النعناع، وزن القطعة 130 غرام، يحبها الأطفال وتُباع بالقطعة بسعر صغير. التعبئة: 64 × 130 غ.</p>","<p><strong>ماي فريش 130 غرام</strong> (<span lang=""tr"">My Fresh Şeker 130 g</span>): سكاكر من ماي فريش (My Fresh) بطعم النعناع، وزن القطعة 130 غرام، يحبها الأطفال وتُباع بالقطعة بسعر صغير. من منتجات ماي فريش (My Fresh)، متوفر عندنا بالجملة لمحلات البقالة والماركت في إسطنبول.</p><h2>تفاصيل البيع بالجملة</h2><ul><li>وحدة البيع: علبة فيها 64 قطعة</li><li>التعبئة: 64 × 130 غ</li><li>القسم: السكاكر والجيلي</li><li>العلامة: ماي فريش · My Fresh</li></ul><h2>لماذا يطلبه أصحاب المحلات؟</h2><ul><li>يشتريها الأطفال بالقطعة كل يوم.</li><li>سعر صغير ودوران سريع.</li><li>تجذب الصغار إلى رف الكاشير.</li></ul><h2>التوصيل والدفع</h2><p>نوصل ماي فريش 130 غرام إلى باب محلك أو نرتبه على الرف في كل مناطق إسطنبول، والدفع نقداً عند الاستلام. للطلبات خارج إسطنبول أو خارج تركيا يكون الدفع بتحويل بنكي. تظهر الأسعار بعد فتح حساب جملة وتأكيده عبر واتساب.</p><p>يبحث عنه التجار أيضاً باسم «My Fresh Şeker 130 g»، و«ماي فريش ماي فريش جملة»، و«ماي فريش جملة اسطنبول».</p>",,430,سكاكر,1,"ماي فريش",myfresh,"ماي فريش","My Fresh Şeker 130 g",mint,"64 × 130 غ",64,علبة
simple,BK-F05CE1,"ماي فريش جيلي – 120 قطعة",1,0,visible,"<p>سكاكر من ماي فريش (My Fresh) بطعم الجيلي، يحبها الأطفال وتُباع بالقطعة بسعر صغير. التعبئة: 120 قطعة.</p>","<p><strong>ماي فريش جيلي – 120 قطعة</strong> (<span lang=""tr"">My Fresh Jelly (120 adet)</span>): سكاكر من ماي فريش (My Fresh) بطعم الجيلي، يحبها الأطفال وتُباع بالقطعة بسعر صغير. من منتجات ماي فريش (My Fresh)، متوفر عندنا بالجملة لمحلات البقالة والماركت في إسطنبول.</p><h2>تفاصيل البيع بالجملة</h2><ul><li>وحدة البيع: طرد فيها 120 قطعة</li><li>التعبئة: 120 قطعة</li><li>القسم: السكاكر والجيلي</li><li>العلامة: ماي فريش · My Fresh</li></ul><h2>لماذا يطلبه أصحاب المحلات؟</h2><ul><li>يشتريها الأطفال بالقطعة كل يوم.</li><li>سعر صغير ودوران سريع.</li><li>تجذب الصغار إلى رف الكاشير.</li></ul><h2>التوصيل والدفع</h2><p>نوصل ماي فريش جيلي – 120 قطعة إلى باب محلك أو نرتبه على الرف في كل مناطق إسطنبول، والدفع نقداً عند الاستلام. للطلبات خارج إسطنبول أو خارج تركيا يكون الدفع بتحويل بنكي. تظهر الأسعار بعد فتح حساب جملة وتأكيده عبر واتساب.</p><p>يبحث عنه التجار أيضاً باسم «My Fresh Jelly (120 adet)»، و«ماي فريش ماي فريش جيلي جملة»، و«ماي فريش جيلي جملة اسطنبول».</p>",,430,سكاكر,1,"ماي فريش",myfresh,"ماي فريش جيلي","My Fresh Jelly (120 adet)",jelly,"120 قطعة",120,طرد
simple,BK-3E6825,"ماي فريش جيلي – 220 قطعة",1,0,visible,"<p>سكاكر من ماي فريش (My Fresh) بطعم الجيلي، يحبها الأطفال وتُباع بالقطعة بسعر صغير. التعبئة: 220 قطعة.</p>","<p><strong>ماي فريش جيلي – 220 قطعة</strong> (<span lang=""tr"">My Fresh Jelly (220 adet)</span>): سكاكر من ماي فريش (My Fresh) بطعم الجيلي، يحبها الأطفال وتُباع بالقطعة بسعر صغير. من منتجات ماي فريش (My Fresh)، متوفر عندنا بالجملة لمحلات البقالة والماركت في إسطنبول.</p><h2>تفاصيل البيع بالجملة</h2><ul><li>وحدة البيع: طرد فيها 220 قطعة</li><li>التعبئة: 220 قطعة</li><li>القسم: السكاكر والجيلي</li><li>العلامة: ماي فريش · My Fresh</li></ul><h2>لماذا يطلبه أصحاب المحلات؟</h2><ul><li>يشتريها الأطفال بالقطعة كل يوم.</li><li>سعر صغير ودوران سريع.</li><li>تجذب الصغار إلى رف الكاشير.</li></ul><h2>التوصيل والدفع</h2><p>نوصل ماي فريش جيلي – 220 قطعة إلى باب محلك أو نرتبه على الرف في كل مناطق إسطنبول، والدفع نقداً عند الاستلام. للطلبات خارج إسطنبول أو خارج تركيا يكون الدفع بتحويل بنكي. تظهر الأسعار بعد فتح حساب جملة وتأكيده عبر واتساب.</p><p>يبحث عنه التجار أيضاً باسم «My Fresh Jelly (220 adet)»، و«ماي فريش ماي فريش جيلي جملة»، و«ماي فريش جيلي جملة اسطنبول».</p>",,440,سكاكر,1,"ماي فريش",myfresh,"ماي فريش جيلي","My Fresh Jelly (220 adet)",jelly,"220 قطعة",220,طرد
simple,BK-76AB31,"مصاص اسنان",1,0,visible,"<p>سكاكر بطعم الفراولة، يحبها الأطفال وتُباع بالقطعة بسعر صغير. التعبئة: 24 قطعة.</p>","<p><strong>مصاص اسنان</strong> (<span lang=""tr"">Diş Lolipop Şeker</span>): سكاكر بطعم الفراولة، يحبها الأطفال وتُباع بالقطعة بسعر صغير. متوفر بالجملة لمحلات البقالة والماركت في إسطنبول.</p><h2>تفاصيل البيع بالجملة</h2><ul><li>وحدة البيع: علبة فيها 24 قطعة</li><li>التعبئة: 24 قطعة</li><li>القسم: السكاكر والجيلي</li></ul><h2>لماذا يطلبه أصحاب المحلات؟</h2><ul><li>يشتريها الأطفال بالقطعة كل يوم.</li><li>سعر صغير ودوران سريع.</li><li>تجذب الصغار إلى رف الكاشير.</li></ul><h2>التوصيل والدفع</h2><p>نوصل مصاص اسنان إلى باب محلك أو نرتبه على الرف في كل مناطق إسطنبول، والدفع نقداً عند الاستلام. للطلبات خارج إسطنبول أو خارج تركيا يكون الدفع بتحويل بنكي. تظهر الأسعار بعد فتح حساب جملة وتأكيده عبر واتساب.</p><p>يبحث عنه التجار أيضاً باسم «Diş Lolipop Şeker»، و«مصاص جملة اسطنبول».</p>",,150,سكاكر,1,,,مصاص,"Diş Lolipop Şeker",strawberry,"24 قطعة",24,علبة
simple,BK-2301C1,"مصاص اكاش 16 غرام",1,0,visible,"<p>حلوى أطفال بنكهة الفواكه، وزن القطعة 16 غرام، مناسبة لرف الكاشير والأكشاك. التعبئة: 120 × 16 غ.</p>","<p><strong>مصاص اكاش 16 غرام</strong> (<span lang=""tr"">Akaş Lolipop 16 g</span>): حلوى أطفال بنكهة الفواكه، وزن القطعة 16 غرام، مناسبة لرف الكاشير والأكشاك. متوفر بالجملة لمحلات البقالة والماركت في إسطنبول.</p><h2>تفاصيل البيع بالجملة</h2><ul><li>وحدة البيع: علبة فيها 120 قطعة</li><li>التعبئة: 120 × 16 غ</li><li>القسم: السكاكر والجيلي</li></ul><h2>لماذا يطلبه أصحاب المحلات؟</h2><ul><li>يشتريها الأطفال بالقطعة كل يوم.</li><li>سعر صغير ودوران سريع.</li><li>تجذب الصغار إلى رف الكاشير.</li></ul><h2>التوصيل والدفع</h2><p>نوصل مصاص اكاش 16 غرام إلى باب محلك أو نرتبه على الرف في كل مناطق إسطنبول، والدفع نقداً عند الاستلام. للطلبات خارج إسطنبول أو خارج تركيا يكون الدفع بتحويل بنكي. تظهر الأسعار بعد فتح حساب جملة وتأكيده عبر واتساب.</p><p>يبحث عنه التجار أيضاً باسم «Akaş Lolipop 16 g»، و«مصاص جملة اسطنبول».</p>",,295,سكاكر,1,,,مصاص,"Akaş Lolipop 16 g",fruit,"120 × 16 غ",120,علبة
simple,BK-67ECEC,"مصاص ايللو ارنب 32 غرام",1,0,visible,"<p>حلوى أطفال من ايللو (Ello) بنكهة الفراولة، وزن القطعة 32 غرام، مناسبة لرف الكاشير والأكشاك. التعبئة: 12 × 32 غ.</p>","<p><strong>مصاص ايللو ارنب 32 غرام</strong> (<span lang=""tr"">Ello Tavşan Lolipop 32 g</span>): حلوى أطفال من ايللو (Ello) بنكهة الفراولة، وزن القطعة 32 غرام، مناسبة لرف الكاشير والأكشاك. من منتجات ايللو (Ello)، متوفر عندنا بالجملة لمحلات البقالة والماركت في إسطنبول.</p><h2>تفاصيل البيع بالجملة</h2><ul><li>وحدة البيع: طرد فيها 12 قطعة</li><li>التعبئة: 12 × 32 غ</li><li>القسم: السكاكر والجيلي</li><li>العلامة: ايللو · Ello</li></ul><h2>لماذا يطلبه أصحاب المحلات؟</h2><ul><li>يشتريها الأطفال بالقطعة كل يوم.</li><li>سعر صغير ودوران سريع.</li><li>تجذب الصغار إلى رف الكاشير.</li></ul><h2>التوصيل والدفع</h2><p>نوصل مصاص ايللو ارنب 32 غرام إلى باب محلك أو نرتبه على الرف في كل مناطق إسطنبول، والدفع نقداً عند الاستلام. للطلبات خارج إسطنبول أو خارج تركيا يكون الدفع بتحويل بنكي. تظهر الأسعار بعد فتح حساب جملة وتأكيده عبر واتساب.</p><p>يبحث عنه التجار أيضاً باسم «Ello Tavşan Lolipop 32 g»، و«ايللو مصاص جملة»، و«مصاص جملة اسطنبول».</p>",,215,سكاكر,1,ايللو,ello,مصاص,"Ello Tavşan Lolipop 32 g",strawberry,"12 × 32 غ",12,طرد
simple,BK-8FB8C1,"مصاص ويليكس 14 غرام",1,0,visible,"<p>سكاكر بطعم الفواكه، وزن القطعة 14 غرام، يحبها الأطفال وتُباع بالقطعة بسعر صغير. التعبئة: 36 × 14 غ.</p>","<p><strong>مصاص ويليكس 14 غرام</strong> (<span lang=""tr"">Willix Lolipop 14 g</span>): سكاكر بطعم الفواكه، وزن القطعة 14 غرام، يحبها الأطفال وتُباع بالقطعة بسعر صغير. متوفر بالجملة لمحلات البقالة والماركت في إسطنبول.</p><h2>تفاصيل البيع بالجملة</h2><ul><li>وحدة البيع: علبة فيها 36 قطعة</li><li>التعبئة: 36 × 14 غ</li><li>القسم: السكاكر والجيلي</li></ul><h2>لماذا يطلبه أصحاب المحلات؟</h2><ul><li>يشتريها الأطفال بالقطعة كل يوم.</li><li>سعر صغير ودوران سريع.</li><li>تجذب الصغار إلى رف الكاشير.</li></ul><h2>التوصيل والدفع</h2><p>نوصل مصاص ويليكس 14 غرام إلى باب محلك أو نرتبه على الرف في كل مناطق إسطنبول، والدفع نقداً عند الاستلام. للطلبات خارج إسطنبول أو خارج تركيا يكون الدفع بتحويل بنكي. تظهر الأسعار بعد فتح حساب جملة وتأكيده عبر واتساب.</p><p>يبحث عنه التجار أيضاً باسم «Willix Lolipop 14 g»، و«مصاص جملة اسطنبول».</p>",,135,سكاكر,1,,,مصاص,"Willix Lolipop 14 g",fruit,"36 × 14 غ",36,علبة
simple,BK-ED4089,"ميسكيت سميري ظرف 20 غرام",1,0,visible,"<p>منتج أطفال بمفاجأة من سميري (Smiry)، وزن القطعة 20 غرام، يجذب الصغار على رف الكاشير. التعبئة: 24 × 20 غ.</p>","<p><strong>ميسكيت سميري ظرف 20 غرام</strong> (<span lang=""tr"">Smiry Misket Zarf 20 g</span>): منتج أطفال بمفاجأة من سميري (Smiry)، وزن القطعة 20 غرام، يجذب الصغار على رف الكاشير. من منتجات سميري (Smiry)، متوفر عندنا بالجملة لمحلات البقالة والماركت في إسطنبول.</p><h2>تفاصيل البيع بالجملة</h2><ul><li>وحدة البيع: علبة فيها 24 قطعة</li><li>التعبئة: 24 × 20 غ</li><li>القسم: الألعاب والمفاجآت</li><li>العلامة: سميري · Smiry</li></ul><h2>لماذا يطلبه أصحاب المحلات؟</h2><ul><li>مفاجأة يحبها الأطفال.</li><li>ربح جيد للقطعة الواحدة.</li><li>تُعرض قرب الكاشير وتجذب العائلات.</li></ul><h2>التوصيل والدفع</h2><p>نوصل ميسكيت سميري ظرف 20 غرام إلى باب محلك أو نرتبه على الرف في كل مناطق إسطنبول، والدفع نقداً عند الاستلام. للطلبات خارج إسطنبول أو خارج تركيا يكون الدفع بتحويل بنكي. تظهر الأسعار بعد فتح حساب جملة وتأكيده عبر واتساب.</p><p>يبحث عنه التجار أيضاً باسم «Smiry Misket Zarf 20 g»، و«سميري ميسكيت جملة»، و«ميسكيت جملة اسطنبول».</p>",,125,ألعاب,1,سميري,smiry,ميسكيت,"Smiry Misket Zarf 20 g",mixed,"24 × 20 غ",24,علبة
simple,BK-310D31,"نوفا مصاص بطيخ 32 غرام",1,0,visible,"<p>حلوى أطفال من نوفا (Nova) بنكهة البطيخ، وزن القطعة 32 غرام، مناسبة لرف الكاشير والأكشاك. التعبئة: 24 × 32 غ.</p>","<p><strong>نوفا مصاص بطيخ 32 غرام</strong> (<span lang=""tr"">Nova Lolipop Karpuz 32 g</span>): حلوى أطفال من نوفا (Nova) بنكهة البطيخ، وزن القطعة 32 غرام، مناسبة لرف الكاشير والأكشاك. من منتجات نوفا (Nova)، متوفر عندنا بالجملة لمحلات البقالة والماركت في إسطنبول.</p><h2>تفاصيل البيع بالجملة</h2><ul><li>وحدة البيع: علبة فيها 24 قطعة</li><li>التعبئة: 24 × 32 غ</li><li>القسم: السكاكر والجيلي</li><li>العلامة: نوفا · Nova</li></ul><h2>لماذا يطلبه أصحاب المحلات؟</h2><ul><li>يشتريها الأطفال بالقطعة كل يوم.</li><li>سعر صغير ودوران سريع.</li><li>تجذب الصغار إلى رف الكاشير.</li></ul><h2>التوصيل والدفع</h2><p>نوصل نوفا مصاص بطيخ 32 غرام إلى باب محلك أو نرتبه على الرف في كل مناطق إسطنبول، والدفع نقداً عند الاستلام. للطلبات خارج إسطنبول أو خارج تركيا يكون الدفع بتحويل بنكي. تظهر الأسعار بعد فتح حساب جملة وتأكيده عبر واتساب.</p><p>يبحث عنه التجار أيضاً باسم «Nova Lolipop Karpuz 32 g»، و«نوفا مصاص نوفا جملة»، و«مصاص نوفا جملة اسطنبول».</p>",,335,سكاكر,1,نوفا,nova,"مصاص نوفا","Nova Lolipop Karpuz 32 g",watermelon,"24 × 32 غ",24,علبة
simple,BK-8F3749,"نوفا مصاص سمكة 32 غرام",1,0,visible,"<p>حلوى أطفال من نوفا (Nova) بنكهة الفواكه، وزن القطعة 32 غرام، مناسبة لرف الكاشير والأكشاك. التعبئة: 24 × 32 غ.</p>","<p><strong>نوفا مصاص سمكة 32 غرام</strong> (<span lang=""tr"">Nova Lolipop Balık 32 g</span>): حلوى أطفال من نوفا (Nova) بنكهة الفواكه، وزن القطعة 32 غرام، مناسبة لرف الكاشير والأكشاك. من منتجات نوفا (Nova)، متوفر عندنا بالجملة لمحلات البقالة والماركت في إسطنبول.</p><h2>تفاصيل البيع بالجملة</h2><ul><li>وحدة البيع: علبة فيها 24 قطعة</li><li>التعبئة: 24 × 32 غ</li><li>القسم: السكاكر والجيلي</li><li>العلامة: نوفا · Nova</li></ul><h2>لماذا يطلبه أصحاب المحلات؟</h2><ul><li>يشتريها الأطفال بالقطعة كل يوم.</li><li>سعر صغير ودوران سريع.</li><li>تجذب الصغار إلى رف الكاشير.</li></ul><h2>التوصيل والدفع</h2><p>نوصل نوفا مصاص سمكة 32 غرام إلى باب محلك أو نرتبه على الرف في كل مناطق إسطنبول، والدفع نقداً عند الاستلام. للطلبات خارج إسطنبول أو خارج تركيا يكون الدفع بتحويل بنكي. تظهر الأسعار بعد فتح حساب جملة وتأكيده عبر واتساب.</p><p>يبحث عنه التجار أيضاً باسم «Nova Lolipop Balık 32 g»، و«نوفا مصاص نوفا جملة»، و«مصاص نوفا جملة اسطنبول».</p>",,335,سكاكر,1,نوفا,nova,"مصاص نوفا","Nova Lolipop Balık 32 g",fruit,"24 × 32 غ",24,علبة
simple,BK-AD3F90,"نوفا مصاص فريز 32 غرام",1,0,visible,"<p>حلوى أطفال من نوفا (Nova) بنكهة الفراولة، وزن القطعة 32 غرام، مناسبة لرف الكاشير والأكشاك. التعبئة: 24 × 32 غ.</p>","<p><strong>نوفا مصاص فريز 32 غرام</strong> (<span lang=""tr"">Nova Lolipop Çilek 32 g</span>): حلوى أطفال من نوفا (Nova) بنكهة الفراولة، وزن القطعة 32 غرام، مناسبة لرف الكاشير والأكشاك. من منتجات نوفا (Nova)، متوفر عندنا بالجملة لمحلات البقالة والماركت في إسطنبول.</p><h2>تفاصيل البيع بالجملة</h2><ul><li>وحدة البيع: علبة فيها 24 قطعة</li><li>التعبئة: 24 × 32 غ</li><li>القسم: السكاكر والجيلي</li><li>العلامة: نوفا · Nova</li></ul><h2>لماذا يطلبه أصحاب المحلات؟</h2><ul><li>يشتريها الأطفال بالقطعة كل يوم.</li><li>سعر صغير ودوران سريع.</li><li>تجذب الصغار إلى رف الكاشير.</li></ul><h2>التوصيل والدفع</h2><p>نوصل نوفا مصاص فريز 32 غرام إلى باب محلك أو نرتبه على الرف في كل مناطق إسطنبول، والدفع نقداً عند الاستلام. للطلبات خارج إسطنبول أو خارج تركيا يكون الدفع بتحويل بنكي. تظهر الأسعار بعد فتح حساب جملة وتأكيده عبر واتساب.</p><p>يبحث عنه التجار أيضاً باسم «Nova Lolipop Çilek 32 g»، و«نوفا مصاص نوفا جملة»، و«مصاص نوفا جملة اسطنبول».</p>",,335,سكاكر,1,نوفا,nova,"مصاص نوفا","Nova Lolipop Çilek 32 g",strawberry,"24 × 32 غ",24,علبة
simple,BK-0196D2,"هازال بسكويت سادة 150 غرام",1,0,visible,"<p>بسكويت بطعمه الكلاسيكي، وزن القطعة 150 غرام، صنف ثابت الطلب على رف البسكويت. التعبئة: 24 × 150 غ.</p>","<p><strong>هازال بسكويت سادة 150 غرام</strong> (<span lang=""tr"">Hazal Sade Bisküvi 150 g</span>): بسكويت بطعمه الكلاسيكي، وزن القطعة 150 غرام، صنف ثابت الطلب على رف البسكويت. متوفر بالجملة لمحلات البقالة والماركت في إسطنبول.</p><h2>تفاصيل البيع بالجملة</h2><ul><li>وحدة البيع: علبة فيها 24 قطعة</li><li>التعبئة: 24 × 150 غ</li><li>القسم: البسكويت والكوكيز</li></ul><h2>لماذا يطلبه أصحاب المحلات؟</h2><ul><li>من أكثر الأصناف دوراناً في البقالات طوال العام.</li><li>مناسب للضيافة ووقت الشاي والمدارس.</li><li>هامش ربح جيد عند البيع بالقطعة.</li></ul><h2>التوصيل والدفع</h2><p>نوصل هازال بسكويت سادة 150 غرام إلى باب محلك أو نرتبه على الرف في كل مناطق إسطنبول، والدفع نقداً عند الاستلام. للطلبات خارج إسطنبول أو خارج تركيا يكون الدفع بتحويل بنكي. تظهر الأسعار بعد فتح حساب جملة وتأكيده عبر واتساب.</p><p>يبحث عنه التجار أيضاً باسم «Hazal Sade Bisküvi 150 g»، و«بسكويت سادة جملة اسطنبول».</p>",,335,بسكويت,1,,,"بسكويت سادة","Hazal Sade Bisküvi 150 g",plain,"24 × 150 غ",24,علبة
simple,BK-963AD8,"هريسة علبة 800 غرام",1,0,visible,"<p>هريسة، وزن 800 غرام، جاهزة للعرض على الرف. التعبئة: 800 غ.</p>","<p><strong>هريسة علبة 800 غرام</strong> (<span lang=""tr"">Harise 800 g</span>): هريسة، وزن 800 غرام، جاهزة للعرض على الرف. متوفر بالجملة لمحلات البقالة والماركت في إسطنبول.</p><h2>تفاصيل البيع بالجملة</h2><ul><li>وحدة البيع: علبة</li><li>التعبئة: 800 غ</li><li>القسم: السكاكر والجيلي</li></ul><h2>لماذا يطلبه أصحاب المحلات؟</h2><ul><li>يشتريها الأطفال بالقطعة كل يوم.</li><li>سعر صغير ودوران سريع.</li><li>تجذب الصغار إلى رف الكاشير.</li></ul><h2>التوصيل والدفع</h2><p>نوصل هريسة علبة 800 غرام إلى باب محلك أو نرتبه على الرف في كل مناطق إسطنبول، والدفع نقداً عند الاستلام. للطلبات خارج إسطنبول أو خارج تركيا يكون الدفع بتحويل بنكي. تظهر الأسعار بعد فتح حساب جملة وتأكيده عبر واتساب.</p><p>يبحث عنه التجار أيضاً باسم «Harise 800 g»، و«هريسة جملة اسطنبول».</p>",,200,سكاكر,1,,,هريسة,"Harise 800 g",plain,"800 غ",0,علبة
simple,BK-23FE09,"هريسة ممتازة 50 غرام",1,0,visible,"<p>هريسة، وزن 50 غرام، جاهزة للعرض على الرف. التعبئة: 30 × 50 غ.</p>","<p><strong>هريسة ممتازة 50 غرام</strong> (<span lang=""tr"">Harise 50 g</span>): هريسة، وزن 50 غرام، جاهزة للعرض على الرف. متوفر بالجملة لمحلات البقالة والماركت في إسطنبول.</p><h2>تفاصيل البيع بالجملة</h2><ul><li>وحدة البيع: علبة فيها 30 قطعة</li><li>التعبئة: 30 × 50 غ</li><li>القسم: السكاكر والجيلي</li></ul><h2>لماذا يطلبه أصحاب المحلات؟</h2><ul><li>يشتريها الأطفال بالقطعة كل يوم.</li><li>سعر صغير ودوران سريع.</li><li>تجذب الصغار إلى رف الكاشير.</li></ul><h2>التوصيل والدفع</h2><p>نوصل هريسة ممتازة 50 غرام إلى باب محلك أو نرتبه على الرف في كل مناطق إسطنبول، والدفع نقداً عند الاستلام. للطلبات خارج إسطنبول أو خارج تركيا يكون الدفع بتحويل بنكي. تظهر الأسعار بعد فتح حساب جملة وتأكيده عبر واتساب.</p><p>يبحث عنه التجار أيضاً باسم «Harise 50 g»، و«هريسة جملة اسطنبول».</p>",,525,سكاكر,1,,,هريسة,"Harise 50 g",plain,"30 × 50 غ",30,علبة
simple,BK-C07657,"وينر بوري 50 غرام",1,0,visible,"<p>شيبس ومقرمشات من وينر (Winner) بنكهة الملح، وزن القطعة 50 غرام، تسالي مالحة يرتفع طلبها في المساء. التعبئة: 24 × 50 غ.</p>","<p><strong>وينر بوري 50 غرام</strong> (<span lang=""tr"">Winner Pure Patates Cipsi 50 g</span>): شيبس ومقرمشات من وينر (Winner) بنكهة الملح، وزن القطعة 50 غرام، تسالي مالحة يرتفع طلبها في المساء. من منتجات وينر (Winner)، متوفر عندنا بالجملة لمحلات البقالة والماركت في إسطنبول.</p><h2>تفاصيل البيع بالجملة</h2><ul><li>وحدة البيع: طرد فيها 24 قطعة</li><li>التعبئة: 24 × 50 غ</li><li>القسم: الشيبس والمقرمشات</li><li>العلامة: وينر · Winner</li></ul><h2>لماذا يطلبه أصحاب المحلات؟</h2><ul><li>تسالي مالحة ترفع قيمة سلة الزبون.</li><li>يزداد طلبها في المساء وأيام المباريات.</li><li>تُعرض بجانب المشروبات الغازية.</li></ul><h2>التوصيل والدفع</h2><p>نوصل وينر بوري 50 غرام إلى باب محلك أو نرتبه على الرف في كل مناطق إسطنبول، والدفع نقداً عند الاستلام. للطلبات خارج إسطنبول أو خارج تركيا يكون الدفع بتحويل بنكي. تظهر الأسعار بعد فتح حساب جملة وتأكيده عبر واتساب.</p><p>يبحث عنه التجار أيضاً باسم «Winner Pure Patates Cipsi 50 g»، و«وينر وينر بوري جملة»، و«وينر بوري جملة اسطنبول».</p>",,480,شيبس,1,وينر,winner,"وينر بوري","Winner Pure Patates Cipsi 50 g",salty,"24 × 50 غ",24,طرد
simple,BK-7A9783,"وينر شرائح صغير 15 غرام",1,0,visible,"<p>مقرمشات من وينر (Winner) بطعم الملح، وزن القطعة 15 غرام، تُعرض قرب المشروبات لتشجيع الشراء المزدوج. التعبئة: 48 × 15 غ.</p>","<p><strong>وينر شرائح صغير 15 غرام</strong> (<span lang=""tr"">Winner Dilimli Patates Cipsi 15 g</span>): مقرمشات من وينر (Winner) بطعم الملح، وزن القطعة 15 غرام، تُعرض قرب المشروبات لتشجيع الشراء المزدوج. من منتجات وينر (Winner)، متوفر عندنا بالجملة لمحلات البقالة والماركت في إسطنبول.</p><h2>تفاصيل البيع بالجملة</h2><ul><li>وحدة البيع: كرتونة فيها 48 قطعة</li><li>التعبئة: 48 × 15 غ</li><li>القسم: الشيبس والمقرمشات</li><li>العلامة: وينر · Winner</li></ul><h2>لماذا يطلبه أصحاب المحلات؟</h2><ul><li>تسالي مالحة ترفع قيمة سلة الزبون.</li><li>يزداد طلبها في المساء وأيام المباريات.</li><li>تُعرض بجانب المشروبات الغازية.</li></ul><h2>التوصيل والدفع</h2><p>نوصل وينر شرائح صغير 15 غرام إلى باب محلك أو نرتبه على الرف في كل مناطق إسطنبول، والدفع نقداً عند الاستلام. للطلبات خارج إسطنبول أو خارج تركيا يكون الدفع بتحويل بنكي. تظهر الأسعار بعد فتح حساب جملة وتأكيده عبر واتساب.</p><p>يبحث عنه التجار أيضاً باسم «Winner Dilimli Patates Cipsi 15 g»، و«وينر وينر شرائح جملة»، و«وينر شرائح جملة اسطنبول».</p>",,380,شيبس,1,وينر,winner,"وينر شرائح","Winner Dilimli Patates Cipsi 15 g",salty,"48 × 15 غ",48,كرتونة
simple,BK-4B73EE,"وينر شرائح عائلي 50 غرام",1,1,visible,"<p>مقرمشات من وينر (Winner) بطعم الملح، وزن القطعة 50 غرام، تُعرض قرب المشروبات لتشجيع الشراء المزدوج. التعبئة: 24 × 50 غ.</p>","<p><strong>وينر شرائح عائلي 50 غرام</strong> (<span lang=""tr"">Winner Dilimli Patates Cipsi Aile Boy 50 g</span>): مقرمشات من وينر (Winner) بطعم الملح، وزن القطعة 50 غرام، تُعرض قرب المشروبات لتشجيع الشراء المزدوج. من منتجات وينر (Winner)، متوفر عندنا بالجملة لمحلات البقالة والماركت في إسطنبول.</p><h2>تفاصيل البيع بالجملة</h2><ul><li>وحدة البيع: طرد فيها 24 قطعة</li><li>التعبئة: 24 × 50 غ</li><li>القسم: الشيبس والمقرمشات</li><li>العلامة: وينر · Winner</li></ul><h2>لماذا يطلبه أصحاب المحلات؟</h2><ul><li>تسالي مالحة ترفع قيمة سلة الزبون.</li><li>يزداد طلبها في المساء وأيام المباريات.</li><li>تُعرض بجانب المشروبات الغازية.</li></ul><h2>التوصيل والدفع</h2><p>نوصل وينر شرائح عائلي 50 غرام إلى باب محلك أو نرتبه على الرف في كل مناطق إسطنبول، والدفع نقداً عند الاستلام. للطلبات خارج إسطنبول أو خارج تركيا يكون الدفع بتحويل بنكي. تظهر الأسعار بعد فتح حساب جملة وتأكيده عبر واتساب.</p><p>يبحث عنه التجار أيضاً باسم «Winner Dilimli Patates Cipsi Aile Boy 50 g»، و«وينر وينر شرائح جملة»، و«وينر شرائح جملة اسطنبول».</p>",,480,شيبس,1,وينر,winner,"وينر شرائح","Winner Dilimli Patates Cipsi Aile Boy 50 g",salty,"24 × 50 غ",24,طرد
simple,BK-0B8769,"وينر شرائح وسط 32 غرام",1,0,visible,"<p>مقرمشات من وينر (Winner) بطعم الملح، وزن القطعة 32 غرام، تُعرض قرب المشروبات لتشجيع الشراء المزدوج. التعبئة: 24 × 32 غ.</p>","<p><strong>وينر شرائح وسط 32 غرام</strong> (<span lang=""tr"">Winner Dilimli Patates Cipsi 32 g</span>): مقرمشات من وينر (Winner) بطعم الملح، وزن القطعة 32 غرام، تُعرض قرب المشروبات لتشجيع الشراء المزدوج. من منتجات وينر (Winner)، متوفر عندنا بالجملة لمحلات البقالة والماركت في إسطنبول.</p><h2>تفاصيل البيع بالجملة</h2><ul><li>وحدة البيع: كرتونة فيها 24 قطعة</li><li>التعبئة: 24 × 32 غ</li><li>القسم: الشيبس والمقرمشات</li><li>العلامة: وينر · Winner</li></ul><h2>لماذا يطلبه أصحاب المحلات؟</h2><ul><li>تسالي مالحة ترفع قيمة سلة الزبون.</li><li>يزداد طلبها في المساء وأيام المباريات.</li><li>تُعرض بجانب المشروبات الغازية.</li></ul><h2>التوصيل والدفع</h2><p>نوصل وينر شرائح وسط 32 غرام إلى باب محلك أو نرتبه على الرف في كل مناطق إسطنبول، والدفع نقداً عند الاستلام. للطلبات خارج إسطنبول أو خارج تركيا يكون الدفع بتحويل بنكي. تظهر الأسعار بعد فتح حساب جملة وتأكيده عبر واتساب.</p><p>يبحث عنه التجار أيضاً باسم «Winner Dilimli Patates Cipsi 32 g»، و«وينر وينر شرائح جملة»، و«وينر شرائح جملة اسطنبول».</p>",,380,شيبس,1,وينر,winner,"وينر شرائح","Winner Dilimli Patates Cipsi 32 g",salty,"24 × 32 غ",24,كرتونة
simple,BK-0284FD,"وينر نفش صغير 23 غرام",1,0,visible,"<p>مقرمشات من وينر (Winner) بطعم الذرة، وزن القطعة 23 غرام، تُعرض قرب المشروبات لتشجيع الشراء المزدوج. التعبئة: 48 × 23 غ.</p>","<p><strong>وينر نفش صغير 23 غرام</strong> (<span lang=""tr"">Winner Mısır Cipsi Puf 23 g</span>): مقرمشات من وينر (Winner) بطعم الذرة، وزن القطعة 23 غرام، تُعرض قرب المشروبات لتشجيع الشراء المزدوج. من منتجات وينر (Winner)، متوفر عندنا بالجملة لمحلات البقالة والماركت في إسطنبول.</p><h2>تفاصيل البيع بالجملة</h2><ul><li>وحدة البيع: كرتونة فيها 48 قطعة</li><li>التعبئة: 48 × 23 غ</li><li>القسم: الشيبس والمقرمشات</li><li>العلامة: وينر · Winner</li></ul><h2>لماذا يطلبه أصحاب المحلات؟</h2><ul><li>تسالي مالحة ترفع قيمة سلة الزبون.</li><li>يزداد طلبها في المساء وأيام المباريات.</li><li>تُعرض بجانب المشروبات الغازية.</li></ul><h2>التوصيل والدفع</h2><p>نوصل وينر نفش صغير 23 غرام إلى باب محلك أو نرتبه على الرف في كل مناطق إسطنبول، والدفع نقداً عند الاستلام. للطلبات خارج إسطنبول أو خارج تركيا يكون الدفع بتحويل بنكي. تظهر الأسعار بعد فتح حساب جملة وتأكيده عبر واتساب.</p><p>يبحث عنه التجار أيضاً باسم «Winner Mısır Cipsi Puf 23 g»، و«وينر وينر نفش جملة»، و«وينر نفش جملة اسطنبول».</p>",,300,شيبس,1,وينر,winner,"وينر نفش","Winner Mısır Cipsi Puf 23 g",corn,"48 × 23 غ",48,كرتونة
simple,BK-0FAE8B,"وينر نفش عائلي 80 غرام",1,0,visible,"<p>شيبس ومقرمشات من وينر (Winner) بنكهة الذرة، وزن القطعة 80 غرام، تسالي مالحة يرتفع طلبها في المساء. التعبئة: 24 × 80 غ.</p>","<p><strong>وينر نفش عائلي 80 غرام</strong> (<span lang=""tr"">Winner Mısır Cipsi Puf Aile Boy 80 g</span>): شيبس ومقرمشات من وينر (Winner) بنكهة الذرة، وزن القطعة 80 غرام، تسالي مالحة يرتفع طلبها في المساء. من منتجات وينر (Winner)، متوفر عندنا بالجملة لمحلات البقالة والماركت في إسطنبول.</p><h2>تفاصيل البيع بالجملة</h2><ul><li>وحدة البيع: طرد فيها 24 قطعة</li><li>التعبئة: 24 × 80 غ</li><li>القسم: الشيبس والمقرمشات</li><li>العلامة: وينر · Winner</li></ul><h2>لماذا يطلبه أصحاب المحلات؟</h2><ul><li>تسالي مالحة ترفع قيمة سلة الزبون.</li><li>يزداد طلبها في المساء وأيام المباريات.</li><li>تُعرض بجانب المشروبات الغازية.</li></ul><h2>التوصيل والدفع</h2><p>نوصل وينر نفش عائلي 80 غرام إلى باب محلك أو نرتبه على الرف في كل مناطق إسطنبول، والدفع نقداً عند الاستلام. للطلبات خارج إسطنبول أو خارج تركيا يكون الدفع بتحويل بنكي. تظهر الأسعار بعد فتح حساب جملة وتأكيده عبر واتساب.</p><p>يبحث عنه التجار أيضاً باسم «Winner Mısır Cipsi Puf Aile Boy 80 g»، و«وينر وينر نفش جملة»، و«وينر نفش جملة اسطنبول».</p>",,400,شيبس,1,وينر,winner,"وينر نفش","Winner Mısır Cipsi Puf Aile Boy 80 g",corn,"24 × 80 غ",24,طرد
simple,BK-4F8D59,"وينر نفش ميني 14 غرام",1,0,visible,"<p>مقرمشات من وينر (Winner) بطعم الذرة، وزن القطعة 14 غرام، تُعرض قرب المشروبات لتشجيع الشراء المزدوج. التعبئة: 80 × 14 غ.</p>","<p><strong>وينر نفش ميني 14 غرام</strong> (<span lang=""tr"">Winner Mısır Cipsi Puf Mini 14 g</span>): مقرمشات من وينر (Winner) بطعم الذرة، وزن القطعة 14 غرام، تُعرض قرب المشروبات لتشجيع الشراء المزدوج. من منتجات وينر (Winner)، متوفر عندنا بالجملة لمحلات البقالة والماركت في إسطنبول.</p><h2>تفاصيل البيع بالجملة</h2><ul><li>وحدة البيع: طرد فيها 80 قطعة</li><li>التعبئة: 80 × 14 غ</li><li>القسم: الشيبس والمقرمشات</li><li>العلامة: وينر · Winner</li></ul><h2>لماذا يطلبه أصحاب المحلات؟</h2><ul><li>تسالي مالحة ترفع قيمة سلة الزبون.</li><li>يزداد طلبها في المساء وأيام المباريات.</li><li>تُعرض بجانب المشروبات الغازية.</li></ul><h2>التوصيل والدفع</h2><p>نوصل وينر نفش ميني 14 غرام إلى باب محلك أو نرتبه على الرف في كل مناطق إسطنبول، والدفع نقداً عند الاستلام. للطلبات خارج إسطنبول أو خارج تركيا يكون الدفع بتحويل بنكي. تظهر الأسعار بعد فتح حساب جملة وتأكيده عبر واتساب.</p><p>يبحث عنه التجار أيضاً باسم «Winner Mısır Cipsi Puf Mini 14 g»، و«وينر وينر نفش جملة»، و«وينر نفش جملة اسطنبول».</p>",,300,شيبس,1,وينر,winner,"وينر نفش","Winner Mısır Cipsi Puf Mini 14 g",corn,"80 × 14 غ",80,طرد
simple,BK-FDB446,"وينر نفش وسط 50 غرام",1,0,visible,"<p>مقرمشات من وينر (Winner) بطعم الذرة، وزن القطعة 50 غرام، تُعرض قرب المشروبات لتشجيع الشراء المزدوج. التعبئة: 24 × 50 غ.</p>","<p><strong>وينر نفش وسط 50 غرام</strong> (<span lang=""tr"">Winner Mısır Cipsi Puf 50 g</span>): مقرمشات من وينر (Winner) بطعم الذرة، وزن القطعة 50 غرام، تُعرض قرب المشروبات لتشجيع الشراء المزدوج. من منتجات وينر (Winner)، متوفر عندنا بالجملة لمحلات البقالة والماركت في إسطنبول.</p><h2>تفاصيل البيع بالجملة</h2><ul><li>وحدة البيع: كرتونة فيها 24 قطعة</li><li>التعبئة: 24 × 50 غ</li><li>القسم: الشيبس والمقرمشات</li><li>العلامة: وينر · Winner</li></ul><h2>لماذا يطلبه أصحاب المحلات؟</h2><ul><li>تسالي مالحة ترفع قيمة سلة الزبون.</li><li>يزداد طلبها في المساء وأيام المباريات.</li><li>تُعرض بجانب المشروبات الغازية.</li></ul><h2>التوصيل والدفع</h2><p>نوصل وينر نفش وسط 50 غرام إلى باب محلك أو نرتبه على الرف في كل مناطق إسطنبول، والدفع نقداً عند الاستلام. للطلبات خارج إسطنبول أو خارج تركيا يكون الدفع بتحويل بنكي. تظهر الأسعار بعد فتح حساب جملة وتأكيده عبر واتساب.</p><p>يبحث عنه التجار أيضاً باسم «Winner Mısır Cipsi Puf 50 g»، و«وينر وينر نفش جملة»، و«وينر نفش جملة اسطنبول».</p>",,300,شيبس,1,وينر,winner,"وينر نفش","Winner Mısır Cipsi Puf 50 g",corn,"24 × 50 غ",24,كرتونة
